ticket_id,customer_id,ticket_created_at,ticket_channel,ticket_type,ticket_subject,ticket_description,ticket_priority,ticket_status,assigned_agent,first_response_time_minutes,resolution_time_hours,escalated,customer_satisfaction_rating,final_resolution
TICK-000001,CUST-00413,2026-02-11 00:48:00,Chat,Product Damage,Running Shoes arrived broken,The box was smashed and the item is damaged.,Critical,Open,Pat,4,,TRUE,,
TICK-000002,CUST-00544,2025-06-02 17:34:00,Chat,Payment Issue,Charged twice!,My card was declined but I see a charge.,High,Resolved,Jamie,13,14.5,TRUE,3,Voided duplicate authorization hold.
TICK-000003,CUST-00153,2025-06-18 22:44:00,Chat,Product Damage,Gaming Mouse arrived broken,The box was smashed and the item is damaged.,Critical,Resolved,Sam,14,2.1,TRUE,3,Sent overnight replacement.
TICK-000004,CUST-00082,2025-09-09 10:42:00,Phone,Account Issue,Can't log in,Password reset not sending.,Medium,Open,Jamie,3,,FALSE,,
TICK-000005,CUST-00310,2025-07-09 23:27:00,Chat,Delivery Delay,Package is late,My Running Shoes was supposed to be here 2 days ago.,High,Resolved,Jordan,10,13.8,FALSE,4,"Escalated to carrier, offered $10 credit."
TICK-000006,CUST-00977,2026-03-07 09:15:00,Chat,Account Issue,Can't log in,Password reset not sending.,Low,Resolved,Taylor,3,28.4,FALSE,5,Sent manual reset link via SMS.
TICK-000007,CUST-00540,2025-07-17 05:36:00,Email,Delivery Delay,Package is late,My Mechanical Keyboard was supposed to be here 2 days ago.,High,Pending,Casey,101,,TRUE,,
TICK-000008,CUST-00726,2026-01-22 19:19:00,Chat,Account Issue & Wrong Product,Got the wrong item,"I didn't order this, I ordered a Laptop Stand.",Medium,Resolved,Sam,6,40.5,FALSE,3,Issued return label and shipped correct item.
TICK-000009,CUST-00553,2025-12-10 04:31:00,Chat,Account Issue,Can't log in,Password reset not sending.,Low,Resolved,Alex,15,21.8,FALSE,5,Sent manual reset link via SMS.
TICK-000010,CUST-00867,2025-05-27 14:39:00,Phone,Wrong Product,Got the wrong item,"I didn't order this, I ordered a Running Shoes.",Medium,Resolved,Casey,8,47.3,FALSE,4,Issued return label and shipped correct item.
TICK-000011,CUST-00831,2026-03-19 14:42:00,Chat,Refund Request,AGAIN: Need refund for Running Shoes,I returned this last week and want my money back.,High,Escalated,Riley,15,,TRUE,,
TICK-000012,CUST-00311,2026-05-07 22:55:00,Chat,Delivery Delay,Package is late,My Electric Toothbrush was supposed to be here 2 days ago.,High,Resolved,Morgan,1,18.8,FALSE,3,"Escalated to carrier, offered $10 credit."
TICK-000013,CUST-00840,2026-01-03 15:54:00,Email,Payment Issue,Charged twice!,My card was declined but I see a charge.,Medium,Resolved,Riley,90,62.0,FALSE,1,Voided duplicate authorization hold.
TICK-000014,CUST-00574,2025-07-12 03:02:00,Chat,Delivery Delay,Package is late,My Yoga Mat was supposed to be here 2 days ago.,High,Escalated,Taylor,2,,TRUE,,
TICK-000015,CUST-00366,2025-07-02 03:17:00,Chat,Payment Issue,Charged twice!,My card was declined but I see a charge.,High,Escalated,Taylor,11,,TRUE,,
TICK-000016,CUST-00605,2025-08-08 08:34:00,Chat,Delivery Delay,Package is late,My Wireless Earbuds was supposed to be here 2 days ago.,High,Resolved,Morgan,10,2.8,FALSE,5,"Escalated to carrier, offered $10 credit."
TICK-000017,CUST-00441,2025-12-10 17:09:00,Email,General Inquiry,Help with my order,I have a few problems with my recent purchase.,Low,Resolved,Pat,151,69.1,FALSE,1,Addressed multiple queries.
TICK-000018,CUST-00882,2026-04-29 03:56:00,Social Media,Product Damage,Wireless Earbuds arrived broken,The box was smashed and the item is damaged.,Critical,Escalated,Alex,93,,TRUE,,
TICK-000019,CUST-00729,2025-07-16 11:05:00,Chat,Payment Issue,Charged twice!,My card was declined but I see a charge.,High,Resolved,Chris,9,21.9,TRUE,5,Voided duplicate authorization hold.
TICK-000020,CUST-00401,2025-07-12 16:46:00,Chat,Payment Issue & Product Damage,Charged twice!,My card was declined but I see a charge.,High,Resolved,Pat,13,23.9,TRUE,2,Voided duplicate authorization hold.
TICK-000021,CUST-00825,2025-10-02 10:53:00,Email,Delivery Delay,Package is late,My Running Shoes was supposed to be here 2 days ago.,Medium,Open,Pat,197,,FALSE,,
TICK-000022,CUST-00365,2025-12-14 15:04:00,Email,General Inquiry,Help with my order,I have a few problems with my recent purchase.,Low,Resolved,Riley,295,51.3,FALSE,3,Addressed multiple queries.
TICK-000023,CUST-00937,2025-07-17 05:13:00,Phone,Order Tracking,Where is my Gaming Mouse?,I ordered a Gaming Mouse and the tracking hasn't updated.,Low,Resolved,Jordan,11,34.4,FALSE,4,Provided updated tracking link.
TICK-000024,CUST-00789,2026-02-02 21:34:00,Email,Refund Request,Need refund for Mechanical Keyboard,I returned this last week and want my money back.,Medium,Resolved,Morgan,205,66.5,FALSE,3,Refund processed to original payment method.
TICK-000025,CUST-00603,2025-08-16 19:17:00,Chat,Order Tracking,Where is my Running Shoes?,I ordered a Running Shoes and the tracking hasn't updated.,Low,Pending,Alex,12,,FALSE,,
TICK-000026,CUST-00461,2025-08-26 02:19:00,Email,Order Tracking,Where is my Smart TV?,I ordered a Smart TV and the tracking hasn't updated.,Low,Resolved,Jordan,201,28.5,FALSE,4,Provided updated tracking link.
TICK-000027,CUST-00438,2025-06-08 04:13:00,Email,Refund Request,Need refund for Electric Toothbrush,I returned this last week and want my money back.,Medium,Resolved,Morgan,167,63.4,FALSE,3,Refund processed to original payment method.
TICK-000028,CUST-00563,2025-08-13 12:11:00,Social Media,Payment Issue,Charged twice!,My card was declined but I see a charge.,High,Open,Morgan,158,,FALSE,,
TICK-000029,CUST-00857,2025-12-31 06:28:00,Phone,Order Tracking,Where is my Laptop Stand?,I ordered a Laptop Stand and the tracking hasn't updated.,Low,Resolved,Taylor,7,7.2,FALSE,3,Provided updated tracking link.
TICK-000030,CUST-00005,2026-02-25 02:14:00,Social Media,Refund Request,Need refund for Mechanical Keyboard,I returned this last week and want my money back.,High,Open,Chris,210,,FALSE,,
TICK-000031,CUST-00834,2025-09-14 17:54:00,Chat,Delivery Delay,Package is late,My Mechanical Keyboard was supposed to be here 2 days ago.,Medium,Resolved,Morgan,2,71.6,FALSE,2,"Escalated to carrier, offered $10 credit."
TICK-000032,CUST-00866,2025-05-23 15:22:00,Chat,Delivery Delay,Package is late,My Blender was supposed to be here 2 days ago.,High,Resolved,Jamie,14,3.1,FALSE,1,"Escalated to carrier, offered $10 credit."
TICK-000033,CUST-00383,2026-04-18 20:47:00,Email,Refund Request & Product Damage,Need refund for Smart TV,I returned this last week and want my money back.,Medium,Resolved,Jamie,205,38.8,FALSE,3,Refund processed to original payment method.
TICK-000034,CUST-00168,2026-05-04 11:33:00,Phone,Product Damage,Coffee Machine arrived broken,The box was smashed and the item is damaged.,High,Resolved,Casey,15,4.3,FALSE,5,Sent overnight replacement.
TICK-000035,CUST-00373,2026-04-23 21:39:00,Email,Delivery Delay,Package is late,My Running Shoes was supposed to be here 2 days ago.,Medium,Resolved,Jamie,133,31.9,FALSE,3,"Escalated to carrier, offered $10 credit."
TICK-000036,CUST-00044,2025-08-09 05:45:00,Social Media,Order Tracking,Where is my Coffee Machine?,I ordered a Coffee Machine and the tracking hasn't updated.,Low,Pending,Jamie,259,,FALSE,,
TICK-000037,CUST-00635,2025-07-15 03:45:00,Social Media,Unknown Issue,Question,Does it work?,Low,Resolved,Sam,202,21.7,FALSE,5,Clarified user question and provided specs.
TICK-000038,CUST-00881,2025-08-31 05:46:00,Chat,Delivery Delay,Package is late,My Mechanical Keyboard was supposed to be here 2 days ago.,High,Resolved,Morgan,4,7.7,FALSE,5,"Escalated to carrier, offered $10 credit."
TICK-000039,CUST-00332,2026-05-04 19:08:00,Chat,Payment Issue & Delivery Delay,Package is late,My Mechanical Keyboard was supposed to be here 2 days ago.,Critical,Open,Pat,4,,FALSE,,
TICK-000040,CUST-00960,2025-10-08 17:07:00,Chat,Wrong Product,Got the wrong item,"I didn't order this, I ordered a Laptop Stand.",High,Open,Casey,4,,FALSE,,
TICK-000041,CUST-00306,2025-06-05 02:44:00,Chat,Account Issue,Can't log in,Password reset not sending.,Low,Open,Jamie,10,,FALSE,,
TICK-000042,CUST-00260,2025-11-07 06:09:00,Phone,Order Tracking,Where is my Mechanical Keyboard?,I ordered a Mechanical Keyboard and the tracking hasn't updated.,Medium,Open,Taylor,10,,FALSE,,
TICK-000043,CUST-00859,2026-02-02 21:04:00,Chat,Order Tracking,Where is my Smart TV?,I ordered a Smart TV and the tracking hasn't updated.,Medium,Resolved,Jamie,13,56.4,FALSE,2,Provided updated tracking link.
TICK-000044,CUST-00850,2026-01-29 10:20:00,Email,Order Tracking,Where is my Gaming Mouse?,I ordered a Gaming Mouse and the tracking hasn't updated.,Medium,Resolved,Morgan,90,36.7,FALSE,4,Provided updated tracking link.
TICK-000045,CUST-00549,2025-09-11 18:07:00,Email,Order Tracking,Where is my Gaming Mouse?,I ordered a Gaming Mouse and the tracking hasn't updated.,Medium,Resolved,Jordan,226,44.0,FALSE,3,Provided updated tracking link.
TICK-000046,CUST-00962,2025-12-18 00:30:00,Email,Product Damage,Gaming Mouse arrived broken,The box was smashed and the item is damaged.,High,Pending,Morgan,174,,TRUE,,
TICK-000047,CUST-00363,2025-12-07 06:30:00,Email,Delivery Delay,Package is late,My Electric Toothbrush was supposed to be here 2 days ago.,Medium,Resolved,Casey,121,70.0,FALSE,1,"Escalated to carrier, offered $10 credit."
TICK-000048,CUST-00591,2025-12-21 12:41:00,Phone,Delivery Delay,Package is late,My Yoga Mat was supposed to be here 2 days ago.,Medium,Resolved,Alex,11,7.6,FALSE,3,"Escalated to carrier, offered $10 credit."
TICK-000049,CUST-00598,2025-10-16 16:12:00,Chat,Delivery Delay,Package is late,My Blender was supposed to be here 2 days ago.,Critical,Escalated,Taylor,13,,TRUE,,
TICK-000050,CUST-00900,2025-07-02 05:03:00,Chat,Delivery Delay,Package is late,My Coffee Machine was supposed to be here 2 days ago.,Medium,Resolved,Alex,9,66.1,FALSE,4,"Escalated to carrier, offered $10 credit."
TICK-000051,CUST-00473,2026-02-26 02:10:00,Email,Order Tracking,Where is my Smart TV?,I ordered a Smart TV and the tracking hasn't updated.,High,Resolved,Jordan,234,22.3,FALSE,5,Provided updated tracking link.
TICK-000052,CUST-00206,2025-06-08 07:14:00,Phone,Payment Issue,Charged twice!,My card was declined but I see a charge.,Medium,Resolved,Alex,5,54.7,FALSE,1,Voided duplicate authorization hold.
TICK-000053,CUST-00817,2025-10-30 06:04:00,Social Media,Account Issue,Can't log in,Password reset not sending.,Medium,Resolved,Alex,178,12.8,FALSE,4,Sent manual reset link via SMS.
TICK-000054,CUST-00127,2025-05-17 05:11:00,Phone,Refund Request,Need refund for Blender,I returned this last week and want my money back.,High,Resolved,Alex,8,2.4,FALSE,4,Refund processed to original payment method.
TICK-000055,CUST-00673,2026-03-12 14:14:00,Phone,Delivery Delay,Package is late,My Mechanical Keyboard was supposed to be here 2 days ago.,High,Resolved,Jordan,7,6.8,TRUE,2,"Escalated to carrier, offered $10 credit."
TICK-000056,CUST-00540,2026-03-30 21:10:00,Social Media,Delivery Delay,Package is late,My Running Shoes was supposed to be here 2 days ago.,Medium,Resolved,Chris,288,39.6,FALSE,5,"Escalated to carrier, offered $10 credit."
TICK-000057,CUST-00804,2026-04-28 21:24:00,Email,General Inquiry,Help with my order,I have a few problems with my recent purchase.,Low,Pending,Taylor,110,,FALSE,,
TICK-000058,CUST-00990,2025-10-30 00:34:00,Email,Payment Issue,Charged twice!,My card was declined but I see a charge.,Medium,Resolved,Morgan,49,8.4,FALSE,3,Voided duplicate authorization hold.
TICK-000059,CUST-00732,2025-08-06 23:10:00,Chat,Wrong Product,Got the wrong item,"I didn't order this, I ordered a Mechanical Keyboard.",High,Resolved,Casey,14,5.2,TRUE,3,Issued return label and shipped correct item.
TICK-000060,CUST-00134,2025-12-28 14:01:00,Chat,Product Damage,Smart TV arrived broken,The box was smashed and the item is damaged.,Medium,Resolved,Sam,11,52.4,FALSE,5,Sent overnight replacement.
TICK-000061,CUST-00523,2025-12-10 03:39:00,Phone,Product Damage,Yoga Mat arrived broken,The box was smashed and the item is damaged.,Critical,Resolved,Morgan,1,1.8,FALSE,2,Sent overnight replacement.
TICK-000062,CUST-00811,2026-04-11 05:35:00,Chat,Wrong Product,Got the wrong item,"I didn't order this, I ordered a Wireless Earbuds.",Medium,Resolved,Jordan,2,55.2,FALSE,1,Issued return label and shipped correct item.
TICK-000063,CUST-00176,2025-06-16 09:11:00,Email,Payment Issue,Charged twice!,My card was declined but I see a charge.,Medium,Resolved,Jamie,271,36.9,FALSE,4,Voided duplicate authorization hold.
TICK-000064,CUST-00637,2026-03-01 10:15:00,Social Media,Product Damage,Wireless Earbuds arrived broken,The box was smashed and the item is damaged.,High,Resolved,Alex,140,14.0,TRUE,2,Sent overnight replacement.
TICK-000065,CUST-00429,2025-09-25 03:38:00,Chat,Delivery Delay,Package is late,My Wireless Earbuds was supposed to be here 2 days ago.,Critical,Resolved,Riley,3,3.0,TRUE,1,"Escalated to carrier, offered $10 credit."
TICK-000066,CUST-00035,2026-04-02 23:38:00,Chat,Wrong Product,Got the wrong item,"I didn't order this, I ordered a Gaming Mouse.",Medium,Resolved,Morgan,8,14.5,FALSE,1,Issued return label and shipped correct item.
TICK-000067,CUST-00304,2025-08-24 11:13:00,Chat,Payment Issue,Charged twice!,My card was declined but I see a charge.,High,Resolved,Alex,3,4.7,FALSE,3,Voided duplicate authorization hold.
TICK-000068,CUST-00190,2025-10-05 01:06:00,Email,Unknown Issue,Question,Does it work?,Low,Resolved,Morgan,34,54.7,FALSE,3,Clarified user question and provided specs.
TICK-000069,CUST-00691,2026-04-24 06:04:00,Chat,Order Tracking,Where is my Blender?,I ordered a Blender and the tracking hasn't updated.,Low,Resolved,Jordan,6,66.6,FALSE,4,Provided updated tracking link.
TICK-000070,CUST-00128,2025-07-24 16:54:00,Social Media,Unknown Issue,Question,Does it work?,Low,Resolved,Pat,288,69.4,FALSE,2,Clarified user question and provided specs.
TICK-000071,CUST-00667,2025-12-25 17:43:00,Chat,Order Tracking & Delivery Delay,Where is my Blender?,I ordered a Blender and the tracking hasn't updated.,Medium,Resolved,Casey,4,48.5,FALSE,3,Provided updated tracking link.
TICK-000072,CUST-00214,2025-06-23 09:20:00,Chat,Order Tracking & Product Damage,Where is my Laptop Stand?,I ordered a Laptop Stand and the tracking hasn't updated.,High,Resolved,Riley,8,16.9,FALSE,4,Provided updated tracking link.
TICK-000073,CUST-00605,2025-08-24 19:54:00,Social Media,Delivery Delay,Package is late,My Running Shoes was supposed to be here 2 days ago.,Medium,Open,Jordan,278,,FALSE,,
TICK-000074,CUST-00069,2025-09-04 07:56:00,Email,Product Damage,Yoga Mat arrived broken,The box was smashed and the item is damaged.,High,Pending,Chris,23,,FALSE,,
TICK-000075,CUST-00636,2025-06-04 02:14:00,Chat,Refund Request,Need refund for Coffee Machine,I returned this last week and want my money back.,Medium,Resolved,Pat,7,71.0,FALSE,1,Refund processed to original payment method.
TICK-000076,CUST-00524,2025-11-03 00:07:00,Email,Product Damage,Smart TV arrived broken,The box was smashed and the item is damaged.,High,Pending,Alex,208,,TRUE,,
TICK-000077,CUST-00772,2025-11-17 16:55:00,Email,Order Tracking,Where is my Electric Toothbrush?,I ordered a Electric Toothbrush and the tracking hasn't updated.,Low,Resolved,Casey,242,33.5,FALSE,5,Provided updated tracking link.
TICK-000078,CUST-00315,2026-01-15 16:42:00,Chat,Product Damage,Electric Toothbrush arrived broken,The box was smashed and the item is damaged.,High,Open,Jordan,2,,FALSE,,
TICK-000079,CUST-00924,2025-08-12 21:09:00,Email,Payment Issue,AGAIN: Charged twice!,My card was declined but I see a charge.,High,Escalated,Taylor,240,,TRUE,,
TICK-000080,CUST-00328,2025-05-18 05:15:00,Email,Payment Issue,Charged twice!,My card was declined but I see a charge.,High,Resolved,Morgan,69,9.9,FALSE,2,Voided duplicate authorization hold.
TICK-000081,CUST-00812,2025-07-01 13:48:00,Email,Order Tracking,Where is my Gaming Mouse?,I ordered a Gaming Mouse and the tracking hasn't updated.,Medium,Resolved,Casey,132,62.8,FALSE,3,Provided updated tracking link.
TICK-000082,CUST-00053,2026-01-20 20:14:00,Email,Product Damage,Blender arrived broken,The box was smashed and the item is damaged.,High,Resolved,Sam,132,12.2,TRUE,5,Sent overnight replacement.
TICK-000083,CUST-00021,2025-07-04 06:59:00,Email,Payment Issue,Charged twice!,My card was declined but I see a charge.,Critical,Resolved,Casey,145,1.8,FALSE,1,Voided duplicate authorization hold.
TICK-000084,CUST-00170,2025-10-28 10:41:00,Email,Refund Request,Need refund for Running Shoes,I returned this last week and want my money back.,Medium,Resolved,Chris,239,12.2,FALSE,3,Refund processed to original payment method.
TICK-000085,CUST-00398,2026-03-23 04:01:00,Phone,Order Tracking,Where is my Coffee Machine?,I ordered a Coffee Machine and the tracking hasn't updated.,Medium,Resolved,Jordan,3,22.1,FALSE,5,Provided updated tracking link.
TICK-000086,CUST-00514,2025-06-09 14:49:00,Chat,General Inquiry,Help with my order,I have a few problems with my recent purchase.,Low,Resolved,Taylor,3,66.9,FALSE,1,Addressed multiple queries.
TICK-000087,CUST-00965,2025-11-13 22:23:00,Chat,Payment Issue,Charged twice!,My card was declined but I see a charge.,High,Pending,Riley,7,,FALSE,,
TICK-000088,CUST-00161,2025-07-29 05:15:00,Chat,Wrong Product,Got the wrong item,"I didn't order this, I ordered a Gaming Mouse.",Medium,Resolved,Alex,3,25.5,FALSE,2,Issued return label and shipped correct item.
TICK-000089,CUST-00178,2025-07-08 05:19:00,Social Media,Refund Request,Need refund for Blender,I returned this last week and want my money back.,High,Resolved,Casey,191,11.5,FALSE,2,Refund processed to original payment method.
TICK-000090,CUST-00056,2025-12-02 02:49:00,Social Media,Account Issue,Can't log in,Password reset not sending.,Medium,Resolved,Alex,281,37.7,FALSE,4,Sent manual reset link via SMS.
TICK-000091,CUST-00728,2026-01-02 19:52:00,Phone,Product Damage,Yoga Mat arrived broken,The box was smashed and the item is damaged.,Critical,Resolved,Jamie,8,2.5,TRUE,1,Sent overnight replacement.
TICK-000092,CUST-00026,2026-01-25 19:58:00,Chat,Order Tracking,Where is my Mechanical Keyboard?,I ordered a Mechanical Keyboard and the tracking hasn't updated.,Low,Pending,Riley,13,,FALSE,,
TICK-000093,CUST-00304,2025-08-21 02:08:00,Email,Order Tracking,AGAIN: Where is my Running Shoes?,I ordered a Running Shoes and the tracking hasn't updated.,Critical,Resolved,Alex,46,0.9,TRUE,2,Provided updated tracking link.
TICK-000094,CUST-00554,2025-10-04 06:04:00,Chat,Delivery Delay,Package is late,My Smart TV was supposed to be here 2 days ago.,High,Resolved,Morgan,12,6.1,TRUE,2,"Escalated to carrier, offered $10 credit."
TICK-000095,CUST-00250,2026-02-15 06:02:00,Social Media,Refund Request,Need refund for Wireless Earbuds,I returned this last week and want my money back.,Medium,Resolved,Alex,69,45.6,FALSE,3,Refund processed to original payment method.
TICK-000096,CUST-00483,2026-01-13 19:17:00,Chat,Product Damage & Payment Issue,Charged twice!,My card was declined but I see a charge.,High,Resolved,Taylor,5,6.2,TRUE,5,Voided duplicate authorization hold.
TICK-000097,CUST-00842,2026-02-23 06:40:00,Phone,Order Tracking,Where is my Gaming Mouse?,I ordered a Gaming Mouse and the tracking hasn't updated.,Low,Resolved,Sam,3,49.8,FALSE,2,Provided updated tracking link.
TICK-000098,CUST-00858,2025-07-07 13:33:00,Chat,Account Issue,Can't log in,Password reset not sending.,Low,Resolved,Casey,3,21.6,FALSE,1,Sent manual reset link via SMS.
TICK-000099,CUST-00873,2026-03-26 20:45:00,Chat,Delivery Delay,Package is late,My Laptop Stand was supposed to be here 2 days ago.,Medium,Resolved,Morgan,10,52.4,FALSE,2,"Escalated to carrier, offered $10 credit."
TICK-000100,CUST-00702,2025-12-29 22:33:00,Phone,Account Issue,Can't log in,Password reset not sending.,Medium,Pending,Riley,11,,FALSE,,
TICK-000101,CUST-00288,2025-11-26 05:35:00,Phone,Account Issue,Can't log in,Password reset not sending.,Medium,Resolved,Sam,3,31.5,FALSE,3,Sent manual reset link via SMS.
TICK-000102,CUST-00047,2025-09-11 10:07:00,Email,Delivery Delay,Package is late,My Blender was supposed to be here 2 days ago.,Medium,Resolved,Morgan,160,47.0,FALSE,4,"Escalated to carrier, offered $10 credit."
TICK-000103,CUST-00193,2025-11-05 05:51:00,Phone,Refund Request & Delivery Delay,Package is late,My Electric Toothbrush was supposed to be here 2 days ago.,Medium,Resolved,Casey,1,23.2,FALSE,5,"Escalated to carrier, offered $10 credit."
TICK-000104,CUST-00724,2025-12-06 02:14:00,Chat,Order Tracking,Where is my Yoga Mat?,I ordered a Yoga Mat and the tracking hasn't updated.,Low,Resolved,Pat,10,36.4,FALSE,5,Provided updated tracking link.
TICK-000105,CUST-00149,2026-01-24 21:16:00,Phone,Product Damage,Smart TV arrived broken,The box was smashed and the item is damaged.,High,Resolved,Pat,6,9.0,FALSE,3,Sent overnight replacement.
TICK-000106,CUST-00901,2025-12-13 08:10:00,Chat,Order Tracking,Where is my Electric Toothbrush?,I ordered a Electric Toothbrush and the tracking hasn't updated.,Medium,Resolved,Pat,12,57.6,FALSE,2,Provided updated tracking link.
TICK-000107,CUST-00793,2026-04-14 03:54:00,Social Media,Wrong Product,Got the wrong item,"I didn't order this, I ordered a Gaming Mouse.",Medium,Resolved,Casey,248,49.2,FALSE,1,Issued return label and shipped correct item.
TICK-000108,CUST-00368,2026-01-04 08:09:00,Email,Refund Request,Need refund for Blender,I returned this last week and want my money back.,Medium,Resolved,Casey,114,43.4,FALSE,3,Refund processed to original payment method.
TICK-000109,CUST-00307,2025-10-10 17:13:00,Email,Order Tracking,Where is my Gaming Mouse?,I ordered a Gaming Mouse and the tracking hasn't updated.,Medium,Resolved,Morgan,69,26.1,FALSE,4,Provided updated tracking link.
TICK-000110,CUST-00675,2025-11-19 12:55:00,Email,Product Damage,Blender arrived broken,The box was smashed and the item is damaged.,Critical,Open,Sam,239,,TRUE,,
TICK-000111,CUST-00058,2026-02-11 08:34:00,Phone,Account Issue,Can't log in,Password reset not sending.,Low,Pending,Alex,2,,FALSE,,
TICK-000112,CUST-00086,2025-07-03 14:01:00,Phone,Refund Request,Need refund for Wireless Earbuds,I returned this last week and want my money back.,Low,Resolved,Casey,3,54.2,FALSE,2,Refund processed to original payment method.
TICK-000113,CUST-00935,2025-06-28 08:24:00,Chat,Payment Issue,Charged twice!,My card was declined but I see a charge.,High,Resolved,Alex,6,17.6,FALSE,3,Voided duplicate authorization hold.
TICK-000114,CUST-00608,2026-03-24 01:05:00,Chat,Product Damage,Yoga Mat arrived broken,The box was smashed and the item is damaged.,Critical,Resolved,Riley,5,0.8,TRUE,1,Sent overnight replacement.
TICK-000115,CUST-00162,2025-08-12 20:27:00,Phone,Delivery Delay,Package is late,My Laptop Stand was supposed to be here 2 days ago.,High,Resolved,Pat,1,8.8,TRUE,4,"Escalated to carrier, offered $10 credit."
TICK-000116,CUST-00026,2026-04-09 15:01:00,Phone,Wrong Product,Got the wrong item,"I didn't order this, I ordered a Running Shoes.",Medium,Resolved,Chris,13,14.5,FALSE,5,Issued return label and shipped correct item.
TICK-000117,CUST-00786,2025-07-09 07:52:00,Phone,General Inquiry,Help with my order,I have a few problems with my recent purchase.,Medium,Resolved,Sam,7,22.1,FALSE,3,Addressed multiple queries.
TICK-000118,CUST-00292,2025-06-20 13:20:00,Chat,Wrong Product,Got the wrong item,"I didn't order this, I ordered a Coffee Machine.",Medium,Resolved,Sam,11,68.4,FALSE,2,Issued return label and shipped correct item.
TICK-000119,CUST-00003,2025-09-24 19:15:00,Chat,Order Tracking,Where is my Smart TV?,I ordered a Smart TV and the tracking hasn't updated.,Low,Resolved,Morgan,12,20.1,FALSE,3,Provided updated tracking link.
TICK-000120,CUST-00955,2026-04-25 05:02:00,Social Media,Wrong Product,Got the wrong item,"I didn't order this, I ordered a Mechanical Keyboard.",Critical,Resolved,Riley,143,1.0,TRUE,1,Issued return label and shipped correct item.
TICK-000121,CUST-00654,2025-09-30 19:53:00,Chat,Account Issue,AGAIN: Can't log in,Password reset not sending.,High,Resolved,Riley,11,17.6,FALSE,4,Sent manual reset link via SMS.
TICK-000122,CUST-00911,2026-03-16 23:25:00,Email,Payment Issue,Charged twice!,My card was declined but I see a charge.,High,Resolved,Alex,300,14.8,FALSE,4,Voided duplicate authorization hold.
TICK-000123,CUST-00600,2025-07-16 05:14:00,Chat,Payment Issue,Charged twice!,My card was declined but I see a charge.,High,Open,Sam,1,,FALSE,,
TICK-000124,CUST-00464,2025-09-09 04:52:00,Email,Refund Request,Need refund for Electric Toothbrush,I returned this last week and want my money back.,High,Resolved,Jamie,256,11.6,FALSE,3,Refund processed to original payment method.
TICK-000125,CUST-00045,2025-09-23 15:05:00,Email,Order Tracking,Where is my Coffee Machine?,I ordered a Coffee Machine and the tracking hasn't updated.,Low,Resolved,Sam,180,47.2,FALSE,5,Provided updated tracking link.
TICK-000126,CUST-00712,2025-07-06 09:27:00,Chat,Payment Issue,AGAIN: Charged twice!,My card was declined but I see a charge.,High,Resolved,Morgan,3,12.3,FALSE,3,Voided duplicate authorization hold.
TICK-000127,CUST-00816,2026-02-06 00:30:00,Email,Order Tracking,Where is my Electric Toothbrush?,I ordered a Electric Toothbrush and the tracking hasn't updated.,Low,Resolved,Casey,74,43.6,FALSE,4,Provided updated tracking link.
TICK-000128,CUST-00737,2025-12-06 17:40:00,Chat,Refund Request,Need refund for Electric Toothbrush,I returned this last week and want my money back.,High,Resolved,Jamie,11,8.4,FALSE,1,Refund processed to original payment method.
TICK-000129,CUST-00572,2025-08-22 04:42:00,Email,Product Damage,Smart TV arrived broken,The box was smashed and the item is damaged.,Critical,Escalated,Pat,182,,TRUE,,
TICK-000130,CUST-00156,2025-11-08 17:18:00,Chat,Delivery Delay,Package is late,My Running Shoes was supposed to be here 2 days ago.,Medium,Resolved,Jordan,9,48.4,FALSE,1,"Escalated to carrier, offered $10 credit."
TICK-000131,CUST-00423,2025-06-04 15:35:00,Phone,Order Tracking,Where is my Gaming Mouse?,I ordered a Gaming Mouse and the tracking hasn't updated.,Medium,Resolved,Chris,10,46.4,FALSE,1,Provided updated tracking link.
TICK-000132,CUST-00946,2025-05-18 18:45:00,Email,Unknown Issue,Question,Does it work?,Low,Resolved,Pat,66,71.6,FALSE,2,Clarified user question and provided specs.
TICK-000133,CUST-00542,2025-11-30 14:41:00,Email,Order Tracking,Where is my Yoga Mat?,I ordered a Yoga Mat and the tracking hasn't updated.,Low,Open,Jordan,238,,FALSE,,
TICK-000134,CUST-00999,2025-06-19 09:37:00,Social Media,Order Tracking,Where is my Yoga Mat?,I ordered a Yoga Mat and the tracking hasn't updated.,Low,Resolved,Pat,222,56.7,FALSE,3,Provided updated tracking link.
TICK-000135,CUST-00303,2026-02-02 08:14:00,Email,Wrong Product,Got the wrong item,"I didn't order this, I ordered a Gaming Mouse.",High,Resolved,Pat,53,18.2,FALSE,5,Issued return label and shipped correct item.
TICK-000136,CUST-00444,2025-09-05 21:32:00,Chat,Order Tracking,Where is my Wireless Earbuds?,I ordered a Wireless Earbuds and the tracking hasn't updated.,Medium,Resolved,Alex,13,2.9,FALSE,4,Provided updated tracking link.
TICK-000137,CUST-00038,2025-12-16 06:15:00,Email,General Inquiry,Help with my order,I have a few problems with my recent purchase.,Low,Open,Morgan,176,,FALSE,,
TICK-000138,CUST-00180,2025-07-15 23:01:00,Chat,Product Damage,Electric Toothbrush arrived broken,The box was smashed and the item is damaged.,High,Pending,Morgan,9,,TRUE,,
TICK-000139,CUST-00249,2026-01-14 13:19:00,Phone,Account Issue,Can't log in,Password reset not sending.,Low,Resolved,Jordan,14,13.9,FALSE,5,Sent manual reset link via SMS.
TICK-000140,CUST-00376,2025-09-04 07:50:00,Phone,Delivery Delay,Package is late,My Coffee Machine was supposed to be here 2 days ago.,High,Resolved,Jamie,6,9.7,FALSE,2,"Escalated to carrier, offered $10 credit."
TICK-000141,CUST-00845,2025-12-26 14:13:00,Chat,Product Damage,Smart TV arrived broken,The box was smashed and the item is damaged.,High,Resolved,Sam,13,17.7,TRUE,5,Sent overnight replacement.
TICK-000142,CUST-00223,2025-11-23 19:13:00,Chat,Delivery Delay,Package is late,My Laptop Stand was supposed to be here 2 days ago.,Critical,Resolved,Chris,10,1.7,TRUE,3,"Escalated to carrier, offered $10 credit."
TICK-000143,CUST-00705,2025-09-14 14:53:00,Chat,Order Tracking,Where is my Mechanical Keyboard?,I ordered a Mechanical Keyboard and the tracking hasn't updated.,Low,Resolved,Pat,4,14.4,FALSE,4,Provided updated tracking link.
TICK-000144,CUST-00859,2025-07-23 09:18:00,Email,General Inquiry,Help with my order,I have a few problems with my recent purchase.,Low,Resolved,Taylor,127,23.3,FALSE,5,Addressed multiple queries.
TICK-000145,CUST-00667,2026-03-19 07:56:00,Phone,Order Tracking,Where is my Electric Toothbrush?,I ordered a Electric Toothbrush and the tracking hasn't updated.,Low,Resolved,Pat,5,39.4,FALSE,1,Provided updated tracking link.
TICK-000146,CUST-00899,2026-01-07 15:50:00,Email,Refund Request,Need refund for Electric Toothbrush,I returned this last week and want my money back.,High,Resolved,Sam,66,23.8,FALSE,4,Refund processed to original payment method.
TICK-000147,CUST-00259,2025-11-04 04:35:00,Chat,Account Issue,Can't log in,Password reset not sending.,Low,Resolved,Jordan,8,49.0,FALSE,2,Sent manual reset link via SMS.
TICK-000148,CUST-00164,2026-04-25 12:21:00,Email,Unknown Issue,Question,Does it work?,Low,Resolved,Jamie,115,52.4,FALSE,5,Clarified user question and provided specs.
TICK-000149,CUST-00620,2026-02-25 07:27:00,Email,Order Tracking,Where is my Blender?,I ordered a Blender and the tracking hasn't updated.,Low,Resolved,Alex,38,36.3,FALSE,1,Provided updated tracking link.
TICK-000150,CUST-00562,2025-12-27 00:09:00,Phone,General Inquiry,AGAIN: Help with my order,I have a few problems with my recent purchase.,Critical,Resolved,Chris,3,2.5,TRUE,2,Addressed multiple queries.
TICK-000151,CUST-00065,2026-05-17 00:47:00,Email,Delivery Delay,Package is late,My Wireless Earbuds was supposed to be here 2 days ago.,Medium,Resolved,Taylor,124,49.9,FALSE,3,"Escalated to carrier, offered $10 credit."
TICK-000152,CUST-00429,2025-09-28 10:12:00,Email,Account Issue,Can't log in,Password reset not sending.,Low,Resolved,Jamie,187,29.1,FALSE,5,Sent manual reset link via SMS.
TICK-000153,CUST-00406,2025-07-05 13:07:00,Email,Order Tracking,Where is my Laptop Stand?,I ordered a Laptop Stand and the tracking hasn't updated.,Low,Resolved,Jordan,155,18.2,FALSE,2,Provided updated tracking link.
TICK-000154,CUST-00275,2026-05-08 01:45:00,Phone,Delivery Delay,Package is late,My Gaming Mouse was supposed to be here 2 days ago.,Medium,Resolved,Sam,3,18.8,FALSE,3,"Escalated to carrier, offered $10 credit."
TICK-000155,CUST-00158,2025-06-16 14:58:00,Phone,General Inquiry,Help with my order,I have a few problems with my recent purchase.,Low,Resolved,Chris,12,50.6,FALSE,3,Addressed multiple queries.
TICK-000156,CUST-00904,2026-05-07 10:19:00,Phone,Product Damage,Running Shoes arrived broken,The box was smashed and the item is damaged.,Critical,Escalated,Pat,15,,TRUE,,
TICK-000157,CUST-00217,2026-04-14 23:24:00,Social Media,Product Damage,Electric Toothbrush arrived broken,The box was smashed and the item is damaged.,Medium,Resolved,Taylor,260,10.1,FALSE,3,Sent overnight replacement.
TICK-000158,CUST-00324,2025-08-11 08:23:00,Email,Refund Request,Need refund for Wireless Earbuds,I returned this last week and want my money back.,Critical,Resolved,Chris,182,3.2,TRUE,2,Refund processed to original payment method.
TICK-000159,CUST-00234,2025-12-23 00:45:00,Chat,Refund Request,Need refund for Wireless Earbuds,I returned this last week and want my money back.,High,Resolved,Pat,8,3.5,FALSE,4,Refund processed to original payment method.
TICK-000160,CUST-00130,2026-01-27 20:28:00,Social Media,Product Damage,Running Shoes arrived broken,The box was smashed and the item is damaged.,Medium,Resolved,Jordan,59,8.2,FALSE,3,Sent overnight replacement.
TICK-000161,CUST-00365,2025-06-23 08:58:00,Chat,Product Damage,Wireless Earbuds arrived broken,The box was smashed and the item is damaged.,High,Resolved,Pat,8,2.8,FALSE,5,Sent overnight replacement.
TICK-000162,CUST-00095,2025-08-03 18:39:00,Chat,General Inquiry,AGAIN: Help with my order,I have a few problems with my recent purchase.,High,Resolved,Morgan,4,16.2,FALSE,3,Addressed multiple queries.
TICK-000163,CUST-00658,2025-08-24 13:33:00,Social Media,Wrong Product,AGAIN: Got the wrong item,"I didn't order this, I ordered a Blender.",Critical,Escalated,Morgan,76,,TRUE,,
TICK-000164,CUST-00673,2025-10-27 22:45:00,Email,Account Issue,Can't log in,Password reset not sending.,Medium,Resolved,Sam,254,65.7,FALSE,3,Sent manual reset link via SMS.
TICK-000165,CUST-00110,2025-10-14 12:45:00,Phone,Order Tracking,Where is my Yoga Mat?,I ordered a Yoga Mat and the tracking hasn't updated.,Medium,Resolved,Jordan,12,52.5,FALSE,3,Provided updated tracking link.
TICK-000166,CUST-00283,2025-07-04 04:22:00,Chat,General Inquiry,Help with my order,I have a few problems with my recent purchase.,Medium,Resolved,Pat,9,11.3,FALSE,3,Addressed multiple queries.
TICK-000167,CUST-00757,2026-02-05 05:20:00,Email,Delivery Delay,Package is late,My Wireless Earbuds was supposed to be here 2 days ago.,Critical,Resolved,Casey,133,0.6,FALSE,2,"Escalated to carrier, offered $10 credit."
TICK-000168,CUST-00598,2026-03-11 16:26:00,Chat,Delivery Delay,Package is late,My Electric Toothbrush was supposed to be here 2 days ago.,Medium,Resolved,Morgan,10,18.1,FALSE,3,"Escalated to carrier, offered $10 credit."
TICK-000169,CUST-00185,2025-10-28 21:46:00,Email,Delivery Delay,Package is late,My Wireless Earbuds was supposed to be here 2 days ago.,Medium,Resolved,Taylor,276,31.7,FALSE,2,"Escalated to carrier, offered $10 credit."
TICK-000170,CUST-00508,2025-08-29 04:35:00,Chat,Product Damage,Running Shoes arrived broken,The box was smashed and the item is damaged.,High,Resolved,Taylor,15,15.0,FALSE,5,Sent overnight replacement.
TICK-000171,CUST-00092,2026-05-14 06:50:00,Email,Account Issue,AGAIN: Can't log in,Password reset not sending.,Critical,Open,Casey,37,,TRUE,,
TICK-000172,CUST-00300,2025-10-05 19:19:00,Phone,Refund Request,Need refund for Gaming Mouse,I returned this last week and want my money back.,Low,Pending,Morgan,9,,FALSE,,
TICK-000173,CUST-00596,2026-04-10 10:05:00,Email,Account Issue,Can't log in,Password reset not sending.,Low,Open,Pat,238,,FALSE,,
TICK-000174,CUST-00667,2026-03-01 20:21:00,Phone,Order Tracking,AGAIN: Where is my Yoga Mat?,I ordered a Yoga Mat and the tracking hasn't updated.,High,Escalated,Jordan,9,,TRUE,,
TICK-000175,CUST-00124,2026-05-15 14:40:00,Email,Product Damage,Yoga Mat arrived broken,The box was smashed and the item is damaged.,High,Resolved,Casey,24,10.4,TRUE,5,Sent overnight replacement.
TICK-000176,CUST-00843,2025-08-23 11:19:00,Chat,Wrong Product,Got the wrong item,"I didn't order this, I ordered a Running Shoes.",Medium,Open,Taylor,14,,FALSE,,
TICK-000177,CUST-00317,2025-10-19 10:28:00,Chat,Order Tracking,Where is my Wireless Earbuds?,I ordered a Wireless Earbuds and the tracking hasn't updated.,Medium,Resolved,Chris,5,38.7,FALSE,5,Provided updated tracking link.
TICK-000178,CUST-00307,2025-11-23 20:51:00,Email,Account Issue,Can't log in,Password reset not sending.,Low,Pending,Taylor,269,,FALSE,,
TICK-000179,CUST-00502,2026-02-12 07:41:00,Email,Delivery Delay,Package is late,My Yoga Mat was supposed to be here 2 days ago.,Critical,Pending,Jordan,49,,TRUE,,
TICK-000180,CUST-00145,2025-12-23 08:23:00,Phone,Delivery Delay,Package is late,My Coffee Machine was supposed to be here 2 days ago.,High,Resolved,Morgan,12,23.7,FALSE,5,"Escalated to carrier, offered $10 credit."
TICK-000181,CUST-00009,2025-09-09 07:37:00,Chat,Order Tracking,Where is my Coffee Machine?,I ordered a Coffee Machine and the tracking hasn't updated.,Low,Pending,Pat,4,,FALSE,,
TICK-000182,CUST-00063,2025-06-01 01:15:00,Phone,Payment Issue,AGAIN: Charged twice!,My card was declined but I see a charge.,High,Resolved,Chris,1,7.2,TRUE,3,Voided duplicate authorization hold.
TICK-000183,CUST-00231,2026-05-12 17:23:00,Email,Account Issue,Can't log in,Password reset not sending.,Low,Open,Morgan,120,,FALSE,,
TICK-000184,CUST-00926,2025-06-07 18:38:00,Phone,Refund Request,Need refund for Wireless Earbuds,I returned this last week and want my money back.,Medium,Resolved,Sam,7,53.1,FALSE,2,Refund processed to original payment method.
TICK-000185,CUST-00383,2025-06-14 16:14:00,Phone,Product Damage,Blender arrived broken,The box was smashed and the item is damaged.,High,Open,Jamie,14,,FALSE,,
TICK-000186,CUST-00102,2025-10-18 06:55:00,Chat,Refund Request,Need refund for Yoga Mat,I returned this last week and want my money back.,Medium,Pending,Casey,7,,FALSE,,
TICK-000187,CUST-00382,2025-12-08 23:09:00,Chat,Account Issue,Can't log in,Password reset not sending.,Medium,Resolved,Pat,8,61.7,FALSE,2,Sent manual reset link via SMS.
TICK-000188,CUST-00685,2025-11-18 15:05:00,Phone,General Inquiry,Help with my order,I have a few problems with my recent purchase.,Low,Resolved,Pat,7,50.0,FALSE,5,Addressed multiple queries.
TICK-000189,CUST-00627,2025-10-31 06:29:00,Chat,Delivery Delay,Package is late,My Gaming Mouse was supposed to be here 2 days ago.,Medium,Resolved,Chris,12,48.7,FALSE,1,"Escalated to carrier, offered $10 credit."
TICK-000190,CUST-00027,2025-12-09 16:28:00,Chat,Refund Request,Need refund for Wireless Earbuds,I returned this last week and want my money back.,Medium,Pending,Casey,9,,FALSE,,
TICK-000191,CUST-00838,2025-11-15 11:32:00,Phone,Order Tracking,Where is my Gaming Mouse?,I ordered a Gaming Mouse and the tracking hasn't updated.,Medium,Pending,Casey,12,,FALSE,,
TICK-000192,CUST-00475,2026-02-08 16:34:00,Chat,Payment Issue,Charged twice!,My card was declined but I see a charge.,Medium,Open,Riley,12,,FALSE,,
TICK-000193,CUST-00157,2025-11-17 03:42:00,Phone,Product Damage,Electric Toothbrush arrived broken,The box was smashed and the item is damaged.,High,Resolved,Chris,8,23.2,FALSE,5,Sent overnight replacement.
TICK-000194,CUST-00095,2026-03-05 20:57:00,Email,Product Damage,Yoga Mat arrived broken,The box was smashed and the item is damaged.,High,Resolved,Pat,240,12.7,TRUE,5,Sent overnight replacement.
TICK-000195,CUST-00707,2026-02-26 23:50:00,Email,Order Tracking,Where is my Gaming Mouse?,I ordered a Gaming Mouse and the tracking hasn't updated.,High,Resolved,Sam,173,5.7,FALSE,5,Provided updated tracking link.
TICK-000196,CUST-00444,2026-01-24 22:20:00,Phone,Wrong Product,Got the wrong item,"I didn't order this, I ordered a Smart TV.",Medium,Resolved,Chris,8,42.7,FALSE,3,Issued return label and shipped correct item.
TICK-000197,CUST-00455,2026-03-28 00:46:00,Email,Refund Request,Need refund for Electric Toothbrush,I returned this last week and want my money back.,High,Resolved,Jamie,168,22.5,TRUE,5,Refund processed to original payment method.
TICK-000198,CUST-00545,2026-01-14 21:35:00,Chat,Delivery Delay,Package is late,My Electric Toothbrush was supposed to be here 2 days ago.,High,Resolved,Jamie,2,20.8,FALSE,3,"Escalated to carrier, offered $10 credit."
TICK-000199,CUST-00110,2026-01-14 21:26:00,Chat,Payment Issue,Charged twice!,My card was declined but I see a charge.,Medium,Pending,Sam,14,,FALSE,,
TICK-000200,CUST-00409,2026-02-18 13:54:00,Chat,Refund Request,Need refund for Wireless Earbuds,I returned this last week and want my money back.,Medium,Resolved,Casey,14,63.8,FALSE,2,Refund processed to original payment method.
TICK-000201,CUST-00279,2026-03-13 18:15:00,Email,General Inquiry,Help with my order,I have a few problems with my recent purchase.,Low,Resolved,Pat,129,38.8,FALSE,3,Addressed multiple queries.
TICK-000202,CUST-00155,2025-10-26 10:59:00,Email,Account Issue,Can't log in,Password reset not sending.,Low,Resolved,Taylor,87,2.7,FALSE,4,Sent manual reset link via SMS.
TICK-000203,CUST-00880,2025-07-23 11:12:00,Social Media,Product Damage & Account Issue,Gaming Mouse arrived broken,The box was smashed and the item is damaged.,High,Resolved,Jamie,118,12.0,FALSE,5,Sent overnight replacement.
TICK-000204,CUST-00636,2025-05-21 10:47:00,Chat,Wrong Product,Got the wrong item,"I didn't order this, I ordered a Wireless Earbuds.",Medium,Resolved,Sam,3,45.4,FALSE,3,Issued return label and shipped correct item.
TICK-000205,CUST-00012,2025-06-21 14:19:00,Email,Order Tracking,Where is my Blender?,I ordered a Blender and the tracking hasn't updated.,Medium,Resolved,Jordan,225,23.2,FALSE,1,Provided updated tracking link.
TICK-000206,CUST-00431,2025-06-30 14:41:00,Chat,Product Damage,AGAIN: Gaming Mouse arrived broken,The box was smashed and the item is damaged.,High,Open,Alex,1,,TRUE,,
TICK-000207,CUST-00541,2026-03-20 13:41:00,Email,Delivery Delay,Package is late,My Blender was supposed to be here 2 days ago.,Medium,Open,Casey,240,,FALSE,,
TICK-000208,CUST-00193,2026-02-08 06:58:00,Social Media,Delivery Delay,Package is late,My Running Shoes was supposed to be here 2 days ago.,High,Resolved,Sam,221,15.6,TRUE,4,"Escalated to carrier, offered $10 credit."
TICK-000209,CUST-00163,2025-10-21 06:13:00,Chat,Delivery Delay,Package is late,My Mechanical Keyboard was supposed to be here 2 days ago.,High,Resolved,Jamie,6,12.5,FALSE,4,"Escalated to carrier, offered $10 credit."
TICK-000210,CUST-00526,2025-10-16 17:23:00,Phone,Account Issue,Can't log in,Password reset not sending.,Low,Resolved,Jordan,5,44.6,FALSE,4,Sent manual reset link via SMS.
TICK-000211,CUST-00027,2025-12-12 02:34:00,Chat,Payment Issue,Charged twice!,My card was declined but I see a charge.,High,Resolved,Alex,14,13.8,TRUE,2,Voided duplicate authorization hold.
TICK-000212,CUST-00742,2025-11-18 15:23:00,Chat,Refund Request,Need refund for Gaming Mouse,I returned this last week and want my money back.,High,Escalated,Riley,13,,TRUE,,
TICK-000213,CUST-00558,2026-03-07 21:51:00,Email,Wrong Product,Got the wrong item,"I didn't order this, I ordered a Running Shoes.",Medium,Resolved,Taylor,127,36.6,FALSE,4,Issued return label and shipped correct item.
TICK-000214,CUST-00747,2026-02-14 10:14:00,Chat,Product Damage,Gaming Mouse arrived broken,The box was smashed and the item is damaged.,Medium,Open,Morgan,11,,FALSE,,
TICK-000215,CUST-00838,2026-03-28 22:29:00,Social Media,Payment Issue,Charged twice!,My card was declined but I see a charge.,High,Escalated,Pat,284,,TRUE,,
TICK-000216,CUST-00545,2026-04-19 23:14:00,Phone,Account Issue,Can't log in,Password reset not sending.,Low,Resolved,Taylor,7,35.7,FALSE,5,Sent manual reset link via SMS.
TICK-000217,CUST-00514,2026-02-25 07:16:00,Email,Payment Issue,Charged twice!,My card was declined but I see a charge.,High,Resolved,Casey,294,20.7,FALSE,5,Voided duplicate authorization hold.
TICK-000218,CUST-00460,2025-12-18 16:06:00,Phone,Wrong Product,Got the wrong item,"I didn't order this, I ordered a Smart TV.",High,Escalated,Riley,9,,TRUE,,
TICK-000219,CUST-00464,2026-03-18 17:00:00,Phone,Order Tracking,Where is my Laptop Stand?,I ordered a Laptop Stand and the tracking hasn't updated.,Low,Resolved,Casey,4,69.0,FALSE,2,Provided updated tracking link.
TICK-000220,CUST-00549,2026-01-04 16:59:00,Email,Refund Request,Need refund for Electric Toothbrush,I returned this last week and want my money back.,High,Resolved,Morgan,90,17.9,FALSE,5,Refund processed to original payment method.
TICK-000221,CUST-00589,2025-05-20 05:01:00,Chat,Payment Issue,Charged twice!,My card was declined but I see a charge.,High,Resolved,Chris,11,10.3,FALSE,5,Voided duplicate authorization hold.
TICK-000222,CUST-00574,2025-12-19 21:28:00,Chat,Product Damage,Mechanical Keyboard arrived broken,The box was smashed and the item is damaged.,Medium,Resolved,Pat,12,26.6,FALSE,4,Sent overnight replacement.
TICK-000223,CUST-00066,2026-01-23 05:11:00,Social Media,Product Damage,Smart TV arrived broken,The box was smashed and the item is damaged.,Medium,Resolved,Taylor,142,15.1,FALSE,3,Sent overnight replacement.
TICK-000224,CUST-00535,2025-07-27 17:35:00,Social Media,Order Tracking,Where is my Electric Toothbrush?,I ordered a Electric Toothbrush and the tracking hasn't updated.,Low,Resolved,Pat,272,28.1,FALSE,4,Provided updated tracking link.
TICK-000225,CUST-00149,2025-10-12 08:22:00,Phone,Delivery Delay,Package is late,My Gaming Mouse was supposed to be here 2 days ago.,Medium,Resolved,Sam,6,16.3,FALSE,5,"Escalated to carrier, offered $10 credit."
TICK-000226,CUST-00366,2025-07-26 05:22:00,Chat,Refund Request,Need refund for Gaming Mouse,I returned this last week and want my money back.,Critical,Resolved,Chris,14,2.0,TRUE,2,Refund processed to original payment method.
TICK-000227,CUST-00293,2026-02-11 13:22:00,Email,Order Tracking,AGAIN: Where is my Blender?,I ordered a Blender and the tracking hasn't updated.,High,Escalated,Morgan,106,,TRUE,,
TICK-000228,CUST-00065,2025-06-02 15:43:00,Phone,General Inquiry,Help with my order,I have a few problems with my recent purchase.,Low,Resolved,Pat,9,35.5,FALSE,4,Addressed multiple queries.
TICK-000229,CUST-00808,2025-08-24 12:43:00,Chat,Delivery Delay,Package is late,My Electric Toothbrush was supposed to be here 2 days ago.,High,Resolved,Casey,15,14.4,FALSE,5,"Escalated to carrier, offered $10 credit."
TICK-000230,CUST-00177,2025-12-28 00:21:00,Chat,Order Tracking,AGAIN: Where is my Yoga Mat?,I ordered a Yoga Mat and the tracking hasn't updated.,Critical,Open,Jamie,13,,TRUE,,
TICK-000231,CUST-00446,2026-01-02 12:43:00,Email,Payment Issue,Charged twice!,My card was declined but I see a charge.,High,Resolved,Jordan,285,4.2,FALSE,5,Voided duplicate authorization hold.
TICK-000232,CUST-00768,2026-02-21 15:16:00,Chat,Order Tracking,Where is my Yoga Mat?,I ordered a Yoga Mat and the tracking hasn't updated.,Low,Pending,Riley,2,,FALSE,,
TICK-000233,CUST-00139,2025-11-30 12:13:00,Phone,Product Damage,Yoga Mat arrived broken,The box was smashed and the item is damaged.,High,Escalated,Alex,12,,TRUE,,
TICK-000234,CUST-00169,2025-11-29 15:26:00,Chat,Refund Request,Need refund for Coffee Machine,I returned this last week and want my money back.,Low,Resolved,Sam,11,16.5,FALSE,4,Refund processed to original payment method.
TICK-000235,CUST-00905,2026-02-17 21:07:00,Email,Refund Request,Need refund for Gaming Mouse,I returned this last week and want my money back.,Medium,Resolved,Casey,77,14.4,FALSE,4,Refund processed to original payment method.
TICK-000236,CUST-00575,2025-06-29 11:23:00,Email,Order Tracking & Wrong Product,Where is my Coffee Machine?,I ordered a Coffee Machine and the tracking hasn't updated.,High,Resolved,Casey,272,21.4,FALSE,2,Provided updated tracking link.
TICK-000237,CUST-00174,2026-05-04 07:40:00,Email,Refund Request,Need refund for Coffee Machine,I returned this last week and want my money back.,Medium,Open,Riley,178,,FALSE,,
TICK-000238,CUST-00686,2025-10-08 12:05:00,Chat,Refund Request,Need refund for Gaming Mouse,I returned this last week and want my money back.,Low,Resolved,Taylor,12,14.0,FALSE,4,Refund processed to original payment method.
TICK-000239,CUST-00434,2025-10-27 02:53:00,Email,Delivery Delay,Package is late,My Wireless Earbuds was supposed to be here 2 days ago.,High,Resolved,Sam,37,14.0,FALSE,3,"Escalated to carrier, offered $10 credit."
TICK-000240,CUST-00057,2025-06-14 04:23:00,Email,Order Tracking,Where is my Electric Toothbrush?,I ordered a Electric Toothbrush and the tracking hasn't updated.,Low,Resolved,Alex,35,10.7,FALSE,3,Provided updated tracking link.
TICK-000241,CUST-00861,2025-07-02 23:32:00,Email,Refund Request,Need refund for Yoga Mat,I returned this last week and want my money back.,Medium,Resolved,Casey,118,14.7,FALSE,2,Refund processed to original payment method.
TICK-000242,CUST-00674,2026-01-31 19:54:00,Social Media,Refund Request,Need refund for Blender,I returned this last week and want my money back.,Medium,Resolved,Casey,169,4.5,FALSE,5,Refund processed to original payment method.
TICK-000243,CUST-00062,2025-10-24 03:17:00,Chat,Delivery Delay,Package is late,My Blender was supposed to be here 2 days ago.,Medium,Resolved,Casey,1,12.5,FALSE,2,"Escalated to carrier, offered $10 credit."
TICK-000244,CUST-00134,2025-06-07 07:24:00,Chat,Order Tracking,AGAIN: Where is my Laptop Stand?,I ordered a Laptop Stand and the tracking hasn't updated.,Critical,Resolved,Alex,2,2.3,TRUE,3,Provided updated tracking link.
TICK-000245,CUST-00682,2025-09-22 07:57:00,Phone,Unknown Issue,Question,Does it work?,Low,Resolved,Pat,2,35.8,FALSE,2,Clarified user question and provided specs.
TICK-000246,CUST-00752,2025-08-27 17:16:00,Email,Delivery Delay,Package is late,My Laptop Stand was supposed to be here 2 days ago.,Low,Resolved,Sam,296,70.4,FALSE,1,"Escalated to carrier, offered $10 credit."
TICK-000247,CUST-00243,2025-09-22 00:08:00,Chat,Delivery Delay,Package is late,My Electric Toothbrush was supposed to be here 2 days ago.,High,Resolved,Pat,7,3.2,TRUE,1,"Escalated to carrier, offered $10 credit."
TICK-000248,CUST-00507,2025-09-28 11:00:00,Chat,Wrong Product,Got the wrong item,"I didn't order this, I ordered a Running Shoes.",Medium,Resolved,Casey,1,28.2,FALSE,2,Issued return label and shipped correct item.
TICK-000249,CUST-00918,2026-05-14 21:42:00,Email,Payment Issue,Charged twice!,My card was declined but I see a charge.,High,Resolved,Taylor,206,7.4,FALSE,2,Voided duplicate authorization hold.
TICK-000250,CUST-00010,2025-07-04 05:56:00,Chat,General Inquiry,Help with my order,I have a few problems with my recent purchase.,Medium,Resolved,Alex,13,48.3,FALSE,3,Addressed multiple queries.
TICK-000251,CUST-00965,2026-04-01 06:37:00,Phone,Order Tracking,Where is my Yoga Mat?,I ordered a Yoga Mat and the tracking hasn't updated.,Low,Resolved,Sam,15,11.7,FALSE,5,Provided updated tracking link.
TICK-000252,CUST-00288,2026-01-05 13:43:00,Email,Account Issue,Can't log in,Password reset not sending.,Low,Resolved,Sam,273,25.7,FALSE,2,Sent manual reset link via SMS.
TICK-000253,CUST-00250,2026-02-27 07:24:00,Social Media,Delivery Delay,Package is late,My Wireless Earbuds was supposed to be here 2 days ago.,High,Open,Chris,293,,FALSE,,
TICK-000254,CUST-00295,2025-10-12 09:26:00,Chat,Account Issue,Can't log in,Password reset not sending.,Low,Resolved,Pat,5,15.8,FALSE,2,Sent manual reset link via SMS.
TICK-000255,CUST-00347,2026-04-28 21:51:00,Email,Order Tracking,Where is my Smart TV?,I ordered a Smart TV and the tracking hasn't updated.,Medium,Resolved,Casey,198,6.0,FALSE,4,Provided updated tracking link.
TICK-000256,CUST-00066,2025-05-20 13:58:00,Chat,Delivery Delay,Package is late,My Smart TV was supposed to be here 2 days ago.,High,Resolved,Casey,6,18.9,FALSE,5,"Escalated to carrier, offered $10 credit."
TICK-000257,CUST-00398,2025-08-23 09:02:00,Phone,Order Tracking,Where is my Laptop Stand?,I ordered a Laptop Stand and the tracking hasn't updated.,Low,Resolved,Chris,8,32.7,FALSE,4,Provided updated tracking link.
TICK-000258,CUST-00489,2026-03-10 20:47:00,Phone,Account Issue,Can't log in,Password reset not sending.,Low,Resolved,Morgan,9,6.8,FALSE,3,Sent manual reset link via SMS.
TICK-000259,CUST-00959,2026-02-24 13:21:00,Phone,Payment Issue,Charged twice!,My card was declined but I see a charge.,Medium,Resolved,Taylor,3,52.1,FALSE,5,Voided duplicate authorization hold.
TICK-000260,CUST-00716,2026-01-22 09:21:00,Social Media,Account Issue,Can't log in,Password reset not sending.,High,Resolved,Riley,125,15.0,FALSE,5,Sent manual reset link via SMS.
TICK-000261,CUST-00569,2026-02-05 12:20:00,Chat,Account Issue,Can't log in,Password reset not sending.,Low,Resolved,Jamie,10,53.0,FALSE,3,Sent manual reset link via SMS.
TICK-000262,CUST-00674,2026-01-30 13:16:00,Phone,General Inquiry,Help with my order,I have a few problems with my recent purchase.,Low,Resolved,Jamie,4,5.1,FALSE,2,Addressed multiple queries.
TICK-000263,CUST-00889,2026-05-10 19:44:00,Social Media,Refund Request,Need refund for Wireless Earbuds,I returned this last week and want my money back.,Medium,Resolved,Taylor,213,42.4,FALSE,2,Refund processed to original payment method.
TICK-000264,CUST-00151,2025-12-26 16:38:00,Phone,Delivery Delay,Package is late,My Laptop Stand was supposed to be here 2 days ago.,Critical,Escalated,Jordan,9,,TRUE,,
TICK-000265,CUST-00761,2025-09-04 19:17:00,Email,Refund Request,Need refund for Electric Toothbrush,I returned this last week and want my money back.,Medium,Resolved,Jordan,100,12.1,FALSE,4,Refund processed to original payment method.
TICK-000266,CUST-00827,2025-08-13 12:04:00,Chat,Order Tracking,Where is my Running Shoes?,I ordered a Running Shoes and the tracking hasn't updated.,Low,Resolved,Jordan,4,2.4,FALSE,3,Provided updated tracking link.
TICK-000267,CUST-00438,2025-12-18 17:19:00,Email,Product Damage,Laptop Stand arrived broken,The box was smashed and the item is damaged.,Critical,Resolved,Riley,132,0.9,TRUE,1,Sent overnight replacement.
TICK-000268,CUST-00324,2026-05-06 07:04:00,Email,Delivery Delay & Account Issue,Package is late,My Wireless Earbuds was supposed to be here 2 days ago.,High,Resolved,Jordan,258,5.4,FALSE,4,"Escalated to carrier, offered $10 credit."
TICK-000269,CUST-00256,2025-07-23 16:40:00,Phone,Delivery Delay,Package is late,My Smart TV was supposed to be here 2 days ago.,High,Open,Jordan,7,,TRUE,,
TICK-000270,CUST-00503,2026-01-07 00:49:00,Chat,Product Damage,Laptop Stand arrived broken,The box was smashed and the item is damaged.,High,Resolved,Taylor,9,15.0,FALSE,4,Sent overnight replacement.
TICK-000271,CUST-00255,2026-04-20 01:38:00,Email,General Inquiry,Help with my order,I have a few problems with my recent purchase.,Low,Resolved,Jordan,298,26.5,FALSE,1,Addressed multiple queries.
TICK-000272,CUST-00792,2026-04-01 15:56:00,Chat,Delivery Delay,Package is late,My Smart TV was supposed to be here 2 days ago.,High,Resolved,Casey,8,11.7,FALSE,4,"Escalated to carrier, offered $10 credit."
TICK-000273,CUST-00404,2026-05-05 19:20:00,Chat,Order Tracking,Where is my Electric Toothbrush?,I ordered a Electric Toothbrush and the tracking hasn't updated.,Medium,Open,Alex,13,,FALSE,,
TICK-000274,CUST-00261,2025-09-09 08:24:00,Chat,Payment Issue,Charged twice!,My card was declined but I see a charge.,Critical,Resolved,Sam,11,2.8,FALSE,3,Voided duplicate authorization hold.
TICK-000275,CUST-00356,2025-05-28 09:28:00,Chat,Payment Issue,Charged twice!,My card was declined but I see a charge.,High,Open,Pat,10,,FALSE,,
TICK-000276,CUST-00612,2026-03-15 13:49:00,Phone,Refund Request,Need refund for Blender,I returned this last week and want my money back.,Low,Resolved,Taylor,13,64.6,FALSE,1,Refund processed to original payment method.
TICK-000277,CUST-00766,2025-10-19 01:53:00,Chat,Delivery Delay,Package is late,My Electric Toothbrush was supposed to be here 2 days ago.,Medium,Resolved,Riley,5,35.7,FALSE,4,"Escalated to carrier, offered $10 credit."
TICK-000278,CUST-00591,2025-10-28 10:33:00,Phone,General Inquiry,Help with my order,I have a few problems with my recent purchase.,Medium,Resolved,Pat,2,22.3,FALSE,3,Addressed multiple queries.
TICK-000279,CUST-00283,2025-06-17 20:41:00,Phone,Refund Request,Need refund for Coffee Machine,I returned this last week and want my money back.,High,Resolved,Jordan,2,10.5,FALSE,4,Refund processed to original payment method.
TICK-000280,CUST-00397,2026-01-15 13:22:00,Email,Order Tracking,Where is my Running Shoes?,I ordered a Running Shoes and the tracking hasn't updated.,Low,Resolved,Taylor,17,50.9,FALSE,5,Provided updated tracking link.
TICK-000281,CUST-00943,2026-01-06 16:43:00,Social Media,Delivery Delay,Package is late,My Laptop Stand was supposed to be here 2 days ago.,High,Resolved,Riley,221,10.9,FALSE,4,"Escalated to carrier, offered $10 credit."
TICK-000282,CUST-00414,2025-07-27 20:10:00,Chat,Delivery Delay,Package is late,My Smart TV was supposed to be here 2 days ago.,Critical,Escalated,Casey,1,,TRUE,,
TICK-000283,CUST-00943,2025-06-13 01:57:00,Phone,Delivery Delay,Package is late,My Yoga Mat was supposed to be here 2 days ago.,Medium,Resolved,Taylor,12,51.3,FALSE,3,"Escalated to carrier, offered $10 credit."
TICK-000284,CUST-00947,2025-12-30 09:55:00,Email,Order Tracking,Where is my Yoga Mat?,I ordered a Yoga Mat and the tracking hasn't updated.,Low,Resolved,Alex,194,11.8,FALSE,3,Provided updated tracking link.
TICK-000285,CUST-00690,2026-03-11 07:00:00,Chat,Product Damage,Yoga Mat arrived broken,The box was smashed and the item is damaged.,High,Resolved,Jordan,12,21.6,FALSE,4,Sent overnight replacement.
TICK-000286,CUST-00022,2025-08-21 12:44:00,Chat,Account Issue,Can't log in,Password reset not sending.,Medium,Pending,Chris,11,,FALSE,,
TICK-000287,CUST-00199,2025-07-19 23:04:00,Phone,Order Tracking,Where is my Smart TV?,I ordered a Smart TV and the tracking hasn't updated.,Low,Resolved,Chris,4,44.8,FALSE,1,Provided updated tracking link.
TICK-000288,CUST-00015,2025-08-01 05:18:00,Chat,Account Issue,Can't log in,Password reset not sending.,Low,Pending,Pat,2,,FALSE,,
TICK-000289,CUST-00449,2026-02-16 19:41:00,Phone,Refund Request,Need refund for Wireless Earbuds,I returned this last week and want my money back.,Medium,Resolved,Riley,6,45.9,FALSE,3,Refund processed to original payment method.
TICK-000290,CUST-00810,2025-08-14 14:26:00,Email,Payment Issue,Charged twice!,My card was declined but I see a charge.,Critical,Resolved,Casey,169,3.7,TRUE,1,Voided duplicate authorization hold.
TICK-000291,CUST-00228,2025-09-04 04:48:00,Phone,Payment Issue,Charged twice!,My card was declined but I see a charge.,Critical,Open,Pat,1,,TRUE,,
TICK-000292,CUST-00102,2026-02-11 23:29:00,Social Media,Account Issue,Can't log in,Password reset not sending.,Low,Resolved,Morgan,51,25.9,FALSE,3,Sent manual reset link via SMS.
TICK-000293,CUST-00764,2026-04-05 22:24:00,Chat,Order Tracking,Where is my Mechanical Keyboard?,I ordered a Mechanical Keyboard and the tracking hasn't updated.,Low,Resolved,Riley,9,61.0,FALSE,5,Provided updated tracking link.
TICK-000294,CUST-00539,2026-04-22 06:15:00,Email,Delivery Delay & Account Issue,Package is late,My Yoga Mat was supposed to be here 2 days ago.,Critical,Escalated,Pat,125,,TRUE,,
TICK-000295,CUST-00509,2025-09-24 22:25:00,Chat,Unknown Issue,Question,Does it work?,Low,Open,Sam,4,,FALSE,,
TICK-000296,CUST-00401,2025-06-01 05:01:00,Phone,Delivery Delay,Package is late,My Gaming Mouse was supposed to be here 2 days ago.,Medium,Resolved,Jordan,10,10.9,FALSE,4,"Escalated to carrier, offered $10 credit."
TICK-000297,CUST-00242,2026-05-06 11:35:00,Email,Payment Issue,Charged twice!,My card was declined but I see a charge.,High,Resolved,Chris,269,4.2,FALSE,4,Voided duplicate authorization hold.
TICK-000298,CUST-00446,2025-12-24 08:10:00,Chat,Product Damage,Yoga Mat arrived broken,The box was smashed and the item is damaged.,High,Resolved,Alex,12,23.6,FALSE,4,Sent overnight replacement.
TICK-000299,CUST-00329,2026-02-14 14:58:00,Chat,Refund Request,Need refund for Wireless Earbuds,I returned this last week and want my money back.,High,Resolved,Jordan,6,17.1,FALSE,1,Refund processed to original payment method.
TICK-000300,CUST-00341,2026-02-03 06:55:00,Chat,General Inquiry,Help with my order,I have a few problems with my recent purchase.,Medium,Resolved,Jordan,6,37.8,FALSE,4,Addressed multiple queries.
TICK-000301,CUST-00109,2025-11-13 22:54:00,Social Media,Refund Request,Need refund for Electric Toothbrush,I returned this last week and want my money back.,High,Resolved,Pat,69,20.3,TRUE,1,Refund processed to original payment method.
TICK-000302,CUST-00791,2025-11-08 06:49:00,Chat,Refund Request,Need refund for Wireless Earbuds,I returned this last week and want my money back.,High,Resolved,Taylor,4,12.3,TRUE,5,Refund processed to original payment method.
TICK-000303,CUST-00089,2025-09-16 14:22:00,Email,Account Issue,Can't log in,Password reset not sending.,Low,Pending,Riley,141,,FALSE,,
TICK-000304,CUST-00982,2025-06-16 12:18:00,Chat,Refund Request,Need refund for Wireless Earbuds,I returned this last week and want my money back.,High,Resolved,Casey,3,11.1,TRUE,2,Refund processed to original payment method.
TICK-000305,CUST-00637,2025-10-21 19:58:00,Phone,Refund Request,Need refund for Smart TV,I returned this last week and want my money back.,High,Resolved,Jamie,15,20.7,TRUE,3,Refund processed to original payment method.
TICK-000306,CUST-00739,2025-11-12 19:58:00,Email,Account Issue,Can't log in,Password reset not sending.,Low,Resolved,Taylor,240,29.7,FALSE,4,Sent manual reset link via SMS.
TICK-000307,CUST-00239,2025-10-23 14:32:00,Chat,Payment Issue,Charged twice!,My card was declined but I see a charge.,High,Escalated,Taylor,5,,TRUE,,
TICK-000308,CUST-00834,2026-02-17 00:41:00,Phone,Wrong Product,Got the wrong item,"I didn't order this, I ordered a Wireless Earbuds.",High,Escalated,Riley,8,,TRUE,,
TICK-000309,CUST-00265,2025-07-04 18:45:00,Chat,Account Issue,Can't log in,Password reset not sending.,Low,Resolved,Casey,6,48.1,FALSE,2,Sent manual reset link via SMS.
TICK-000310,CUST-00874,2025-06-12 16:30:00,Chat,Account Issue,Can't log in,Password reset not sending.,High,Resolved,Morgan,10,6.7,TRUE,4,Sent manual reset link via SMS.
TICK-000311,CUST-00438,2026-02-02 16:33:00,Chat,Delivery Delay,Package is late,My Smart TV was supposed to be here 2 days ago.,Medium,Open,Sam,10,,FALSE,,
TICK-000312,CUST-00935,2025-06-22 16:56:00,Email,Order Tracking,Where is my Wireless Earbuds?,I ordered a Wireless Earbuds and the tracking hasn't updated.,Low,Resolved,Pat,20,35.6,FALSE,5,Provided updated tracking link.
TICK-000313,CUST-00110,2025-07-21 06:45:00,Social Media,Delivery Delay,Package is late,My Gaming Mouse was supposed to be here 2 days ago.,Low,Resolved,Casey,96,8.8,FALSE,1,"Escalated to carrier, offered $10 credit."
TICK-000314,CUST-00650,2025-08-06 17:02:00,Email,Refund Request,Need refund for Gaming Mouse,I returned this last week and want my money back.,High,Resolved,Sam,234,12.6,FALSE,5,Refund processed to original payment method.
TICK-000315,CUST-00664,2026-01-10 21:02:00,Chat,Delivery Delay,Package is late,My Yoga Mat was supposed to be here 2 days ago.,Medium,Resolved,Pat,11,35.4,FALSE,1,"Escalated to carrier, offered $10 credit."
TICK-000316,CUST-00273,2025-08-20 13:40:00,Chat,Product Damage,Electric Toothbrush arrived broken,The box was smashed and the item is damaged.,High,Escalated,Chris,3,,TRUE,,
TICK-000317,CUST-00325,2025-12-23 02:58:00,Chat,Payment Issue & Account Issue,Charged twice!,My card was declined but I see a charge.,Critical,Escalated,Morgan,2,,TRUE,,
TICK-000318,CUST-00666,2026-02-17 03:37:00,Email,General Inquiry,Help with my order,I have a few problems with my recent purchase.,Low,Resolved,Chris,193,49.8,FALSE,2,Addressed multiple queries.
TICK-000319,CUST-00625,2025-10-31 02:50:00,Email,General Inquiry,Help with my order,I have a few problems with my recent purchase.,Low,Resolved,Taylor,295,56.9,FALSE,1,Addressed multiple queries.
TICK-000320,CUST-00918,2025-08-10 11:58:00,Chat,Product Damage,Electric Toothbrush arrived broken,The box was smashed and the item is damaged.,High,Escalated,Taylor,5,,TRUE,,
TICK-000321,CUST-00443,2025-12-30 20:04:00,Email,Account Issue,Can't log in,Password reset not sending.,High,Resolved,Jordan,257,14.6,TRUE,4,Sent manual reset link via SMS.
TICK-000322,CUST-00344,2026-04-21 07:05:00,Phone,Wrong Product,Got the wrong item,"I didn't order this, I ordered a Running Shoes.",Medium,Resolved,Jamie,3,22.2,FALSE,1,Issued return label and shipped correct item.
TICK-000323,CUST-00465,2025-09-12 18:19:00,Chat,Delivery Delay,Package is late,My Yoga Mat was supposed to be here 2 days ago.,High,Resolved,Morgan,4,9.6,TRUE,3,"Escalated to carrier, offered $10 credit."
TICK-000324,CUST-00954,2025-07-16 04:56:00,Email,Product Damage,Smart TV arrived broken,The box was smashed and the item is damaged.,Medium,Resolved,Morgan,253,62.2,FALSE,2,Sent overnight replacement.
TICK-000325,CUST-00682,2025-05-27 16:28:00,Phone,Order Tracking,Where is my Mechanical Keyboard?,I ordered a Mechanical Keyboard and the tracking hasn't updated.,High,Resolved,Jamie,11,15.0,FALSE,5,Provided updated tracking link.
TICK-000326,CUST-00345,2025-11-23 23:56:00,Social Media,Delivery Delay,Package is late,My Mechanical Keyboard was supposed to be here 2 days ago.,Medium,Resolved,Riley,197,19.6,FALSE,4,"Escalated to carrier, offered $10 credit."
TICK-000327,CUST-00791,2025-09-17 04:38:00,Email,Order Tracking,Where is my Coffee Machine?,I ordered a Coffee Machine and the tracking hasn't updated.,Medium,Resolved,Casey,248,5.5,FALSE,4,Provided updated tracking link.
TICK-000328,CUST-00003,2026-03-22 19:47:00,Chat,Payment Issue,Charged twice!,My card was declined but I see a charge.,High,Resolved,Pat,5,20.0,FALSE,4,Voided duplicate authorization hold.
TICK-000329,CUST-00655,2025-11-27 15:19:00,Phone,Product Damage,Wireless Earbuds arrived broken,The box was smashed and the item is damaged.,High,Resolved,Alex,14,23.3,FALSE,4,Sent overnight replacement.
TICK-000330,CUST-00453,2025-08-18 09:13:00,Social Media,Wrong Product,Got the wrong item,"I didn't order this, I ordered a Yoga Mat.",Medium,Resolved,Jamie,119,45.4,FALSE,5,Issued return label and shipped correct item.
TICK-000331,CUST-00130,2025-11-26 19:21:00,Email,Payment Issue,AGAIN: Charged twice!,My card was declined but I see a charge.,Critical,Resolved,Pat,64,1.1,TRUE,2,Voided duplicate authorization hold.
TICK-000332,CUST-00198,2025-09-27 07:28:00,Email,Account Issue,Can't log in,Password reset not sending.,High,Resolved,Alex,217,10.2,FALSE,5,Sent manual reset link via SMS.
TICK-000333,CUST-00163,2025-10-29 01:37:00,Email,Account Issue,AGAIN: Can't log in,Password reset not sending.,Critical,Resolved,Pat,33,0.8,TRUE,3,Sent manual reset link via SMS.
TICK-000334,CUST-00648,2026-02-26 11:04:00,Phone,Delivery Delay,Package is late,My Running Shoes was supposed to be here 2 days ago.,Critical,Open,Morgan,11,,TRUE,,
TICK-000335,CUST-00969,2026-03-20 00:39:00,Email,Account Issue,Can't log in,Password reset not sending.,Low,Resolved,Morgan,225,21.6,FALSE,3,Sent manual reset link via SMS.
TICK-000336,CUST-00012,2026-01-14 15:30:00,Chat,Refund Request,Need refund for Mechanical Keyboard,I returned this last week and want my money back.,Medium,Resolved,Jamie,2,52.7,FALSE,3,Refund processed to original payment method.
TICK-000337,CUST-00624,2025-10-10 20:45:00,Email,Wrong Product,Got the wrong item,"I didn't order this, I ordered a Electric Toothbrush.",Low,Resolved,Riley,129,26.1,FALSE,5,Issued return label and shipped correct item.
TICK-000338,CUST-00654,2025-06-06 00:51:00,Email,General Inquiry,Help with my order,I have a few problems with my recent purchase.,Medium,Resolved,Alex,142,50.1,FALSE,2,Addressed multiple queries.
TICK-000339,CUST-00547,2025-09-17 12:45:00,Phone,Refund Request,AGAIN: Need refund for Laptop Stand,I returned this last week and want my money back.,High,Resolved,Riley,11,19.5,FALSE,2,Refund processed to original payment method.
TICK-000340,CUST-00131,2026-03-21 11:27:00,Social Media,Account Issue,Can't log in,Password reset not sending.,Low,Resolved,Morgan,287,11.8,FALSE,5,Sent manual reset link via SMS.
TICK-000341,CUST-00759,2025-07-03 22:37:00,Email,Delivery Delay,Package is late,My Running Shoes was supposed to be here 2 days ago.,Medium,Resolved,Pat,174,52.8,FALSE,1,"Escalated to carrier, offered $10 credit."
TICK-000342,CUST-00279,2025-09-30 03:10:00,Email,Delivery Delay,Package is late,My Mechanical Keyboard was supposed to be here 2 days ago.,Medium,Resolved,Alex,135,22.4,FALSE,3,"Escalated to carrier, offered $10 credit."
TICK-000343,CUST-00600,2026-04-18 00:58:00,Chat,Wrong Product,Got the wrong item,"I didn't order this, I ordered a Gaming Mouse.",High,Resolved,Casey,5,21.4,FALSE,5,Issued return label and shipped correct item.
TICK-000344,CUST-00398,2025-10-21 05:48:00,Chat,Wrong Product,Got the wrong item,"I didn't order this, I ordered a Smart TV.",High,Resolved,Morgan,11,19.3,TRUE,4,Issued return label and shipped correct item.
TICK-000345,CUST-00509,2026-02-16 05:55:00,Email,Delivery Delay,Package is late,My Running Shoes was supposed to be here 2 days ago.,High,Resolved,Jamie,36,22.5,FALSE,2,"Escalated to carrier, offered $10 credit."
TICK-000346,CUST-00279,2025-07-09 12:32:00,Email,Payment Issue,Charged twice!,My card was declined but I see a charge.,Critical,Resolved,Jamie,88,1.0,TRUE,1,Voided duplicate authorization hold.
TICK-000347,CUST-00407,2026-04-02 04:21:00,Email,Payment Issue & Product Damage,Charged twice!,My card was declined but I see a charge.,Critical,Resolved,Pat,297,2.8,FALSE,1,Voided duplicate authorization hold.
TICK-000348,CUST-00265,2025-09-11 10:15:00,Social Media,Account Issue,Can't log in,Password reset not sending.,Low,Resolved,Chris,195,25.9,FALSE,3,Sent manual reset link via SMS.
TICK-000349,CUST-00020,2025-06-09 12:33:00,Social Media,Delivery Delay,Package is late,My Mechanical Keyboard was supposed to be here 2 days ago.,Medium,Resolved,Casey,37,4.3,FALSE,4,"Escalated to carrier, offered $10 credit."
TICK-000350,CUST-00223,2026-03-31 18:36:00,Chat,Order Tracking,AGAIN: Where is my Laptop Stand?,I ordered a Laptop Stand and the tracking hasn't updated.,Critical,Resolved,Chris,2,3.2,TRUE,1,Provided updated tracking link.
TICK-000351,CUST-00913,2025-10-11 16:14:00,Social Media,Wrong Product & Product Damage,Smart TV arrived broken,The box was smashed and the item is damaged.,Critical,Resolved,Jordan,288,2.4,TRUE,3,Sent overnight replacement.
TICK-000352,CUST-00298,2026-04-24 10:20:00,Chat,Order Tracking,Where is my Gaming Mouse?,I ordered a Gaming Mouse and the tracking hasn't updated.,Low,Resolved,Casey,10,1.8,FALSE,4,Provided updated tracking link.
TICK-000353,CUST-00354,2025-09-20 20:19:00,Phone,General Inquiry,Help with my order,I have a few problems with my recent purchase.,Low,Resolved,Jordan,5,69.5,FALSE,2,Addressed multiple queries.
TICK-000354,CUST-00382,2025-08-02 04:55:00,Chat,Account Issue,Can't log in,Password reset not sending.,Low,Resolved,Pat,9,51.9,FALSE,1,Sent manual reset link via SMS.
TICK-000355,CUST-00655,2025-07-25 22:40:00,Phone,Refund Request,Need refund for Mechanical Keyboard,I returned this last week and want my money back.,Medium,Pending,Jamie,14,,FALSE,,
TICK-000356,CUST-00881,2025-11-01 17:47:00,Chat,Delivery Delay,Package is late,My Gaming Mouse was supposed to be here 2 days ago.,Medium,Resolved,Morgan,8,10.8,FALSE,4,"Escalated to carrier, offered $10 credit."
TICK-000357,CUST-00146,2025-11-07 01:48:00,Chat,Wrong Product,Got the wrong item,"I didn't order this, I ordered a Laptop Stand.",Critical,Open,Taylor,6,,TRUE,,
TICK-000358,CUST-00129,2025-06-11 17:43:00,Chat,Product Damage,Coffee Machine arrived broken,The box was smashed and the item is damaged.,High,Resolved,Taylor,10,14.9,FALSE,4,Sent overnight replacement.
TICK-000359,CUST-00990,2025-07-07 06:48:00,Chat,Refund Request,Need refund for Electric Toothbrush,I returned this last week and want my money back.,High,Resolved,Riley,2,5.7,TRUE,2,Refund processed to original payment method.
TICK-000360,CUST-00950,2026-04-18 09:09:00,Email,Account Issue,Can't log in,Password reset not sending.,Low,Resolved,Sam,269,45.6,FALSE,3,Sent manual reset link via SMS.
TICK-000361,CUST-00050,2025-06-07 05:20:00,Chat,Wrong Product,Got the wrong item,"I didn't order this, I ordered a Smart TV.",High,Resolved,Casey,11,7.6,FALSE,1,Issued return label and shipped correct item.
TICK-000362,CUST-00176,2026-02-19 12:21:00,Chat,Order Tracking,Where is my Gaming Mouse?,I ordered a Gaming Mouse and the tracking hasn't updated.,Medium,Pending,Sam,4,,FALSE,,
TICK-000363,CUST-00495,2025-11-01 16:24:00,Email,Order Tracking,Where is my Gaming Mouse?,I ordered a Gaming Mouse and the tracking hasn't updated.,Low,Resolved,Jamie,150,10.2,FALSE,2,Provided updated tracking link.
TICK-000364,CUST-00006,2026-01-30 12:04:00,Phone,Account Issue,Can't log in,Password reset not sending.,Medium,Resolved,Morgan,13,32.8,FALSE,5,Sent manual reset link via SMS.
TICK-000365,CUST-00206,2025-11-23 19:52:00,Phone,Refund Request,Need refund for Blender,I returned this last week and want my money back.,Medium,Pending,Alex,1,,FALSE,,
TICK-000366,CUST-00361,2025-07-27 09:35:00,Social Media,Refund Request,Need refund for Coffee Machine,I returned this last week and want my money back.,Critical,Resolved,Pat,180,0.8,TRUE,3,Refund processed to original payment method.
TICK-000367,CUST-00814,2025-06-11 12:21:00,Social Media,Refund Request,Need refund for Gaming Mouse,I returned this last week and want my money back.,Medium,Pending,Chris,299,,FALSE,,
TICK-000368,CUST-00395,2025-11-20 09:46:00,Chat,Refund Request,Need refund for Coffee Machine,I returned this last week and want my money back.,Critical,Escalated,Alex,3,,TRUE,,
TICK-000369,CUST-00769,2026-04-15 06:48:00,Email,Refund Request,Need refund for Blender,I returned this last week and want my money back.,Medium,Resolved,Alex,64,18.2,FALSE,4,Refund processed to original payment method.
TICK-000370,CUST-00168,2025-10-25 15:42:00,Email,Account Issue,Can't log in,Password reset not sending.,Low,Resolved,Riley,265,67.7,FALSE,5,Sent manual reset link via SMS.
TICK-000371,CUST-00466,2025-11-02 23:43:00,Social Media,Delivery Delay,Package is late,My Coffee Machine was supposed to be here 2 days ago.,Medium,Pending,Alex,75,,FALSE,,
TICK-000372,CUST-00467,2025-10-07 02:18:00,Email,Delivery Delay,Package is late,My Wireless Earbuds was supposed to be here 2 days ago.,Medium,Resolved,Morgan,62,61.6,FALSE,4,"Escalated to carrier, offered $10 credit."
TICK-000373,CUST-00368,2025-08-04 02:32:00,Phone,Payment Issue,Charged twice!,My card was declined but I see a charge.,Medium,Resolved,Chris,3,61.6,FALSE,1,Voided duplicate authorization hold.
TICK-000374,CUST-00919,2025-05-24 04:25:00,Social Media,Account Issue,Can't log in,Password reset not sending.,Medium,Resolved,Morgan,149,8.8,FALSE,5,Sent manual reset link via SMS.
TICK-000375,CUST-00945,2026-04-09 00:34:00,Chat,Payment Issue,Charged twice!,My card was declined but I see a charge.,High,Resolved,Jamie,9,9.3,FALSE,4,Voided duplicate authorization hold.
TICK-000376,CUST-00025,2026-02-14 09:05:00,Chat,Order Tracking & Delivery Delay,Where is my Coffee Machine?,I ordered a Coffee Machine and the tracking hasn't updated.,Medium,Resolved,Jordan,1,68.0,FALSE,5,Provided updated tracking link.
TICK-000377,CUST-00066,2026-01-06 09:30:00,Email,Wrong Product,Got the wrong item,"I didn't order this, I ordered a Mechanical Keyboard.",Medium,Resolved,Taylor,144,17.3,FALSE,3,Issued return label and shipped correct item.
TICK-000378,CUST-00361,2026-05-15 10:10:00,Chat,Product Damage,Gaming Mouse arrived broken,The box was smashed and the item is damaged.,Medium,Resolved,Pat,6,18.5,FALSE,4,Sent overnight replacement.
TICK-000379,CUST-00719,2026-02-01 06:36:00,Email,Wrong Product & Refund Request,Need refund for Coffee Machine,I returned this last week and want my money back.,Medium,Resolved,Morgan,283,71.9,FALSE,3,Refund processed to original payment method.
TICK-000380,CUST-00729,2025-07-07 08:26:00,Chat,Account Issue,Can't log in,Password reset not sending.,Low,Resolved,Sam,2,22.3,FALSE,5,Sent manual reset link via SMS.
TICK-000381,CUST-00577,2026-03-26 16:01:00,Email,Refund Request,Need refund for Coffee Machine,I returned this last week and want my money back.,Medium,Resolved,Sam,267,23.2,FALSE,3,Refund processed to original payment method.
TICK-000382,CUST-00294,2026-03-29 15:13:00,Email,Order Tracking,Where is my Mechanical Keyboard?,I ordered a Mechanical Keyboard and the tracking hasn't updated.,Medium,Resolved,Jordan,221,40.5,FALSE,5,Provided updated tracking link.
TICK-000383,CUST-00865,2025-06-03 20:53:00,Chat,Delivery Delay,Package is late,My Running Shoes was supposed to be here 2 days ago.,High,Resolved,Taylor,1,18.2,TRUE,3,"Escalated to carrier, offered $10 credit."
TICK-000384,CUST-00867,2025-08-06 21:58:00,Email,Order Tracking,Where is my Smart TV?,I ordered a Smart TV and the tracking hasn't updated.,Medium,Resolved,Morgan,248,31.6,FALSE,5,Provided updated tracking link.
TICK-000385,CUST-00665,2025-12-01 13:16:00,Email,Delivery Delay,AGAIN: Package is late,My Laptop Stand was supposed to be here 2 days ago.,High,Resolved,Sam,210,10.1,FALSE,2,"Escalated to carrier, offered $10 credit."
TICK-000386,CUST-00225,2026-01-01 14:20:00,Phone,Delivery Delay & Order Tracking,Where is my Gaming Mouse?,I ordered a Gaming Mouse and the tracking hasn't updated.,Low,Resolved,Morgan,2,20.4,FALSE,2,Provided updated tracking link.
TICK-000387,CUST-00708,2025-07-20 23:59:00,Phone,Delivery Delay,Package is late,My Electric Toothbrush was supposed to be here 2 days ago.,High,Pending,Jordan,4,,TRUE,,
TICK-000388,CUST-00746,2025-12-31 12:17:00,Chat,Order Tracking,AGAIN: Where is my Mechanical Keyboard?,I ordered a Mechanical Keyboard and the tracking hasn't updated.,Critical,Escalated,Riley,11,,TRUE,,
TICK-000389,CUST-00833,2025-10-31 16:47:00,Chat,Order Tracking,Where is my Gaming Mouse?,I ordered a Gaming Mouse and the tracking hasn't updated.,High,Resolved,Jamie,4,17.4,FALSE,2,Provided updated tracking link.
TICK-000390,CUST-00081,2025-06-01 10:43:00,Email,Order Tracking,Where is my Mechanical Keyboard?,I ordered a Mechanical Keyboard and the tracking hasn't updated.,Low,Resolved,Morgan,86,5.1,FALSE,3,Provided updated tracking link.
TICK-000391,CUST-00629,2026-04-04 15:03:00,Chat,Order Tracking,Where is my Smart TV?,I ordered a Smart TV and the tracking hasn't updated.,Low,Open,Taylor,2,,FALSE,,
TICK-000392,CUST-00737,2025-07-05 10:26:00,Chat,Delivery Delay,Package is late,My Yoga Mat was supposed to be here 2 days ago.,Medium,Open,Jordan,3,,FALSE,,
TICK-000393,CUST-00972,2025-09-04 20:05:00,Phone,General Inquiry,Help with my order,I have a few problems with my recent purchase.,Low,Open,Chris,3,,FALSE,,
TICK-000394,CUST-00663,2025-10-22 18:46:00,Chat,Wrong Product,Got the wrong item,"I didn't order this, I ordered a Blender.",High,Resolved,Casey,14,6.6,TRUE,5,Issued return label and shipped correct item.
TICK-000395,CUST-00804,2025-09-30 22:06:00,Phone,Payment Issue,Charged twice!,My card was declined but I see a charge.,High,Escalated,Jamie,8,,TRUE,,
TICK-000396,CUST-00918,2025-11-01 01:57:00,Chat,Payment Issue,Charged twice!,My card was declined but I see a charge.,High,Resolved,Jordan,15,18.6,FALSE,4,Voided duplicate authorization hold.
TICK-000397,CUST-00171,2026-01-18 01:29:00,Email,Delivery Delay,Package is late,My Coffee Machine was supposed to be here 2 days ago.,High,Resolved,Casey,92,12.5,TRUE,5,"Escalated to carrier, offered $10 credit."
TICK-000398,CUST-00299,2026-04-14 10:43:00,Social Media,Wrong Product,AGAIN: Got the wrong item,"I didn't order this, I ordered a Laptop Stand.",Critical,Resolved,Sam,129,0.6,FALSE,3,Issued return label and shipped correct item.
TICK-000399,CUST-00104,2026-05-14 06:03:00,Chat,Delivery Delay,Package is late,My Blender was supposed to be here 2 days ago.,High,Resolved,Alex,3,18.5,FALSE,3,"Escalated to carrier, offered $10 credit."
TICK-000400,CUST-00617,2026-03-25 11:50:00,Chat,Product Damage,Smart TV arrived broken,The box was smashed and the item is damaged.,High,Resolved,Taylor,10,22.0,FALSE,4,Sent overnight replacement.
TICK-000401,CUST-00831,2025-06-02 22:02:00,Phone,Delivery Delay,Package is late,My Mechanical Keyboard was supposed to be here 2 days ago.,High,Resolved,Jamie,2,17.4,FALSE,3,"Escalated to carrier, offered $10 credit."
TICK-000402,CUST-00707,2025-06-20 07:19:00,Chat,Order Tracking & Refund Request,Where is my Mechanical Keyboard?,I ordered a Mechanical Keyboard and the tracking hasn't updated.,Medium,Resolved,Pat,2,21.6,FALSE,4,Provided updated tracking link.
TICK-000403,CUST-00881,2026-01-09 23:25:00,Chat,Refund Request & Account Issue,Need refund for Gaming Mouse,I returned this last week and want my money back.,Medium,Pending,Morgan,11,,FALSE,,
TICK-000404,CUST-00721,2026-05-17 19:53:00,Email,Order Tracking,Where is my Blender?,I ordered a Blender and the tracking hasn't updated.,Medium,Resolved,Chris,184,1.4,FALSE,5,Provided updated tracking link.
TICK-000405,CUST-00545,2025-06-21 09:20:00,Email,Refund Request,Need refund for Mechanical Keyboard,I returned this last week and want my money back.,High,Escalated,Chris,167,,TRUE,,
TICK-000406,CUST-00976,2026-02-24 17:38:00,Email,Order Tracking,Where is my Gaming Mouse?,I ordered a Gaming Mouse and the tracking hasn't updated.,High,Pending,Taylor,281,,FALSE,,
TICK-000407,CUST-00305,2025-07-02 06:48:00,Email,Delivery Delay,Package is late,My Wireless Earbuds was supposed to be here 2 days ago.,High,Resolved,Chris,300,13.0,FALSE,5,"Escalated to carrier, offered $10 credit."
TICK-000408,CUST-00113,2025-09-12 13:09:00,Chat,Delivery Delay,AGAIN: Package is late,My Wireless Earbuds was supposed to be here 2 days ago.,Critical,Resolved,Sam,7,3.1,TRUE,4,"Escalated to carrier, offered $10 credit."
TICK-000409,CUST-00032,2026-04-13 06:46:00,Chat,Account Issue,Can't log in,Password reset not sending.,Low,Resolved,Jamie,4,44.0,FALSE,4,Sent manual reset link via SMS.
TICK-000410,CUST-00628,2026-01-07 19:38:00,Social Media,Account Issue,Can't log in,Password reset not sending.,Low,Open,Chris,230,,FALSE,,
TICK-000411,CUST-00882,2025-09-13 22:20:00,Social Media,Delivery Delay,Package is late,My Gaming Mouse was supposed to be here 2 days ago.,High,Open,Casey,209,,FALSE,,
TICK-000412,CUST-00089,2025-10-26 06:17:00,Chat,Order Tracking,AGAIN: Where is my Coffee Machine?,I ordered a Coffee Machine and the tracking hasn't updated.,High,Resolved,Morgan,6,22.0,FALSE,3,Provided updated tracking link.
TICK-000413,CUST-00222,2025-10-19 04:12:00,Phone,Delivery Delay & Wrong Product,Package is late,My Electric Toothbrush was supposed to be here 2 days ago.,High,Pending,Jamie,2,,TRUE,,
TICK-000414,CUST-00863,2026-04-17 09:27:00,Chat,Refund Request,Need refund for Running Shoes,I returned this last week and want my money back.,Medium,Resolved,Pat,8,2.6,FALSE,5,Refund processed to original payment method.
TICK-000415,CUST-00481,2026-03-06 07:35:00,Social Media,Product Damage,Gaming Mouse arrived broken,The box was smashed and the item is damaged.,High,Resolved,Jamie,117,12.8,TRUE,5,Sent overnight replacement.
TICK-000416,CUST-00077,2025-09-19 19:50:00,Chat,Product Damage,Wireless Earbuds arrived broken,The box was smashed and the item is damaged.,High,Resolved,Morgan,12,20.9,FALSE,5,Sent overnight replacement.
TICK-000417,CUST-00723,2026-04-14 21:22:00,Chat,Wrong Product,Got the wrong item,"I didn't order this, I ordered a Coffee Machine.",Medium,Resolved,Pat,11,43.4,FALSE,4,Issued return label and shipped correct item.
TICK-000418,CUST-00995,2025-12-14 09:42:00,Email,Wrong Product,Got the wrong item,"I didn't order this, I ordered a Gaming Mouse.",Medium,Resolved,Casey,28,13.0,FALSE,5,Issued return label and shipped correct item.
TICK-000419,CUST-00725,2025-07-25 07:44:00,Phone,Wrong Product,AGAIN: Got the wrong item,"I didn't order this, I ordered a Running Shoes.",High,Resolved,Taylor,10,7.6,FALSE,1,Issued return label and shipped correct item.
TICK-000420,CUST-00400,2025-06-08 20:35:00,Phone,General Inquiry,Help with my order,I have a few problems with my recent purchase.,High,Resolved,Pat,15,20.1,FALSE,4,Addressed multiple queries.
TICK-000421,CUST-00859,2025-11-10 20:56:00,Chat,Order Tracking,Where is my Gaming Mouse?,I ordered a Gaming Mouse and the tracking hasn't updated.,Low,Pending,Jordan,6,,FALSE,,
TICK-000422,CUST-00751,2025-07-12 23:25:00,Social Media,Order Tracking,Where is my Gaming Mouse?,I ordered a Gaming Mouse and the tracking hasn't updated.,Low,Resolved,Pat,112,40.0,FALSE,5,Provided updated tracking link.
TICK-000423,CUST-00950,2025-11-22 22:17:00,Chat,Order Tracking,Where is my Coffee Machine?,I ordered a Coffee Machine and the tracking hasn't updated.,Low,Resolved,Jamie,14,14.0,FALSE,3,Provided updated tracking link.
TICK-000424,CUST-00551,2026-02-25 07:22:00,Chat,Account Issue,Can't log in,Password reset not sending.,Low,Resolved,Jamie,14,64.5,FALSE,1,Sent manual reset link via SMS.
TICK-000425,CUST-00900,2025-06-16 04:17:00,Chat,Order Tracking,Where is my Smart TV?,I ordered a Smart TV and the tracking hasn't updated.,Low,Resolved,Pat,8,10.6,FALSE,5,Provided updated tracking link.
TICK-000426,CUST-00205,2026-03-15 11:30:00,Email,Order Tracking,Where is my Blender?,I ordered a Blender and the tracking hasn't updated.,High,Pending,Morgan,54,,FALSE,,
TICK-000427,CUST-00320,2025-12-13 06:00:00,Social Media,Product Damage,Yoga Mat arrived broken,The box was smashed and the item is damaged.,High,Pending,Sam,253,,TRUE,,
TICK-000428,CUST-00284,2025-09-27 07:30:00,Phone,Payment Issue,Charged twice!,My card was declined but I see a charge.,Medium,Resolved,Casey,10,69.5,FALSE,2,Voided duplicate authorization hold.
TICK-000429,CUST-00198,2025-12-12 12:02:00,Phone,Account Issue,Can't log in,Password reset not sending.,High,Resolved,Casey,12,21.5,FALSE,4,Sent manual reset link via SMS.
TICK-000430,CUST-00726,2025-06-19 14:17:00,Chat,Delivery Delay,Package is late,My Smart TV was supposed to be here 2 days ago.,Medium,Resolved,Jordan,4,11.0,FALSE,4,"Escalated to carrier, offered $10 credit."
TICK-000431,CUST-00191,2026-02-16 18:59:00,Phone,Refund Request,Need refund for Electric Toothbrush,I returned this last week and want my money back.,Medium,Resolved,Casey,1,18.0,FALSE,1,Refund processed to original payment method.
TICK-000432,CUST-00416,2025-10-11 07:09:00,Email,General Inquiry,Help with my order,I have a few problems with my recent purchase.,Medium,Resolved,Jamie,137,46.0,FALSE,4,Addressed multiple queries.
TICK-000433,CUST-00737,2025-08-13 11:32:00,Phone,Account Issue,Can't log in,Password reset not sending.,Medium,Resolved,Taylor,8,37.3,FALSE,4,Sent manual reset link via SMS.
TICK-000434,CUST-00749,2025-12-24 14:18:00,Email,Delivery Delay & Account Issue,Package is late,My Laptop Stand was supposed to be here 2 days ago.,Low,Resolved,Jamie,146,69.8,FALSE,4,"Escalated to carrier, offered $10 credit."
TICK-000435,CUST-00068,2025-07-21 19:29:00,Chat,Payment Issue,Charged twice!,My card was declined but I see a charge.,Critical,Resolved,Casey,12,2.4,FALSE,3,Voided duplicate authorization hold.
TICK-000436,CUST-00818,2025-05-27 23:41:00,Chat,Refund Request,Need refund for Gaming Mouse,I returned this last week and want my money back.,High,Escalated,Jordan,8,,TRUE,,
TICK-000437,CUST-00060,2025-12-07 10:41:00,Email,Payment Issue,Charged twice!,My card was declined but I see a charge.,Medium,Resolved,Taylor,245,19.3,FALSE,1,Voided duplicate authorization hold.
TICK-000438,CUST-00256,2025-07-08 08:53:00,Email,Payment Issue,Charged twice!,My card was declined but I see a charge.,High,Open,Pat,147,,FALSE,,
TICK-000439,CUST-00345,2025-10-09 04:31:00,Email,Product Damage,Running Shoes arrived broken,The box was smashed and the item is damaged.,Medium,Resolved,Jamie,161,15.8,FALSE,5,Sent overnight replacement.
TICK-000440,CUST-00133,2025-06-29 01:05:00,Chat,Product Damage,Smart TV arrived broken,The box was smashed and the item is damaged.,High,Resolved,Pat,1,12.2,FALSE,3,Sent overnight replacement.
TICK-000441,CUST-00891,2026-04-13 01:30:00,Social Media,Refund Request,Need refund for Smart TV,I returned this last week and want my money back.,High,Resolved,Chris,269,16.8,FALSE,1,Refund processed to original payment method.
TICK-000442,CUST-00502,2025-06-17 03:40:00,Chat,Payment Issue,Charged twice!,My card was declined but I see a charge.,High,Resolved,Pat,1,7.7,FALSE,5,Voided duplicate authorization hold.
TICK-000443,CUST-00241,2025-12-11 22:58:00,Chat,Account Issue & Wrong Product,Got the wrong item,"I didn't order this, I ordered a Mechanical Keyboard.",Low,Resolved,Pat,3,13.8,FALSE,5,Issued return label and shipped correct item.
TICK-000444,CUST-00865,2025-06-21 12:10:00,Email,Product Damage,Smart TV arrived broken,The box was smashed and the item is damaged.,Medium,Resolved,Chris,70,5.6,FALSE,4,Sent overnight replacement.
TICK-000445,CUST-00918,2025-07-22 18:41:00,Phone,Order Tracking,Where is my Running Shoes?,I ordered a Running Shoes and the tracking hasn't updated.,Low,Resolved,Chris,15,44.7,FALSE,1,Provided updated tracking link.
TICK-000446,CUST-00618,2025-12-12 07:07:00,Email,Wrong Product,Got the wrong item,"I didn't order this, I ordered a Coffee Machine.",Low,Open,Riley,32,,FALSE,,
TICK-000447,CUST-00823,2025-11-25 22:03:00,Chat,Account Issue,Can't log in,Password reset not sending.,High,Resolved,Taylor,2,17.3,FALSE,5,Sent manual reset link via SMS.
TICK-000448,CUST-00457,2025-11-01 15:49:00,Chat,Account Issue,Can't log in,Password reset not sending.,Low,Resolved,Pat,13,29.6,FALSE,2,Sent manual reset link via SMS.
TICK-000449,CUST-00187,2026-05-05 11:37:00,Social Media,Refund Request,Need refund for Laptop Stand,I returned this last week and want my money back.,High,Pending,Pat,88,,FALSE,,
TICK-000450,CUST-00146,2025-10-18 18:23:00,Email,Delivery Delay,Package is late,My Wireless Earbuds was supposed to be here 2 days ago.,Medium,Resolved,Jamie,95,7.4,FALSE,3,"Escalated to carrier, offered $10 credit."
TICK-000451,CUST-00994,2026-04-07 07:50:00,Chat,Product Damage,Running Shoes arrived broken,The box was smashed and the item is damaged.,Medium,Resolved,Jordan,3,70.2,FALSE,1,Sent overnight replacement.
TICK-000452,CUST-00545,2026-04-17 01:00:00,Chat,Refund Request,Need refund for Gaming Mouse,I returned this last week and want my money back.,Medium,Pending,Alex,14,,FALSE,,
TICK-000453,CUST-00964,2025-11-20 10:26:00,Chat,Order Tracking,Where is my Laptop Stand?,I ordered a Laptop Stand and the tracking hasn't updated.,Low,Pending,Pat,10,,FALSE,,
TICK-000454,CUST-00823,2025-12-14 19:52:00,Email,Delivery Delay,Package is late,My Coffee Machine was supposed to be here 2 days ago.,High,Resolved,Jamie,285,15.7,FALSE,3,"Escalated to carrier, offered $10 credit."
TICK-000455,CUST-00907,2026-03-13 04:59:00,Chat,Wrong Product & Order Tracking,Where is my Laptop Stand?,I ordered a Laptop Stand and the tracking hasn't updated.,High,Escalated,Casey,2,,TRUE,,
TICK-000456,CUST-00138,2026-01-09 01:55:00,Email,Order Tracking,Where is my Yoga Mat?,I ordered a Yoga Mat and the tracking hasn't updated.,Low,Resolved,Pat,145,26.9,FALSE,3,Provided updated tracking link.
TICK-000457,CUST-00415,2025-09-21 04:36:00,Email,Account Issue,Can't log in,Password reset not sending.,Low,Resolved,Riley,116,41.1,FALSE,4,Sent manual reset link via SMS.
TICK-000458,CUST-00464,2025-07-22 16:20:00,Chat,Wrong Product,Got the wrong item,"I didn't order this, I ordered a Wireless Earbuds.",Medium,Pending,Chris,5,,FALSE,,
TICK-000459,CUST-00446,2025-10-24 06:29:00,Chat,Payment Issue,Charged twice!,My card was declined but I see a charge.,Medium,Resolved,Riley,11,66.0,FALSE,1,Voided duplicate authorization hold.
TICK-000460,CUST-00955,2026-04-09 07:53:00,Phone,Payment Issue,AGAIN: Charged twice!,My card was declined but I see a charge.,High,Resolved,Riley,3,8.5,TRUE,2,Voided duplicate authorization hold.
TICK-000461,CUST-00569,2025-12-17 23:36:00,Email,Delivery Delay,Package is late,My Electric Toothbrush was supposed to be here 2 days ago.,High,Pending,Riley,179,,FALSE,,
TICK-000462,CUST-00056,2025-12-29 22:39:00,Chat,Refund Request,Need refund for Yoga Mat,I returned this last week and want my money back.,High,Resolved,Chris,11,2.0,FALSE,4,Refund processed to original payment method.
TICK-000463,CUST-00752,2026-02-10 16:52:00,Phone,Product Damage,Blender arrived broken,The box was smashed and the item is damaged.,Critical,Pending,Chris,9,,FALSE,,
TICK-000464,CUST-00617,2025-08-17 06:51:00,Chat,Delivery Delay,AGAIN: Package is late,My Yoga Mat was supposed to be here 2 days ago.,High,Resolved,Morgan,7,16.3,FALSE,3,"Escalated to carrier, offered $10 credit."
TICK-000465,CUST-00286,2025-06-01 01:57:00,Email,Order Tracking,Where is my Running Shoes?,I ordered a Running Shoes and the tracking hasn't updated.,Low,Resolved,Casey,128,64.3,FALSE,2,Provided updated tracking link.
TICK-000466,CUST-00663,2026-05-01 19:14:00,Chat,Order Tracking,Where is my Laptop Stand?,I ordered a Laptop Stand and the tracking hasn't updated.,High,Resolved,Casey,7,21.2,FALSE,5,Provided updated tracking link.
TICK-000467,CUST-00882,2025-08-01 23:58:00,Social Media,Order Tracking,Where is my Blender?,I ordered a Blender and the tracking hasn't updated.,Low,Resolved,Morgan,105,5.5,FALSE,2,Provided updated tracking link.
TICK-000468,CUST-00663,2026-02-23 14:36:00,Chat,Refund Request,Need refund for Running Shoes,I returned this last week and want my money back.,Medium,Resolved,Riley,13,56.7,FALSE,1,Refund processed to original payment method.
TICK-000469,CUST-00728,2025-08-31 12:23:00,Chat,Account Issue,Can't log in,Password reset not sending.,Low,Resolved,Jordan,9,68.7,FALSE,5,Sent manual reset link via SMS.
TICK-000470,CUST-00910,2026-01-01 09:49:00,Chat,Order Tracking,Where is my Coffee Machine?,I ordered a Coffee Machine and the tracking hasn't updated.,Medium,Resolved,Jordan,13,23.5,FALSE,5,Provided updated tracking link.
TICK-000471,CUST-00270,2025-09-01 08:21:00,Email,Wrong Product,Got the wrong item,"I didn't order this, I ordered a Smart TV.",Medium,Resolved,Pat,211,58.5,FALSE,3,Issued return label and shipped correct item.
TICK-000472,CUST-00469,2025-06-07 05:22:00,Social Media,Order Tracking,Where is my Blender?,I ordered a Blender and the tracking hasn't updated.,Low,Pending,Jamie,174,,FALSE,,
TICK-000473,CUST-00678,2026-05-02 10:05:00,Phone,Account Issue,Can't log in,Password reset not sending.,Low,Resolved,Jordan,15,65.2,FALSE,2,Sent manual reset link via SMS.
TICK-000474,CUST-00124,2025-08-10 12:56:00,Chat,Product Damage,Blender arrived broken,The box was smashed and the item is damaged.,High,Escalated,Sam,11,,TRUE,,
TICK-000475,CUST-00707,2026-01-01 09:15:00,Email,Unknown Issue,Question,Does it work?,Low,Resolved,Sam,82,60.9,FALSE,3,Clarified user question and provided specs.
TICK-000476,CUST-00858,2026-04-14 01:27:00,Email,Order Tracking,Where is my Running Shoes?,I ordered a Running Shoes and the tracking hasn't updated.,Medium,Resolved,Jamie,230,33.3,FALSE,5,Provided updated tracking link.
TICK-000477,CUST-00044,2025-09-09 14:43:00,Chat,General Inquiry,Help with my order,I have a few problems with my recent purchase.,Low,Resolved,Pat,11,19.9,FALSE,5,Addressed multiple queries.
TICK-000478,CUST-00497,2026-01-27 13:01:00,Chat,Account Issue,Can't log in,Password reset not sending.,Low,Resolved,Taylor,7,22.6,FALSE,3,Sent manual reset link via SMS.
TICK-000479,CUST-00281,2025-09-02 13:30:00,Chat,Payment Issue,Charged twice!,My card was declined but I see a charge.,High,Open,Casey,10,,FALSE,,
TICK-000480,CUST-00652,2025-11-25 21:12:00,Chat,Delivery Delay,Package is late,My Running Shoes was supposed to be here 2 days ago.,Medium,Resolved,Taylor,15,43.6,FALSE,4,"Escalated to carrier, offered $10 credit."
TICK-000481,CUST-00467,2025-06-04 06:14:00,Chat,Delivery Delay,Package is late,My Wireless Earbuds was supposed to be here 2 days ago.,High,Resolved,Alex,3,10.1,TRUE,5,"Escalated to carrier, offered $10 credit."
TICK-000482,CUST-00045,2025-10-01 19:30:00,Social Media,General Inquiry,Help with my order,I have a few problems with my recent purchase.,Low,Open,Taylor,220,,FALSE,,
TICK-000483,CUST-00285,2026-02-25 00:15:00,Email,General Inquiry,Help with my order,I have a few problems with my recent purchase.,Low,Resolved,Jamie,98,49.5,FALSE,3,Addressed multiple queries.
TICK-000484,CUST-00351,2025-07-05 16:45:00,Email,Delivery Delay,Package is late,My Blender was supposed to be here 2 days ago.,Low,Resolved,Sam,257,13.4,FALSE,2,"Escalated to carrier, offered $10 credit."
TICK-000485,CUST-00034,2025-07-30 09:19:00,Email,Refund Request,Need refund for Running Shoes,I returned this last week and want my money back.,High,Resolved,Chris,203,9.3,FALSE,2,Refund processed to original payment method.
TICK-000486,CUST-00889,2025-09-22 09:43:00,Chat,Order Tracking,Where is my Yoga Mat?,I ordered a Yoga Mat and the tracking hasn't updated.,High,Resolved,Chris,14,21.2,TRUE,3,Provided updated tracking link.
TICK-000487,CUST-00137,2025-12-26 21:01:00,Chat,Product Damage,Coffee Machine arrived broken,The box was smashed and the item is damaged.,High,Resolved,Pat,3,3.5,FALSE,1,Sent overnight replacement.
TICK-000488,CUST-00823,2025-08-29 10:37:00,Chat,Refund Request,Need refund for Coffee Machine,I returned this last week and want my money back.,Critical,Resolved,Taylor,11,2.7,TRUE,3,Refund processed to original payment method.
TICK-000489,CUST-00151,2025-11-13 13:29:00,Email,Delivery Delay,Package is late,My Electric Toothbrush was supposed to be here 2 days ago.,Medium,Resolved,Riley,83,64.6,FALSE,1,"Escalated to carrier, offered $10 credit."
TICK-000490,CUST-00741,2026-02-05 19:55:00,Chat,Refund Request,Need refund for Yoga Mat,I returned this last week and want my money back.,High,Open,Casey,10,,FALSE,,
TICK-000491,CUST-00262,2026-02-20 02:08:00,Social Media,Wrong Product,Got the wrong item,"I didn't order this, I ordered a Smart TV.",Medium,Resolved,Jordan,146,39.2,FALSE,2,Issued return label and shipped correct item.
TICK-000492,CUST-00445,2025-05-23 13:02:00,Email,Refund Request,Need refund for Gaming Mouse,I returned this last week and want my money back.,Critical,Resolved,Riley,159,0.7,TRUE,5,Refund processed to original payment method.
TICK-000493,CUST-00085,2025-08-30 16:24:00,Social Media,Product Damage,Mechanical Keyboard arrived broken,The box was smashed and the item is damaged.,High,Pending,Pat,115,,FALSE,,
TICK-000494,CUST-00851,2025-06-01 01:09:00,Chat,Wrong Product,Got the wrong item,"I didn't order this, I ordered a Smart TV.",Medium,Resolved,Alex,11,51.7,FALSE,5,Issued return label and shipped correct item.
TICK-000495,CUST-00130,2025-09-29 07:59:00,Chat,Account Issue,Can't log in,Password reset not sending.,Medium,Resolved,Riley,1,51.5,FALSE,3,Sent manual reset link via SMS.
TICK-000496,CUST-00791,2026-04-08 21:22:00,Chat,Account Issue,Can't log in,Password reset not sending.,High,Resolved,Jamie,6,11.3,TRUE,3,Sent manual reset link via SMS.
TICK-000497,CUST-00130,2025-10-17 20:15:00,Email,Refund Request,Need refund for Smart TV,I returned this last week and want my money back.,High,Resolved,Casey,94,23.0,FALSE,5,Refund processed to original payment method.
TICK-000498,CUST-00729,2026-04-12 21:41:00,Email,Account Issue,Can't log in,Password reset not sending.,Low,Resolved,Chris,166,66.3,FALSE,3,Sent manual reset link via SMS.
TICK-000499,CUST-00675,2025-12-29 00:18:00,Email,Account Issue,Can't log in,Password reset not sending.,Low,Pending,Casey,51,,FALSE,,
TICK-000500,CUST-00707,2026-03-18 19:24:00,Chat,General Inquiry,Help with my order,I have a few problems with my recent purchase.,Medium,Resolved,Casey,7,35.3,FALSE,4,Addressed multiple queries.
TICK-000501,CUST-00919,2026-01-06 21:03:00,Social Media,Order Tracking & Delivery Delay,Where is my Laptop Stand?,I ordered a Laptop Stand and the tracking hasn't updated.,Critical,Escalated,Jamie,148,,TRUE,,
TICK-000502,CUST-00088,2025-06-25 13:00:00,Email,Order Tracking,Where is my Smart TV?,I ordered a Smart TV and the tracking hasn't updated.,Low,Resolved,Morgan,263,43.1,FALSE,3,Provided updated tracking link.
TICK-000503,CUST-00362,2025-07-28 02:00:00,Phone,Delivery Delay,Package is late,My Coffee Machine was supposed to be here 2 days ago.,High,Resolved,Taylor,4,17.1,TRUE,2,"Escalated to carrier, offered $10 credit."
TICK-000504,CUST-00887,2025-10-04 04:35:00,Email,Wrong Product,Got the wrong item,"I didn't order this, I ordered a Wireless Earbuds.",High,Resolved,Jordan,247,6.8,FALSE,3,Issued return label and shipped correct item.
TICK-000505,CUST-00772,2025-09-22 04:40:00,Email,Refund Request,Need refund for Coffee Machine,I returned this last week and want my money back.,High,Resolved,Casey,161,3.6,FALSE,5,Refund processed to original payment method.
TICK-000506,CUST-00845,2026-03-23 02:03:00,Email,Product Damage,Laptop Stand arrived broken,The box was smashed and the item is damaged.,High,Escalated,Taylor,15,,TRUE,,
TICK-000507,CUST-00823,2025-12-15 02:35:00,Email,Order Tracking,Where is my Wireless Earbuds?,I ordered a Wireless Earbuds and the tracking hasn't updated.,Low,Resolved,Riley,70,46.5,FALSE,4,Provided updated tracking link.
TICK-000508,CUST-00590,2025-06-07 17:05:00,Email,Order Tracking,Where is my Electric Toothbrush?,I ordered a Electric Toothbrush and the tracking hasn't updated.,High,Resolved,Jordan,94,19.7,FALSE,2,Provided updated tracking link.
TICK-000509,CUST-00259,2025-09-29 10:17:00,Chat,Account Issue,Can't log in,Password reset not sending.,High,Pending,Casey,10,,FALSE,,
TICK-000510,CUST-00732,2025-11-03 05:16:00,Chat,Delivery Delay,Package is late,My Yoga Mat was supposed to be here 2 days ago.,Medium,Resolved,Chris,4,43.9,FALSE,4,"Escalated to carrier, offered $10 credit."
TICK-000511,CUST-00483,2025-10-14 21:22:00,Email,Account Issue,Can't log in,Password reset not sending.,Medium,Resolved,Sam,217,22.1,FALSE,5,Sent manual reset link via SMS.
TICK-000512,CUST-00947,2026-03-29 02:40:00,Email,Order Tracking,Where is my Blender?,I ordered a Blender and the tracking hasn't updated.,Medium,Pending,Jordan,34,,FALSE,,
TICK-000513,CUST-00049,2025-07-22 16:07:00,Chat,Account Issue,Can't log in,Password reset not sending.,Medium,Open,Morgan,1,,FALSE,,
TICK-000514,CUST-00274,2025-09-04 02:49:00,Chat,Refund Request,Need refund for Electric Toothbrush,I returned this last week and want my money back.,Low,Resolved,Casey,9,5.1,FALSE,5,Refund processed to original payment method.
TICK-000515,CUST-00139,2026-03-11 15:55:00,Email,General Inquiry,Help with my order,I have a few problems with my recent purchase.,Medium,Resolved,Morgan,165,59.1,FALSE,1,Addressed multiple queries.
TICK-000516,CUST-00857,2026-01-27 16:31:00,Chat,Order Tracking & Wrong Product,AGAIN: Where is my Smart TV?,I ordered a Smart TV and the tracking hasn't updated.,High,Resolved,Chris,11,9.3,TRUE,2,Provided updated tracking link.
TICK-000517,CUST-00755,2025-07-10 22:10:00,Email,General Inquiry,Help with my order,I have a few problems with my recent purchase.,Medium,Resolved,Alex,160,64.2,FALSE,2,Addressed multiple queries.
TICK-000518,CUST-00368,2026-04-05 00:47:00,Chat,Order Tracking,Where is my Running Shoes?,I ordered a Running Shoes and the tracking hasn't updated.,Low,Pending,Casey,1,,FALSE,,
TICK-000519,CUST-00217,2025-11-12 04:22:00,Chat,Order Tracking,Where is my Laptop Stand?,I ordered a Laptop Stand and the tracking hasn't updated.,High,Resolved,Chris,2,10.4,FALSE,2,Provided updated tracking link.
TICK-000520,CUST-00780,2025-06-05 07:27:00,Chat,Order Tracking & Payment Issue,Where is my Mechanical Keyboard?,I ordered a Mechanical Keyboard and the tracking hasn't updated.,Critical,Escalated,Jordan,6,,TRUE,,
TICK-000521,CUST-00105,2025-07-24 08:14:00,Chat,Order Tracking,Where is my Laptop Stand?,I ordered a Laptop Stand and the tracking hasn't updated.,High,Resolved,Taylor,11,9.3,FALSE,3,Provided updated tracking link.
TICK-000522,CUST-00827,2026-05-07 13:54:00,Chat,Product Damage,Wireless Earbuds arrived broken,The box was smashed and the item is damaged.,High,Open,Riley,13,,FALSE,,
TICK-000523,CUST-00258,2026-05-12 02:13:00,Email,Product Damage,Coffee Machine arrived broken,The box was smashed and the item is damaged.,High,Resolved,Pat,117,4.9,TRUE,5,Sent overnight replacement.
TICK-000524,CUST-00640,2026-05-08 08:55:00,Email,Payment Issue,Charged twice!,My card was declined but I see a charge.,Critical,Resolved,Alex,17,2.1,FALSE,3,Voided duplicate authorization hold.
TICK-000525,CUST-00936,2025-08-29 00:28:00,Email,Wrong Product,Got the wrong item,"I didn't order this, I ordered a Gaming Mouse.",Medium,Resolved,Morgan,63,49.1,FALSE,2,Issued return label and shipped correct item.
TICK-000526,CUST-00716,2025-06-24 20:58:00,Phone,Delivery Delay,Package is late,My Yoga Mat was supposed to be here 2 days ago.,High,Resolved,Casey,3,19.3,FALSE,1,"Escalated to carrier, offered $10 credit."
TICK-000527,CUST-00387,2025-11-03 07:58:00,Chat,Payment Issue,Charged twice!,My card was declined but I see a charge.,Medium,Resolved,Jamie,5,5.4,FALSE,3,Voided duplicate authorization hold.
TICK-000528,CUST-00252,2025-12-04 18:39:00,Phone,Order Tracking,Where is my Yoga Mat?,I ordered a Yoga Mat and the tracking hasn't updated.,Low,Resolved,Chris,12,53.3,FALSE,1,Provided updated tracking link.
TICK-000529,CUST-00716,2026-02-12 19:38:00,Social Media,Product Damage,Yoga Mat arrived broken,The box was smashed and the item is damaged.,Critical,Resolved,Pat,99,1.2,TRUE,1,Sent overnight replacement.
TICK-000530,CUST-00606,2025-11-17 16:17:00,Phone,Order Tracking,AGAIN: Where is my Coffee Machine?,I ordered a Coffee Machine and the tracking hasn't updated.,Critical,Resolved,Morgan,15,2.5,TRUE,3,Provided updated tracking link.
TICK-000531,CUST-00314,2026-02-16 00:17:00,Chat,Refund Request,Need refund for Wireless Earbuds,I returned this last week and want my money back.,Critical,Escalated,Sam,7,,TRUE,,
TICK-000532,CUST-00355,2026-02-22 20:16:00,Phone,Delivery Delay,Package is late,My Mechanical Keyboard was supposed to be here 2 days ago.,Medium,Resolved,Morgan,10,38.4,FALSE,5,"Escalated to carrier, offered $10 credit."
TICK-000533,CUST-00263,2025-11-25 00:36:00,Social Media,Order Tracking,Where is my Electric Toothbrush?,I ordered a Electric Toothbrush and the tracking hasn't updated.,Medium,Resolved,Pat,85,40.8,FALSE,5,Provided updated tracking link.
TICK-000534,CUST-00332,2025-09-27 18:44:00,Email,Product Damage,AGAIN: Electric Toothbrush arrived broken,The box was smashed and the item is damaged.,High,Resolved,Riley,149,19.7,TRUE,1,Sent overnight replacement.
TICK-000535,CUST-00806,2026-01-22 01:55:00,Social Media,Order Tracking,Where is my Coffee Machine?,I ordered a Coffee Machine and the tracking hasn't updated.,Low,Resolved,Pat,20,25.4,FALSE,4,Provided updated tracking link.
TICK-000536,CUST-00327,2025-10-12 01:48:00,Social Media,Account Issue,AGAIN: Can't log in,Password reset not sending.,High,Pending,Pat,254,,FALSE,,
TICK-000537,CUST-00831,2026-04-06 03:14:00,Email,Wrong Product,Got the wrong item,"I didn't order this, I ordered a Mechanical Keyboard.",Medium,Resolved,Chris,175,15.8,FALSE,4,Issued return label and shipped correct item.
TICK-000538,CUST-00318,2026-03-27 00:32:00,Email,Unknown Issue,Question,Does it work?,Low,Resolved,Jordan,65,28.8,FALSE,5,Clarified user question and provided specs.
TICK-000539,CUST-00038,2025-11-24 14:04:00,Email,Payment Issue,Charged twice!,My card was declined but I see a charge.,Medium,Resolved,Alex,73,16.1,FALSE,5,Voided duplicate authorization hold.
TICK-000540,CUST-00051,2026-03-14 18:30:00,Chat,Account Issue,Can't log in,Password reset not sending.,Medium,Resolved,Casey,11,29.1,FALSE,1,Sent manual reset link via SMS.
TICK-000541,CUST-00202,2026-01-18 00:12:00,Email,Product Damage,Blender arrived broken,The box was smashed and the item is damaged.,High,Resolved,Sam,238,3.9,FALSE,1,Sent overnight replacement.
TICK-000542,CUST-00916,2025-07-25 15:36:00,Email,Product Damage,Blender arrived broken,The box was smashed and the item is damaged.,Critical,Open,Sam,176,,TRUE,,
TICK-000543,CUST-00468,2026-01-27 14:55:00,Email,General Inquiry,Help with my order,I have a few problems with my recent purchase.,Low,Resolved,Pat,242,31.1,FALSE,4,Addressed multiple queries.
TICK-000544,CUST-00651,2025-09-26 23:05:00,Chat,Refund Request,Need refund for Running Shoes,I returned this last week and want my money back.,Medium,Resolved,Taylor,14,48.7,FALSE,3,Refund processed to original payment method.
TICK-000545,CUST-00384,2025-05-30 06:17:00,Chat,Order Tracking,Where is my Mechanical Keyboard?,I ordered a Mechanical Keyboard and the tracking hasn't updated.,Low,Resolved,Taylor,6,61.4,FALSE,2,Provided updated tracking link.
TICK-000546,CUST-00840,2026-04-06 07:45:00,Social Media,Account Issue,Can't log in,Password reset not sending.,Low,Pending,Chris,67,,FALSE,,
TICK-000547,CUST-00405,2025-10-06 18:03:00,Phone,Payment Issue,Charged twice!,My card was declined but I see a charge.,High,Resolved,Jordan,3,8.7,FALSE,2,Voided duplicate authorization hold.
TICK-000548,CUST-00497,2025-05-30 17:21:00,Social Media,Delivery Delay,Package is late,My Yoga Mat was supposed to be here 2 days ago.,Medium,Resolved,Taylor,233,55.7,FALSE,2,"Escalated to carrier, offered $10 credit."
TICK-000549,CUST-00071,2026-03-24 09:09:00,Chat,Wrong Product,Got the wrong item,"I didn't order this, I ordered a Wireless Earbuds.",Medium,Resolved,Riley,11,18.9,FALSE,1,Issued return label and shipped correct item.
TICK-000550,CUST-00762,2026-04-09 14:33:00,Phone,Refund Request,Need refund for Gaming Mouse,I returned this last week and want my money back.,High,Resolved,Jamie,14,16.8,FALSE,4,Refund processed to original payment method.
TICK-000551,CUST-00969,2026-03-08 15:37:00,Chat,General Inquiry,Help with my order,I have a few problems with my recent purchase.,Medium,Open,Jamie,2,,FALSE,,
TICK-000552,CUST-00138,2025-07-24 18:53:00,Chat,Order Tracking,Where is my Laptop Stand?,I ordered a Laptop Stand and the tracking hasn't updated.,Low,Resolved,Pat,9,50.0,FALSE,3,Provided updated tracking link.
TICK-000553,CUST-00552,2025-09-16 20:06:00,Phone,Delivery Delay,AGAIN: Package is late,My Gaming Mouse was supposed to be here 2 days ago.,High,Resolved,Taylor,2,5.0,FALSE,2,"Escalated to carrier, offered $10 credit."
TICK-000554,CUST-00895,2026-03-30 07:37:00,Social Media,Order Tracking,Where is my Laptop Stand?,I ordered a Laptop Stand and the tracking hasn't updated.,High,Resolved,Sam,71,23.3,FALSE,4,Provided updated tracking link.
TICK-000555,CUST-00764,2025-11-17 20:33:00,Chat,Account Issue,Can't log in,Password reset not sending.,Medium,Resolved,Sam,12,27.9,FALSE,5,Sent manual reset link via SMS.
TICK-000556,CUST-00871,2026-02-06 07:39:00,Phone,Wrong Product,Got the wrong item,"I didn't order this, I ordered a Gaming Mouse.",Medium,Resolved,Jordan,12,58.3,FALSE,4,Issued return label and shipped correct item.
TICK-000557,CUST-00537,2025-07-06 15:29:00,Email,Refund Request,Need refund for Yoga Mat,I returned this last week and want my money back.,High,Resolved,Jamie,149,23.4,FALSE,3,Refund processed to original payment method.
TICK-000558,CUST-00964,2025-09-03 08:18:00,Chat,Wrong Product,Got the wrong item,"I didn't order this, I ordered a Running Shoes.",High,Resolved,Alex,5,23.9,FALSE,3,Issued return label and shipped correct item.
TICK-000559,CUST-00574,2025-12-08 22:00:00,Social Media,Refund Request,Need refund for Gaming Mouse,I returned this last week and want my money back.,Critical,Open,Chris,22,,TRUE,,
TICK-000560,CUST-00960,2025-07-23 05:26:00,Chat,Wrong Product,Got the wrong item,"I didn't order this, I ordered a Smart TV.",High,Resolved,Jamie,11,4.0,TRUE,5,Issued return label and shipped correct item.
TICK-000561,CUST-00751,2026-01-06 14:35:00,Chat,Wrong Product,Got the wrong item,"I didn't order this, I ordered a Smart TV.",Critical,Resolved,Casey,1,0.7,FALSE,1,Issued return label and shipped correct item.
TICK-000562,CUST-00304,2025-05-26 00:16:00,Email,Order Tracking & Product Damage,Where is my Wireless Earbuds?,I ordered a Wireless Earbuds and the tracking hasn't updated.,High,Resolved,Taylor,215,6.2,FALSE,4,Provided updated tracking link.
TICK-000563,CUST-00081,2025-09-23 10:58:00,Chat,Order Tracking,Where is my Blender?,I ordered a Blender and the tracking hasn't updated.,Low,Resolved,Jamie,7,9.9,FALSE,1,Provided updated tracking link.
TICK-000564,CUST-00195,2025-06-06 05:25:00,Email,Order Tracking,Where is my Electric Toothbrush?,I ordered a Electric Toothbrush and the tracking hasn't updated.,Medium,Resolved,Morgan,104,19.4,FALSE,4,Provided updated tracking link.
TICK-000565,CUST-00766,2026-05-06 00:08:00,Chat,Order Tracking,Where is my Laptop Stand?,I ordered a Laptop Stand and the tracking hasn't updated.,Low,Resolved,Chris,4,62.1,FALSE,3,Provided updated tracking link.
TICK-000566,CUST-00672,2026-04-30 13:58:00,Email,Order Tracking,Where is my Coffee Machine?,I ordered a Coffee Machine and the tracking hasn't updated.,Low,Resolved,Chris,146,13.6,FALSE,4,Provided updated tracking link.
TICK-000567,CUST-00713,2025-12-21 05:02:00,Chat,Refund Request,Need refund for Laptop Stand,I returned this last week and want my money back.,High,Resolved,Jordan,6,9.1,FALSE,5,Refund processed to original payment method.
TICK-000568,CUST-00665,2025-10-03 06:41:00,Chat,Refund Request,Need refund for Mechanical Keyboard,I returned this last week and want my money back.,High,Resolved,Jordan,6,16.1,FALSE,3,Refund processed to original payment method.
TICK-000569,CUST-00621,2025-12-16 01:54:00,Social Media,Refund Request,Need refund for Mechanical Keyboard,I returned this last week and want my money back.,Critical,Resolved,Chris,294,3.5,FALSE,1,Refund processed to original payment method.
TICK-000570,CUST-00776,2026-04-05 00:52:00,Email,Wrong Product,Got the wrong item,"I didn't order this, I ordered a Coffee Machine.",High,Escalated,Casey,117,,TRUE,,
TICK-000571,CUST-00490,2025-06-09 14:12:00,Phone,Payment Issue,Charged twice!,My card was declined but I see a charge.,Medium,Open,Riley,12,,FALSE,,
TICK-000572,CUST-00645,2025-07-06 20:30:00,Email,Account Issue,Can't log in,Password reset not sending.,Low,Pending,Taylor,253,,FALSE,,
TICK-000573,CUST-00827,2025-05-29 16:31:00,Chat,Account Issue,Can't log in,Password reset not sending.,Low,Resolved,Casey,8,22.8,FALSE,5,Sent manual reset link via SMS.
TICK-000574,CUST-00346,2025-05-26 10:53:00,Chat,Order Tracking,Where is my Yoga Mat?,I ordered a Yoga Mat and the tracking hasn't updated.,Low,Resolved,Alex,10,57.7,FALSE,3,Provided updated tracking link.
TICK-000575,CUST-00496,2025-10-20 10:48:00,Email,Refund Request,Need refund for Running Shoes,I returned this last week and want my money back.,Medium,Resolved,Jamie,144,2.6,FALSE,2,Refund processed to original payment method.
TICK-000576,CUST-00088,2025-06-20 14:45:00,Phone,Refund Request,Need refund for Running Shoes,I returned this last week and want my money back.,Critical,Resolved,Taylor,8,1.7,FALSE,4,Refund processed to original payment method.
TICK-000577,CUST-00500,2025-06-22 04:54:00,Chat,General Inquiry,Help with my order,I have a few problems with my recent purchase.,Medium,Resolved,Alex,2,27.3,FALSE,3,Addressed multiple queries.
TICK-000578,CUST-00246,2025-12-25 22:10:00,Email,Wrong Product & Order Tracking,AGAIN: Where is my Gaming Mouse?,I ordered a Gaming Mouse and the tracking hasn't updated.,Critical,Resolved,Casey,107,2.8,FALSE,4,Provided updated tracking link.
TICK-000579,CUST-00672,2025-10-03 16:01:00,Social Media,Refund Request,Need refund for Coffee Machine,I returned this last week and want my money back.,High,Pending,Jamie,213,,TRUE,,
TICK-000580,CUST-00670,2026-01-14 19:31:00,Email,General Inquiry,Help with my order,I have a few problems with my recent purchase.,Low,Resolved,Alex,238,29.6,FALSE,5,Addressed multiple queries.
TICK-000581,CUST-00921,2025-11-26 06:29:00,Email,Account Issue,Can't log in,Password reset not sending.,Low,Pending,Riley,270,,FALSE,,
TICK-000582,CUST-00546,2025-08-12 12:47:00,Email,Delivery Delay,Package is late,My Mechanical Keyboard was supposed to be here 2 days ago.,High,Resolved,Jordan,128,5.2,TRUE,3,"Escalated to carrier, offered $10 credit."
TICK-000583,CUST-00561,2025-05-18 04:40:00,Email,General Inquiry,Help with my order,I have a few problems with my recent purchase.,Low,Resolved,Chris,41,23.0,FALSE,4,Addressed multiple queries.
TICK-000584,CUST-00829,2025-08-08 03:58:00,Email,Order Tracking,Where is my Gaming Mouse?,I ordered a Gaming Mouse and the tracking hasn't updated.,Medium,Resolved,Morgan,90,46.6,FALSE,2,Provided updated tracking link.
TICK-000585,CUST-00257,2026-04-09 13:50:00,Chat,Account Issue,Can't log in,Password reset not sending.,Low,Resolved,Taylor,9,16.1,FALSE,5,Sent manual reset link via SMS.
TICK-000586,CUST-00252,2025-12-22 19:57:00,Email,Payment Issue,Charged twice!,My card was declined but I see a charge.,High,Resolved,Jamie,181,17.7,TRUE,3,Voided duplicate authorization hold.
TICK-000587,CUST-00502,2026-01-25 12:50:00,Chat,General Inquiry,Help with my order,I have a few problems with my recent purchase.,High,Escalated,Morgan,15,,TRUE,,
TICK-000588,CUST-00183,2025-07-16 22:09:00,Email,Account Issue,Can't log in,Password reset not sending.,Low,Open,Casey,274,,FALSE,,
TICK-000589,CUST-00514,2026-04-17 20:50:00,Chat,Delivery Delay,Package is late,My Yoga Mat was supposed to be here 2 days ago.,Critical,Resolved,Morgan,9,3.0,TRUE,1,"Escalated to carrier, offered $10 credit."
TICK-000590,CUST-00668,2025-06-22 15:15:00,Chat,General Inquiry,Help with my order,I have a few problems with my recent purchase.,Medium,Resolved,Morgan,1,60.6,FALSE,2,Addressed multiple queries.
TICK-000591,CUST-00795,2025-06-27 23:52:00,Phone,General Inquiry,Help with my order,I have a few problems with my recent purchase.,Low,Resolved,Pat,14,6.5,FALSE,4,Addressed multiple queries.
TICK-000592,CUST-00084,2025-07-28 06:36:00,Phone,Order Tracking,Where is my Laptop Stand?,I ordered a Laptop Stand and the tracking hasn't updated.,Low,Resolved,Riley,9,45.1,FALSE,5,Provided updated tracking link.
TICK-000593,CUST-00844,2025-08-31 17:49:00,Email,Delivery Delay,Package is late,My Mechanical Keyboard was supposed to be here 2 days ago.,Low,Resolved,Sam,82,57.7,FALSE,3,"Escalated to carrier, offered $10 credit."
TICK-000594,CUST-00762,2025-05-23 11:37:00,Chat,Product Damage & Refund Request,Need refund for Mechanical Keyboard,I returned this last week and want my money back.,High,Open,Jamie,11,,TRUE,,
TICK-000595,CUST-00902,2026-04-24 03:17:00,Email,Refund Request,Need refund for Smart TV,I returned this last week and want my money back.,Medium,Resolved,Chris,69,16.7,FALSE,2,Refund processed to original payment method.
TICK-000596,CUST-00668,2025-10-02 14:02:00,Phone,Order Tracking,Where is my Blender?,I ordered a Blender and the tracking hasn't updated.,Low,Resolved,Jamie,8,33.0,FALSE,3,Provided updated tracking link.
TICK-000597,CUST-00174,2026-02-02 18:05:00,Chat,Refund Request,Need refund for Mechanical Keyboard,I returned this last week and want my money back.,High,Resolved,Alex,10,10.2,FALSE,3,Refund processed to original payment method.
TICK-000598,CUST-00662,2025-12-22 15:07:00,Chat,General Inquiry,Help with my order,I have a few problems with my recent purchase.,High,Resolved,Jamie,13,22.8,FALSE,5,Addressed multiple queries.
TICK-000599,CUST-00081,2025-07-07 00:08:00,Chat,Account Issue & Order Tracking,Where is my Running Shoes?,I ordered a Running Shoes and the tracking hasn't updated.,Medium,Resolved,Jordan,12,39.3,FALSE,1,Provided updated tracking link.
TICK-000600,CUST-00816,2025-08-18 22:38:00,Email,Payment Issue,Charged twice!,My card was declined but I see a charge.,Medium,Pending,Pat,243,,FALSE,,
TICK-000601,CUST-00253,2026-04-11 04:46:00,Chat,Account Issue,Can't log in,Password reset not sending.,Medium,Resolved,Riley,8,57.5,FALSE,2,Sent manual reset link via SMS.
TICK-000602,CUST-00639,2025-11-23 23:38:00,Chat,Wrong Product,Got the wrong item,"I didn't order this, I ordered a Wireless Earbuds.",Medium,Resolved,Morgan,12,44.2,FALSE,5,Issued return label and shipped correct item.
TICK-000603,CUST-00481,2025-10-24 04:06:00,Chat,Delivery Delay,Package is late,My Wireless Earbuds was supposed to be here 2 days ago.,Medium,Resolved,Sam,7,43.3,FALSE,2,"Escalated to carrier, offered $10 credit."
TICK-000604,CUST-00934,2026-01-31 12:15:00,Phone,Order Tracking,Where is my Running Shoes?,I ordered a Running Shoes and the tracking hasn't updated.,Low,Resolved,Casey,14,70.3,FALSE,1,Provided updated tracking link.
TICK-000605,CUST-00950,2025-07-23 21:03:00,Phone,Delivery Delay,Package is late,My Coffee Machine was supposed to be here 2 days ago.,High,Pending,Morgan,2,,FALSE,,
TICK-000606,CUST-00357,2025-09-11 17:58:00,Phone,Delivery Delay,Package is late,My Mechanical Keyboard was supposed to be here 2 days ago.,Critical,Open,Morgan,6,,TRUE,,
TICK-000607,CUST-00596,2025-11-16 11:05:00,Chat,Refund Request,Need refund for Electric Toothbrush,I returned this last week and want my money back.,Medium,Resolved,Alex,5,9.4,FALSE,4,Refund processed to original payment method.
TICK-000608,CUST-00328,2025-08-26 07:09:00,Chat,Unknown Issue,Question,Does it work?,Low,Resolved,Riley,8,61.1,FALSE,1,Clarified user question and provided specs.
TICK-000609,CUST-00697,2025-09-17 03:48:00,Phone,Order Tracking,Where is my Mechanical Keyboard?,I ordered a Mechanical Keyboard and the tracking hasn't updated.,Low,Resolved,Pat,12,60.8,FALSE,5,Provided updated tracking link.
TICK-000610,CUST-00804,2025-05-30 22:20:00,Email,Product Damage,Laptop Stand arrived broken,The box was smashed and the item is damaged.,High,Resolved,Alex,198,12.2,TRUE,2,Sent overnight replacement.
TICK-000611,CUST-00248,2025-12-27 07:24:00,Chat,Payment Issue,Charged twice!,My card was declined but I see a charge.,High,Resolved,Jordan,11,4.4,FALSE,4,Voided duplicate authorization hold.
TICK-000612,CUST-00516,2025-12-23 05:46:00,Phone,Account Issue,Can't log in,Password reset not sending.,Medium,Resolved,Riley,11,55.4,FALSE,2,Sent manual reset link via SMS.
TICK-000613,CUST-00078,2025-09-16 23:53:00,Social Media,Account Issue,Can't log in,Password reset not sending.,Medium,Resolved,Taylor,195,41.3,FALSE,5,Sent manual reset link via SMS.
TICK-000614,CUST-00038,2025-10-19 14:27:00,Email,Payment Issue,Charged twice!,My card was declined but I see a charge.,Critical,Resolved,Riley,113,1.2,FALSE,1,Voided duplicate authorization hold.
TICK-000615,CUST-00008,2025-09-01 04:20:00,Phone,General Inquiry,Help with my order,I have a few problems with my recent purchase.,Medium,Resolved,Taylor,9,42.0,FALSE,4,Addressed multiple queries.
TICK-000616,CUST-00521,2025-11-24 22:38:00,Email,Refund Request,Need refund for Laptop Stand,I returned this last week and want my money back.,High,Resolved,Jamie,147,14.3,FALSE,2,Refund processed to original payment method.
TICK-000617,CUST-00219,2025-12-04 06:47:00,Social Media,Refund Request,Need refund for Mechanical Keyboard,I returned this last week and want my money back.,Critical,Escalated,Pat,295,,TRUE,,
TICK-000618,CUST-00289,2025-11-01 14:41:00,Chat,Payment Issue,Charged twice!,My card was declined but I see a charge.,High,Resolved,Morgan,15,10.3,FALSE,4,Voided duplicate authorization hold.
TICK-000619,CUST-00781,2025-06-07 23:49:00,Chat,Delivery Delay,Package is late,My Smart TV was supposed to be here 2 days ago.,Medium,Resolved,Alex,10,71.5,FALSE,2,"Escalated to carrier, offered $10 credit."
TICK-000620,CUST-00131,2025-09-25 11:33:00,Chat,Payment Issue,Charged twice!,My card was declined but I see a charge.,High,Resolved,Chris,2,11.7,FALSE,5,Voided duplicate authorization hold.
TICK-000621,CUST-00704,2025-12-09 00:53:00,Chat,Order Tracking,Where is my Coffee Machine?,I ordered a Coffee Machine and the tracking hasn't updated.,Low,Resolved,Casey,9,62.8,FALSE,2,Provided updated tracking link.
TICK-000622,CUST-00809,2025-09-21 23:04:00,Chat,Wrong Product,Got the wrong item,"I didn't order this, I ordered a Wireless Earbuds.",High,Resolved,Jordan,4,23.0,TRUE,3,Issued return label and shipped correct item.
TICK-000623,CUST-00572,2025-11-18 17:29:00,Email,Account Issue,Can't log in,Password reset not sending.,Low,Open,Jordan,93,,FALSE,,
TICK-000624,CUST-00811,2025-09-02 10:40:00,Email,Order Tracking,Where is my Gaming Mouse?,I ordered a Gaming Mouse and the tracking hasn't updated.,Low,Open,Jamie,25,,FALSE,,
TICK-000625,CUST-00291,2026-04-18 22:11:00,Chat,Refund Request,Need refund for Blender,I returned this last week and want my money back.,Medium,Resolved,Pat,12,22.6,FALSE,1,Refund processed to original payment method.
TICK-000626,CUST-00949,2026-01-23 15:18:00,Chat,Order Tracking,Where is my Yoga Mat?,I ordered a Yoga Mat and the tracking hasn't updated.,Medium,Open,Chris,15,,FALSE,,
TICK-000627,CUST-00538,2026-02-04 21:20:00,Social Media,Payment Issue,Charged twice!,My card was declined but I see a charge.,Critical,Open,Casey,108,,TRUE,,
TICK-000628,CUST-00911,2026-01-05 08:36:00,Chat,Payment Issue,Charged twice!,My card was declined but I see a charge.,High,Resolved,Alex,3,9.6,TRUE,5,Voided duplicate authorization hold.
TICK-000629,CUST-00722,2025-12-24 00:20:00,Chat,Wrong Product,Got the wrong item,"I didn't order this, I ordered a Coffee Machine.",Medium,Resolved,Sam,12,26.0,FALSE,5,Issued return label and shipped correct item.
TICK-000630,CUST-00458,2025-10-13 14:39:00,Chat,Refund Request,Need refund for Electric Toothbrush,I returned this last week and want my money back.,Medium,Resolved,Jordan,10,5.6,FALSE,1,Refund processed to original payment method.
TICK-000631,CUST-00195,2026-03-03 00:15:00,Phone,Payment Issue,Charged twice!,My card was declined but I see a charge.,High,Resolved,Jamie,15,21.2,FALSE,1,Voided duplicate authorization hold.
TICK-000632,CUST-00995,2025-10-27 06:11:00,Email,Delivery Delay,Package is late,My Wireless Earbuds was supposed to be here 2 days ago.,Medium,Resolved,Jordan,145,59.5,FALSE,1,"Escalated to carrier, offered $10 credit."
TICK-000633,CUST-00686,2025-06-21 21:10:00,Chat,Account Issue,Can't log in,Password reset not sending.,High,Pending,Casey,15,,TRUE,,
TICK-000634,CUST-00375,2025-12-19 10:48:00,Chat,Order Tracking,Where is my Coffee Machine?,I ordered a Coffee Machine and the tracking hasn't updated.,Medium,Resolved,Jordan,1,18.5,FALSE,4,Provided updated tracking link.
TICK-000635,CUST-00761,2025-12-03 03:42:00,Email,Delivery Delay,Package is late,My Gaming Mouse was supposed to be here 2 days ago.,Medium,Resolved,Jordan,277,45.3,FALSE,1,"Escalated to carrier, offered $10 credit."
TICK-000636,CUST-00508,2025-11-13 00:28:00,Chat,Wrong Product,Got the wrong item,"I didn't order this, I ordered a Coffee Machine.",Low,Resolved,Jordan,3,49.2,FALSE,3,Issued return label and shipped correct item.
TICK-000637,CUST-00511,2025-10-02 22:19:00,Chat,Wrong Product,Got the wrong item,"I didn't order this, I ordered a Mechanical Keyboard.",Medium,Pending,Jordan,15,,FALSE,,
TICK-000638,CUST-01000,2025-10-06 12:10:00,Email,Wrong Product,Got the wrong item,"I didn't order this, I ordered a Electric Toothbrush.",Medium,Resolved,Sam,156,25.1,FALSE,1,Issued return label and shipped correct item.
TICK-000639,CUST-00311,2026-04-13 04:27:00,Email,Refund Request,Need refund for Electric Toothbrush,I returned this last week and want my money back.,High,Resolved,Pat,30,8.2,TRUE,5,Refund processed to original payment method.
TICK-000640,CUST-00777,2026-04-26 00:33:00,Chat,Order Tracking,Where is my Smart TV?,I ordered a Smart TV and the tracking hasn't updated.,Low,Resolved,Sam,2,32.2,FALSE,4,Provided updated tracking link.
TICK-000641,CUST-00758,2025-06-24 03:56:00,Social Media,Wrong Product & Order Tracking,Where is my Gaming Mouse?,I ordered a Gaming Mouse and the tracking hasn't updated.,Medium,Resolved,Taylor,278,50.1,FALSE,3,Provided updated tracking link.
TICK-000642,CUST-00109,2026-03-14 17:13:00,Social Media,Refund Request & Product Damage,Need refund for Smart TV,I returned this last week and want my money back.,High,Resolved,Casey,264,19.0,FALSE,2,Refund processed to original payment method.
TICK-000643,CUST-00084,2025-11-17 12:12:00,Chat,Order Tracking,Where is my Running Shoes?,I ordered a Running Shoes and the tracking hasn't updated.,Medium,Resolved,Jamie,2,60.3,FALSE,3,Provided updated tracking link.
TICK-000644,CUST-00235,2026-01-29 20:55:00,Chat,Account Issue,Can't log in,Password reset not sending.,Medium,Resolved,Sam,4,2.6,FALSE,2,Sent manual reset link via SMS.
TICK-000645,CUST-00930,2026-05-07 09:02:00,Chat,Order Tracking,Where is my Running Shoes?,I ordered a Running Shoes and the tracking hasn't updated.,Low,Resolved,Alex,5,28.9,FALSE,5,Provided updated tracking link.
TICK-000646,CUST-00301,2026-02-19 14:02:00,Phone,Delivery Delay,Package is late,My Smart TV was supposed to be here 2 days ago.,Medium,Resolved,Chris,14,1.1,FALSE,4,"Escalated to carrier, offered $10 credit."
TICK-000647,CUST-00405,2025-11-25 08:27:00,Email,Refund Request,Need refund for Wireless Earbuds,I returned this last week and want my money back.,High,Pending,Pat,236,,FALSE,,
TICK-000648,CUST-00312,2025-07-04 01:19:00,Email,Refund Request,Need refund for Coffee Machine,I returned this last week and want my money back.,High,Resolved,Riley,153,15.0,TRUE,5,Refund processed to original payment method.
TICK-000649,CUST-00144,2026-01-29 23:47:00,Email,Payment Issue,Charged twice!,My card was declined but I see a charge.,High,Open,Chris,233,,FALSE,,
TICK-000650,CUST-00996,2025-07-16 13:00:00,Chat,General Inquiry,Help with my order,I have a few problems with my recent purchase.,Low,Resolved,Jordan,3,68.9,FALSE,5,Addressed multiple queries.
TICK-000651,CUST-00612,2026-02-23 08:11:00,Social Media,Refund Request,Need refund for Mechanical Keyboard,I returned this last week and want my money back.,Medium,Resolved,Taylor,48,66.4,FALSE,3,Refund processed to original payment method.
TICK-000652,CUST-00322,2025-07-11 15:11:00,Email,General Inquiry,Help with my order,I have a few problems with my recent purchase.,Low,Resolved,Morgan,21,27.3,FALSE,5,Addressed multiple queries.
TICK-000653,CUST-00380,2025-07-28 12:09:00,Email,Product Damage,Laptop Stand arrived broken,The box was smashed and the item is damaged.,High,Resolved,Chris,169,23.6,FALSE,5,Sent overnight replacement.
TICK-000654,CUST-00542,2026-04-12 10:38:00,Email,General Inquiry,Help with my order,I have a few problems with my recent purchase.,Low,Resolved,Chris,44,59.2,FALSE,3,Addressed multiple queries.
TICK-000655,CUST-00262,2026-01-15 06:35:00,Email,General Inquiry,Help with my order,I have a few problems with my recent purchase.,High,Escalated,Chris,94,,TRUE,,
TICK-000656,CUST-00997,2026-02-06 19:18:00,Social Media,Account Issue,Can't log in,Password reset not sending.,Medium,Resolved,Casey,61,41.2,FALSE,3,Sent manual reset link via SMS.
TICK-000657,CUST-00081,2025-06-26 07:57:00,Phone,Wrong Product,Got the wrong item,"I didn't order this, I ordered a Coffee Machine.",Medium,Resolved,Alex,6,66.5,FALSE,3,Issued return label and shipped correct item.
TICK-000658,CUST-00625,2025-12-18 05:23:00,Social Media,Order Tracking,Where is my Yoga Mat?,I ordered a Yoga Mat and the tracking hasn't updated.,Low,Pending,Taylor,20,,FALSE,,
TICK-000659,CUST-00943,2025-07-20 05:20:00,Chat,Product Damage,Coffee Machine arrived broken,The box was smashed and the item is damaged.,High,Resolved,Sam,11,19.6,FALSE,5,Sent overnight replacement.
TICK-000660,CUST-00017,2026-01-04 03:28:00,Social Media,Account Issue,Can't log in,Password reset not sending.,High,Escalated,Chris,31,,TRUE,,
TICK-000661,CUST-00456,2025-08-18 10:13:00,Email,Refund Request,Need refund for Wireless Earbuds,I returned this last week and want my money back.,High,Resolved,Alex,58,22.5,FALSE,1,Refund processed to original payment method.
TICK-000662,CUST-00607,2025-12-17 15:47:00,Social Media,Unknown Issue,Question,Does it work?,Low,Resolved,Alex,90,21.0,FALSE,3,Clarified user question and provided specs.
TICK-000663,CUST-00046,2026-03-20 19:52:00,Chat,Account Issue,Can't log in,Password reset not sending.,Medium,Resolved,Pat,4,23.0,FALSE,2,Sent manual reset link via SMS.
TICK-000664,CUST-00901,2025-08-02 11:56:00,Chat,Product Damage,Blender arrived broken,The box was smashed and the item is damaged.,Medium,Resolved,Riley,13,11.9,FALSE,4,Sent overnight replacement.
TICK-000665,CUST-00013,2026-04-16 01:18:00,Phone,Wrong Product,Got the wrong item,"I didn't order this, I ordered a Laptop Stand.",High,Open,Chris,2,,TRUE,,
TICK-000666,CUST-00868,2025-12-16 19:39:00,Chat,Refund Request,Need refund for Electric Toothbrush,I returned this last week and want my money back.,Medium,Resolved,Taylor,1,23.2,FALSE,4,Refund processed to original payment method.
TICK-000667,CUST-00894,2026-02-05 08:58:00,Chat,Wrong Product,Got the wrong item,"I didn't order this, I ordered a Electric Toothbrush.",Medium,Resolved,Morgan,4,53.7,FALSE,1,Issued return label and shipped correct item.
TICK-000668,CUST-00113,2025-06-16 15:25:00,Chat,Account Issue,AGAIN: Can't log in,Password reset not sending.,High,Resolved,Jordan,10,21.0,FALSE,1,Sent manual reset link via SMS.
TICK-000669,CUST-00399,2025-09-04 05:00:00,Chat,Delivery Delay,Package is late,My Smart TV was supposed to be here 2 days ago.,Low,Resolved,Casey,10,52.4,FALSE,1,"Escalated to carrier, offered $10 credit."
TICK-000670,CUST-00300,2025-10-02 04:03:00,Phone,Unknown Issue,Question,Does it work?,Low,Open,Morgan,14,,FALSE,,
TICK-000671,CUST-00424,2025-08-25 21:54:00,Social Media,General Inquiry,Help with my order,I have a few problems with my recent purchase.,Low,Resolved,Sam,83,5.4,FALSE,4,Addressed multiple queries.
TICK-000672,CUST-00035,2026-02-10 20:48:00,Email,Product Damage,Mechanical Keyboard arrived broken,The box was smashed and the item is damaged.,High,Resolved,Taylor,286,22.2,FALSE,5,Sent overnight replacement.
TICK-000673,CUST-00462,2026-03-23 12:42:00,Phone,Account Issue,Can't log in,Password reset not sending.,Low,Resolved,Jamie,11,31.9,FALSE,3,Sent manual reset link via SMS.
TICK-000674,CUST-00311,2025-08-28 01:10:00,Phone,Delivery Delay,Package is late,My Mechanical Keyboard was supposed to be here 2 days ago.,Low,Pending,Alex,2,,FALSE,,
TICK-000675,CUST-00120,2026-03-07 14:41:00,Email,Order Tracking,Where is my Mechanical Keyboard?,I ordered a Mechanical Keyboard and the tracking hasn't updated.,High,Escalated,Sam,210,,TRUE,,
TICK-000676,CUST-00867,2026-03-06 11:58:00,Phone,Account Issue,Can't log in,Password reset not sending.,Low,Resolved,Sam,10,47.9,FALSE,4,Sent manual reset link via SMS.
TICK-000677,CUST-00462,2026-02-10 17:53:00,Chat,Order Tracking,Where is my Laptop Stand?,I ordered a Laptop Stand and the tracking hasn't updated.,Low,Resolved,Alex,11,71.4,FALSE,3,Provided updated tracking link.
TICK-000678,CUST-00437,2025-05-23 05:29:00,Phone,Refund Request,Need refund for Gaming Mouse,I returned this last week and want my money back.,Medium,Resolved,Jamie,4,66.4,FALSE,5,Refund processed to original payment method.
TICK-000679,CUST-00840,2025-09-14 21:07:00,Chat,Delivery Delay,Package is late,My Gaming Mouse was supposed to be here 2 days ago.,High,Open,Casey,2,,FALSE,,
TICK-000680,CUST-00474,2025-09-03 07:04:00,Email,Delivery Delay,Package is late,My Laptop Stand was supposed to be here 2 days ago.,High,Resolved,Casey,154,15.8,FALSE,4,"Escalated to carrier, offered $10 credit."
TICK-000681,CUST-00734,2025-12-04 14:54:00,Email,General Inquiry,Help with my order,I have a few problems with my recent purchase.,High,Pending,Alex,160,,FALSE,,
TICK-000682,CUST-00574,2026-04-08 19:46:00,Chat,Payment Issue,Charged twice!,My card was declined but I see a charge.,High,Resolved,Jamie,11,22.3,FALSE,4,Voided duplicate authorization hold.
TICK-000683,CUST-00186,2025-10-11 12:50:00,Email,Order Tracking,Where is my Electric Toothbrush?,I ordered a Electric Toothbrush and the tracking hasn't updated.,Medium,Open,Casey,163,,FALSE,,
TICK-000684,CUST-00806,2025-08-04 11:45:00,Social Media,Payment Issue,AGAIN: Charged twice!,My card was declined but I see a charge.,Critical,Escalated,Pat,93,,TRUE,,
TICK-000685,CUST-00959,2025-11-12 07:37:00,Chat,Product Damage,Electric Toothbrush arrived broken,The box was smashed and the item is damaged.,High,Escalated,Jordan,10,,TRUE,,
TICK-000686,CUST-00779,2025-07-18 02:55:00,Email,Wrong Product,Got the wrong item,"I didn't order this, I ordered a Yoga Mat.",Medium,Resolved,Sam,243,22.3,FALSE,4,Issued return label and shipped correct item.
TICK-000687,CUST-00528,2025-12-20 11:40:00,Phone,Refund Request,Need refund for Running Shoes,I returned this last week and want my money back.,High,Resolved,Alex,1,14.3,FALSE,2,Refund processed to original payment method.
TICK-000688,CUST-00112,2025-12-06 10:09:00,Phone,Delivery Delay,Package is late,My Laptop Stand was supposed to be here 2 days ago.,High,Resolved,Alex,1,9.1,FALSE,4,"Escalated to carrier, offered $10 credit."
TICK-000689,CUST-00491,2025-11-14 12:36:00,Chat,General Inquiry,Help with my order,I have a few problems with my recent purchase.,Low,Resolved,Riley,8,48.2,FALSE,1,Addressed multiple queries.
TICK-000690,CUST-00773,2025-09-20 12:48:00,Chat,Wrong Product & Account Issue,Got the wrong item,"I didn't order this, I ordered a Coffee Machine.",High,Resolved,Casey,2,12.6,FALSE,2,Issued return label and shipped correct item.
TICK-000691,CUST-00678,2025-06-22 18:21:00,Chat,Order Tracking,Where is my Gaming Mouse?,I ordered a Gaming Mouse and the tracking hasn't updated.,Low,Resolved,Taylor,13,39.7,FALSE,5,Provided updated tracking link.
TICK-000692,CUST-00364,2025-08-08 18:17:00,Email,Delivery Delay,Package is late,My Running Shoes was supposed to be here 2 days ago.,Critical,Resolved,Casey,60,0.8,FALSE,1,"Escalated to carrier, offered $10 credit."
TICK-000693,CUST-00492,2025-10-03 16:29:00,Chat,Wrong Product,Got the wrong item,"I didn't order this, I ordered a Running Shoes.",High,Resolved,Taylor,1,13.3,FALSE,2,Issued return label and shipped correct item.
TICK-000694,CUST-00336,2025-10-17 22:02:00,Chat,Product Damage,Running Shoes arrived broken,The box was smashed and the item is damaged.,High,Resolved,Morgan,14,2.5,TRUE,5,Sent overnight replacement.
TICK-000695,CUST-00789,2025-09-05 08:36:00,Chat,Product Damage,Electric Toothbrush arrived broken,The box was smashed and the item is damaged.,High,Resolved,Morgan,11,17.5,FALSE,5,Sent overnight replacement.
TICK-000696,CUST-00029,2025-11-13 22:17:00,Chat,Refund Request,AGAIN: Need refund for Wireless Earbuds,I returned this last week and want my money back.,Critical,Escalated,Casey,5,,TRUE,,
TICK-000697,CUST-00926,2026-01-11 05:24:00,Chat,Refund Request,AGAIN: Need refund for Coffee Machine,I returned this last week and want my money back.,High,Pending,Pat,6,,FALSE,,
TICK-000698,CUST-00747,2025-07-21 02:51:00,Chat,Product Damage,Coffee Machine arrived broken,The box was smashed and the item is damaged.,Medium,Resolved,Alex,3,26.3,FALSE,5,Sent overnight replacement.
TICK-000699,CUST-00594,2025-07-20 22:06:00,Phone,Refund Request,Need refund for Mechanical Keyboard,I returned this last week and want my money back.,Medium,Pending,Sam,5,,FALSE,,
TICK-000700,CUST-00678,2025-08-09 15:21:00,Email,General Inquiry,Help with my order,I have a few problems with my recent purchase.,Low,Resolved,Taylor,199,47.8,FALSE,4,Addressed multiple queries.
TICK-000701,CUST-00293,2026-01-20 18:47:00,Social Media,General Inquiry,Help with my order,I have a few problems with my recent purchase.,Low,Pending,Jordan,231,,FALSE,,
TICK-000702,CUST-00339,2025-06-11 11:00:00,Chat,Product Damage,Wireless Earbuds arrived broken,The box was smashed and the item is damaged.,High,Resolved,Pat,10,24.0,TRUE,3,Sent overnight replacement.
TICK-000703,CUST-00830,2026-02-01 10:30:00,Email,Order Tracking,Where is my Gaming Mouse?,I ordered a Gaming Mouse and the tracking hasn't updated.,Low,Resolved,Morgan,257,71.7,FALSE,3,Provided updated tracking link.
TICK-000704,CUST-00143,2025-05-31 22:12:00,Email,Delivery Delay,Package is late,My Wireless Earbuds was supposed to be here 2 days ago.,Low,Resolved,Taylor,194,37.5,FALSE,4,"Escalated to carrier, offered $10 credit."
TICK-000705,CUST-00834,2025-06-26 22:20:00,Email,Payment Issue,Charged twice!,My card was declined but I see a charge.,Medium,Resolved,Jordan,86,29.5,FALSE,5,Voided duplicate authorization hold.
TICK-000706,CUST-00845,2026-04-30 04:46:00,Email,Order Tracking,AGAIN: Where is my Blender?,I ordered a Blender and the tracking hasn't updated.,Critical,Pending,Jordan,50,,TRUE,,
TICK-000707,CUST-00219,2025-10-11 03:46:00,Phone,General Inquiry,Help with my order,I have a few problems with my recent purchase.,Low,Resolved,Alex,12,10.5,FALSE,3,Addressed multiple queries.
TICK-000708,CUST-00667,2025-08-22 16:27:00,Chat,Order Tracking,Where is my Wireless Earbuds?,I ordered a Wireless Earbuds and the tracking hasn't updated.,Low,Resolved,Sam,7,49.9,FALSE,1,Provided updated tracking link.
TICK-000709,CUST-00119,2026-01-05 22:33:00,Chat,Order Tracking,Where is my Blender?,I ordered a Blender and the tracking hasn't updated.,High,Resolved,Morgan,3,10.8,FALSE,3,Provided updated tracking link.
TICK-000710,CUST-00641,2025-06-14 08:15:00,Phone,Delivery Delay,Package is late,My Running Shoes was supposed to be here 2 days ago.,High,Resolved,Casey,5,6.0,FALSE,5,"Escalated to carrier, offered $10 credit."
TICK-000711,CUST-00625,2025-11-23 15:40:00,Chat,Unknown Issue,Question,Does it work?,Low,Resolved,Alex,5,29.2,FALSE,4,Clarified user question and provided specs.
TICK-000712,CUST-00156,2025-09-17 13:39:00,Chat,Order Tracking,Where is my Coffee Machine?,I ordered a Coffee Machine and the tracking hasn't updated.,Low,Resolved,Pat,2,43.9,FALSE,4,Provided updated tracking link.
TICK-000713,CUST-00577,2025-09-15 13:49:00,Phone,Order Tracking,AGAIN: Where is my Yoga Mat?,I ordered a Yoga Mat and the tracking hasn't updated.,High,Escalated,Chris,10,,TRUE,,
TICK-000714,CUST-00036,2026-04-27 15:58:00,Chat,Order Tracking,Where is my Yoga Mat?,I ordered a Yoga Mat and the tracking hasn't updated.,Medium,Resolved,Alex,13,54.0,FALSE,3,Provided updated tracking link.
TICK-000715,CUST-00752,2026-01-03 20:56:00,Email,Wrong Product,Got the wrong item,"I didn't order this, I ordered a Electric Toothbrush.",High,Resolved,Sam,288,18.9,TRUE,2,Issued return label and shipped correct item.
TICK-000716,CUST-00193,2026-04-22 20:14:00,Email,Product Damage,Wireless Earbuds arrived broken,The box was smashed and the item is damaged.,High,Resolved,Jordan,232,18.0,FALSE,2,Sent overnight replacement.
TICK-000717,CUST-00999,2025-10-27 17:01:00,Email,Delivery Delay,AGAIN: Package is late,My Electric Toothbrush was supposed to be here 2 days ago.,Critical,Escalated,Jamie,290,,TRUE,,
TICK-000718,CUST-00978,2026-01-16 03:41:00,Phone,Wrong Product,Got the wrong item,"I didn't order this, I ordered a Mechanical Keyboard.",High,Resolved,Riley,10,18.2,FALSE,2,Issued return label and shipped correct item.
TICK-000719,CUST-00602,2026-03-20 23:43:00,Chat,Order Tracking,Where is my Coffee Machine?,I ordered a Coffee Machine and the tracking hasn't updated.,Low,Resolved,Sam,9,59.3,FALSE,2,Provided updated tracking link.
TICK-000720,CUST-00241,2025-08-25 13:46:00,Phone,Delivery Delay,Package is late,My Coffee Machine was supposed to be here 2 days ago.,High,Pending,Casey,8,,FALSE,,
TICK-000721,CUST-00611,2025-11-22 08:30:00,Chat,Refund Request,Need refund for Yoga Mat,I returned this last week and want my money back.,High,Open,Riley,9,,TRUE,,
TICK-000722,CUST-00590,2025-05-17 16:01:00,Email,Order Tracking,Where is my Coffee Machine?,I ordered a Coffee Machine and the tracking hasn't updated.,Low,Resolved,Pat,254,37.3,FALSE,2,Provided updated tracking link.
TICK-000723,CUST-00630,2025-09-18 02:10:00,Phone,Delivery Delay,Package is late,My Blender was supposed to be here 2 days ago.,Medium,Resolved,Riley,2,45.7,FALSE,2,"Escalated to carrier, offered $10 credit."
TICK-000724,CUST-00787,2026-01-26 12:38:00,Social Media,Order Tracking,Where is my Blender?,I ordered a Blender and the tracking hasn't updated.,Medium,Pending,Sam,165,,FALSE,,
TICK-000725,CUST-00489,2025-11-15 15:19:00,Email,Order Tracking,Where is my Yoga Mat?,I ordered a Yoga Mat and the tracking hasn't updated.,Medium,Resolved,Riley,28,60.6,FALSE,3,Provided updated tracking link.
TICK-000726,CUST-00876,2025-12-07 20:12:00,Phone,Wrong Product & Order Tracking,Where is my Coffee Machine?,I ordered a Coffee Machine and the tracking hasn't updated.,Medium,Resolved,Alex,7,51.5,FALSE,3,Provided updated tracking link.
TICK-000727,CUST-00640,2026-01-08 21:32:00,Email,Refund Request,AGAIN: Need refund for Smart TV,I returned this last week and want my money back.,High,Resolved,Taylor,32,6.8,FALSE,2,Refund processed to original payment method.
TICK-000728,CUST-00251,2026-01-24 04:55:00,Chat,Account Issue & Wrong Product,Got the wrong item,"I didn't order this, I ordered a Gaming Mouse.",High,Resolved,Riley,5,16.1,FALSE,4,Issued return label and shipped correct item.
TICK-000729,CUST-00577,2025-08-15 20:16:00,Email,Order Tracking,Where is my Gaming Mouse?,I ordered a Gaming Mouse and the tracking hasn't updated.,Low,Resolved,Taylor,54,56.8,FALSE,3,Provided updated tracking link.
TICK-000730,CUST-00771,2025-11-12 04:55:00,Phone,Delivery Delay,Package is late,My Blender was supposed to be here 2 days ago.,High,Escalated,Pat,6,,TRUE,,
TICK-000731,CUST-00454,2026-02-04 12:43:00,Chat,Refund Request,AGAIN: Need refund for Coffee Machine,I returned this last week and want my money back.,Critical,Resolved,Pat,2,1.8,TRUE,5,Refund processed to original payment method.
TICK-000732,CUST-00296,2025-07-21 15:17:00,Phone,Order Tracking,Where is my Electric Toothbrush?,I ordered a Electric Toothbrush and the tracking hasn't updated.,Medium,Resolved,Morgan,3,58.1,FALSE,5,Provided updated tracking link.
TICK-000733,CUST-00463,2025-09-19 11:27:00,Phone,Delivery Delay,AGAIN: Package is late,My Running Shoes was supposed to be here 2 days ago.,High,Resolved,Morgan,5,9.9,FALSE,2,"Escalated to carrier, offered $10 credit."
TICK-000734,CUST-00813,2026-03-17 20:23:00,Chat,Product Damage,Coffee Machine arrived broken,The box was smashed and the item is damaged.,High,Escalated,Chris,10,,TRUE,,
TICK-000735,CUST-00521,2025-07-02 11:11:00,Phone,Refund Request,Need refund for Mechanical Keyboard,I returned this last week and want my money back.,High,Resolved,Morgan,7,15.2,FALSE,1,Refund processed to original payment method.
TICK-000736,CUST-00565,2025-11-11 07:42:00,Email,Order Tracking,Where is my Smart TV?,I ordered a Smart TV and the tracking hasn't updated.,Medium,Open,Casey,181,,FALSE,,
TICK-000737,CUST-00809,2025-10-07 02:27:00,Chat,Wrong Product & Payment Issue,AGAIN: Charged twice!,My card was declined but I see a charge.,Critical,Escalated,Taylor,12,,TRUE,,
TICK-000738,CUST-00168,2025-09-11 05:48:00,Social Media,Refund Request,Need refund for Gaming Mouse,I returned this last week and want my money back.,Critical,Escalated,Alex,141,,TRUE,,
TICK-000739,CUST-00708,2025-12-27 11:35:00,Email,Order Tracking,Where is my Wireless Earbuds?,I ordered a Wireless Earbuds and the tracking hasn't updated.,Medium,Resolved,Riley,32,6.9,FALSE,3,Provided updated tracking link.
TICK-000740,CUST-00011,2026-04-10 17:45:00,Chat,Account Issue,Can't log in,Password reset not sending.,Low,Pending,Morgan,8,,FALSE,,
TICK-000741,CUST-00144,2025-07-09 23:33:00,Chat,Payment Issue & Delivery Delay,Package is late,My Electric Toothbrush was supposed to be here 2 days ago.,Critical,Resolved,Alex,13,1.3,TRUE,5,"Escalated to carrier, offered $10 credit."
TICK-000742,CUST-00942,2025-08-25 02:11:00,Chat,Payment Issue,Charged twice!,My card was declined but I see a charge.,High,Resolved,Pat,15,19.0,FALSE,5,Voided duplicate authorization hold.
TICK-000743,CUST-00958,2026-04-19 01:57:00,Chat,Wrong Product,Got the wrong item,"I didn't order this, I ordered a Mechanical Keyboard.",High,Pending,Jordan,8,,TRUE,,
TICK-000744,CUST-00380,2026-04-08 05:02:00,Chat,Product Damage,Coffee Machine arrived broken,The box was smashed and the item is damaged.,High,Resolved,Jordan,5,23.5,FALSE,4,Sent overnight replacement.
TICK-000745,CUST-00299,2025-11-06 08:11:00,Phone,General Inquiry,Help with my order,I have a few problems with my recent purchase.,Low,Pending,Taylor,10,,FALSE,,
TICK-000746,CUST-00516,2026-01-01 04:49:00,Email,Payment Issue,Charged twice!,My card was declined but I see a charge.,Critical,Escalated,Morgan,293,,TRUE,,
TICK-000747,CUST-00889,2025-07-31 15:36:00,Phone,Refund Request,Need refund for Blender,I returned this last week and want my money back.,Critical,Escalated,Pat,8,,TRUE,,
TICK-000748,CUST-00880,2026-02-18 18:43:00,Email,Product Damage,Wireless Earbuds arrived broken,The box was smashed and the item is damaged.,High,Resolved,Jamie,33,13.9,FALSE,5,Sent overnight replacement.
TICK-000749,CUST-00836,2025-08-29 16:12:00,Phone,Delivery Delay,Package is late,My Blender was supposed to be here 2 days ago.,High,Resolved,Chris,8,21.7,TRUE,3,"Escalated to carrier, offered $10 credit."
TICK-000750,CUST-00407,2025-10-16 17:50:00,Social Media,Refund Request,Need refund for Yoga Mat,I returned this last week and want my money back.,Medium,Open,Taylor,203,,FALSE,,
TICK-000751,CUST-00395,2026-02-26 23:23:00,Chat,Payment Issue,Charged twice!,My card was declined but I see a charge.,High,Resolved,Casey,10,21.5,FALSE,4,Voided duplicate authorization hold.
TICK-000752,CUST-00961,2025-08-18 02:48:00,Chat,Account Issue,Can't log in,Password reset not sending.,Low,Resolved,Jamie,13,48.6,FALSE,2,Sent manual reset link via SMS.
TICK-000753,CUST-00342,2025-09-18 05:56:00,Email,Order Tracking,Where is my Running Shoes?,I ordered a Running Shoes and the tracking hasn't updated.,Low,Resolved,Alex,253,28.8,FALSE,5,Provided updated tracking link.
TICK-000754,CUST-00118,2026-03-05 08:27:00,Phone,Order Tracking,AGAIN: Where is my Laptop Stand?,I ordered a Laptop Stand and the tracking hasn't updated.,High,Resolved,Chris,11,22.1,FALSE,2,Provided updated tracking link.
TICK-000755,CUST-00108,2025-12-10 16:52:00,Chat,Payment Issue,Charged twice!,My card was declined but I see a charge.,Medium,Open,Taylor,13,,FALSE,,
TICK-000756,CUST-00919,2025-08-08 10:04:00,Social Media,Order Tracking,Where is my Blender?,I ordered a Blender and the tracking hasn't updated.,Low,Resolved,Morgan,257,48.7,FALSE,3,Provided updated tracking link.
TICK-000757,CUST-00689,2025-06-22 04:21:00,Email,Refund Request,Need refund for Coffee Machine,I returned this last week and want my money back.,Medium,Open,Riley,248,,FALSE,,
TICK-000758,CUST-00978,2026-05-13 13:30:00,Phone,General Inquiry,Help with my order,I have a few problems with my recent purchase.,Low,Resolved,Taylor,2,65.7,FALSE,2,Addressed multiple queries.
TICK-000759,CUST-00495,2025-06-06 02:41:00,Email,Account Issue,Can't log in,Password reset not sending.,Low,Resolved,Jordan,93,37.2,FALSE,4,Sent manual reset link via SMS.
TICK-000760,CUST-00713,2026-02-05 06:43:00,Email,Wrong Product,Got the wrong item,"I didn't order this, I ordered a Laptop Stand.",High,Resolved,Casey,234,14.1,TRUE,4,Issued return label and shipped correct item.
TICK-000761,CUST-00100,2026-02-01 12:16:00,Chat,Delivery Delay,Package is late,My Mechanical Keyboard was supposed to be here 2 days ago.,High,Resolved,Chris,7,8.8,TRUE,5,"Escalated to carrier, offered $10 credit."
TICK-000762,CUST-00156,2025-09-17 02:47:00,Chat,Delivery Delay,Package is late,My Wireless Earbuds was supposed to be here 2 days ago.,High,Escalated,Chris,13,,TRUE,,
TICK-000763,CUST-00067,2025-12-08 21:07:00,Social Media,General Inquiry,Help with my order,I have a few problems with my recent purchase.,Low,Open,Pat,32,,FALSE,,
TICK-000764,CUST-00926,2025-10-04 06:16:00,Social Media,Refund Request,Need refund for Electric Toothbrush,I returned this last week and want my money back.,Low,Resolved,Riley,108,4.7,FALSE,5,Refund processed to original payment method.
TICK-000765,CUST-00287,2026-01-08 08:09:00,Email,Account Issue,Can't log in,Password reset not sending.,Low,Resolved,Morgan,138,64.4,FALSE,2,Sent manual reset link via SMS.
TICK-000766,CUST-00845,2026-03-31 03:26:00,Chat,Order Tracking,Where is my Mechanical Keyboard?,I ordered a Mechanical Keyboard and the tracking hasn't updated.,Low,Resolved,Chris,10,68.1,FALSE,4,Provided updated tracking link.
TICK-000767,CUST-00649,2025-12-29 10:35:00,Chat,Payment Issue,Charged twice!,My card was declined but I see a charge.,Critical,Resolved,Taylor,9,0.7,TRUE,2,Voided duplicate authorization hold.
TICK-000768,CUST-00527,2025-12-21 18:58:00,Phone,Product Damage,Gaming Mouse arrived broken,The box was smashed and the item is damaged.,High,Resolved,Sam,3,11.1,FALSE,5,Sent overnight replacement.
TICK-000769,CUST-00004,2025-10-24 19:31:00,Email,Refund Request,Need refund for Coffee Machine,I returned this last week and want my money back.,Critical,Pending,Pat,284,,TRUE,,
TICK-000770,CUST-00266,2026-05-16 07:55:00,Email,Order Tracking,Where is my Smart TV?,I ordered a Smart TV and the tracking hasn't updated.,Low,Resolved,Pat,31,47.9,FALSE,5,Provided updated tracking link.
TICK-000771,CUST-00534,2025-09-29 23:56:00,Chat,Delivery Delay,Package is late,My Electric Toothbrush was supposed to be here 2 days ago.,Medium,Open,Jordan,13,,FALSE,,
TICK-000772,CUST-00456,2025-08-13 08:53:00,Email,Order Tracking,Where is my Smart TV?,I ordered a Smart TV and the tracking hasn't updated.,High,Resolved,Casey,29,22.3,FALSE,5,Provided updated tracking link.
TICK-000773,CUST-00448,2025-12-27 08:13:00,Social Media,Delivery Delay,Package is late,My Gaming Mouse was supposed to be here 2 days ago.,High,Resolved,Jordan,280,23.3,TRUE,5,"Escalated to carrier, offered $10 credit."
TICK-000774,CUST-00546,2026-02-10 02:28:00,Phone,Order Tracking,Where is my Running Shoes?,I ordered a Running Shoes and the tracking hasn't updated.,Low,Resolved,Riley,12,29.7,FALSE,2,Provided updated tracking link.
TICK-000775,CUST-00336,2025-08-24 10:59:00,Phone,Product Damage,Yoga Mat arrived broken,The box was smashed and the item is damaged.,High,Resolved,Sam,1,2.9,TRUE,1,Sent overnight replacement.
TICK-000776,CUST-00441,2026-01-28 19:17:00,Chat,Delivery Delay,Package is late,My Electric Toothbrush was supposed to be here 2 days ago.,Medium,Resolved,Chris,5,41.2,FALSE,4,"Escalated to carrier, offered $10 credit."
TICK-000777,CUST-00842,2025-07-04 05:21:00,Email,Refund Request,Need refund for Yoga Mat,I returned this last week and want my money back.,Medium,Resolved,Taylor,258,12.6,FALSE,3,Refund processed to original payment method.
TICK-000778,CUST-00085,2025-10-01 06:38:00,Chat,Refund Request,Need refund for Yoga Mat,I returned this last week and want my money back.,Medium,Open,Riley,4,,FALSE,,
TICK-000779,CUST-00998,2025-07-12 23:30:00,Chat,Product Damage,Running Shoes arrived broken,The box was smashed and the item is damaged.,Medium,Resolved,Pat,6,39.9,FALSE,5,Sent overnight replacement.
TICK-000780,CUST-00889,2026-01-02 04:40:00,Email,Delivery Delay,Package is late,My Yoga Mat was supposed to be here 2 days ago.,Medium,Pending,Casey,60,,FALSE,,
TICK-000781,CUST-00835,2026-05-12 02:55:00,Chat,Order Tracking,Where is my Mechanical Keyboard?,I ordered a Mechanical Keyboard and the tracking hasn't updated.,Medium,Resolved,Alex,1,48.6,FALSE,1,Provided updated tracking link.
TICK-000782,CUST-00448,2025-07-30 14:11:00,Email,Account Issue,Can't log in,Password reset not sending.,Medium,Resolved,Jamie,110,60.7,FALSE,2,Sent manual reset link via SMS.
TICK-000783,CUST-00258,2025-10-08 07:24:00,Email,Delivery Delay,Package is late,My Blender was supposed to be here 2 days ago.,Medium,Open,Pat,49,,FALSE,,
TICK-000784,CUST-00773,2025-06-12 07:42:00,Social Media,Order Tracking,Where is my Mechanical Keyboard?,I ordered a Mechanical Keyboard and the tracking hasn't updated.,Medium,Resolved,Riley,98,2.1,FALSE,5,Provided updated tracking link.
TICK-000785,CUST-00775,2026-01-06 00:14:00,Chat,Product Damage,Coffee Machine arrived broken,The box was smashed and the item is damaged.,High,Resolved,Morgan,4,19.7,FALSE,1,Sent overnight replacement.
TICK-000786,CUST-00281,2025-06-22 15:40:00,Chat,Delivery Delay,Package is late,My Laptop Stand was supposed to be here 2 days ago.,Medium,Pending,Riley,10,,FALSE,,
TICK-000787,CUST-00536,2026-03-25 01:39:00,Chat,Product Damage,Mechanical Keyboard arrived broken,The box was smashed and the item is damaged.,High,Pending,Morgan,4,,TRUE,,
TICK-000788,CUST-00887,2025-10-17 14:20:00,Email,Refund Request,Need refund for Smart TV,I returned this last week and want my money back.,High,Escalated,Sam,188,,TRUE,,
TICK-000789,CUST-00459,2026-02-02 22:12:00,Chat,General Inquiry,Help with my order,I have a few problems with my recent purchase.,High,Resolved,Casey,12,16.3,FALSE,4,Addressed multiple queries.
TICK-000790,CUST-00036,2025-10-17 15:51:00,Social Media,Wrong Product,Got the wrong item,"I didn't order this, I ordered a Coffee Machine.",High,Escalated,Morgan,117,,TRUE,,
TICK-000791,CUST-00452,2025-09-13 03:23:00,Phone,Product Damage,Coffee Machine arrived broken,The box was smashed and the item is damaged.,Critical,Pending,Chris,14,,TRUE,,
TICK-000792,CUST-00198,2026-02-11 19:32:00,Chat,Wrong Product,Got the wrong item,"I didn't order this, I ordered a Blender.",Medium,Resolved,Sam,15,43.0,FALSE,5,Issued return label and shipped correct item.
TICK-000793,CUST-00769,2025-06-23 09:25:00,Chat,Account Issue,Can't log in,Password reset not sending.,Low,Resolved,Taylor,14,19.5,FALSE,5,Sent manual reset link via SMS.
TICK-000794,CUST-00432,2025-07-31 01:40:00,Chat,Order Tracking,Where is my Wireless Earbuds?,I ordered a Wireless Earbuds and the tracking hasn't updated.,Low,Resolved,Morgan,7,38.0,FALSE,1,Provided updated tracking link.
TICK-000795,CUST-00286,2026-04-08 11:49:00,Phone,Wrong Product,Got the wrong item,"I didn't order this, I ordered a Wireless Earbuds.",High,Resolved,Casey,6,14.2,TRUE,5,Issued return label and shipped correct item.
TICK-000796,CUST-00221,2025-12-30 21:12:00,Chat,Delivery Delay,Package is late,My Laptop Stand was supposed to be here 2 days ago.,Critical,Escalated,Pat,2,,TRUE,,
TICK-000797,CUST-00538,2025-06-04 07:09:00,Chat,Product Damage,Wireless Earbuds arrived broken,The box was smashed and the item is damaged.,Medium,Resolved,Jamie,2,49.6,FALSE,3,Sent overnight replacement.
TICK-000798,CUST-00110,2025-07-23 22:45:00,Email,Order Tracking,Where is my Mechanical Keyboard?,I ordered a Mechanical Keyboard and the tracking hasn't updated.,High,Resolved,Jordan,286,23.5,FALSE,5,Provided updated tracking link.
TICK-000799,CUST-00909,2025-08-10 22:12:00,Email,Order Tracking,Where is my Laptop Stand?,I ordered a Laptop Stand and the tracking hasn't updated.,Medium,Resolved,Chris,290,67.0,FALSE,3,Provided updated tracking link.
TICK-000800,CUST-00817,2026-02-02 00:46:00,Chat,Delivery Delay & Order Tracking,Where is my Smart TV?,I ordered a Smart TV and the tracking hasn't updated.,High,Resolved,Alex,12,17.7,TRUE,4,Provided updated tracking link.
TICK-000801,CUST-00045,2025-11-26 02:42:00,Email,Delivery Delay,Package is late,My Laptop Stand was supposed to be here 2 days ago.,Critical,Resolved,Riley,274,1.3,TRUE,1,"Escalated to carrier, offered $10 credit."
TICK-000802,CUST-00203,2025-10-22 17:03:00,Email,Refund Request,AGAIN: Need refund for Coffee Machine,I returned this last week and want my money back.,Critical,Resolved,Jordan,89,3.0,TRUE,2,Refund processed to original payment method.
TICK-000803,CUST-00059,2026-01-20 09:12:00,Chat,Unknown Issue,Question,Does it work?,Low,Pending,Jordan,11,,FALSE,,
TICK-000804,CUST-00904,2025-11-13 04:55:00,Chat,Order Tracking,Where is my Wireless Earbuds?,I ordered a Wireless Earbuds and the tracking hasn't updated.,Medium,Resolved,Taylor,7,9.4,FALSE,2,Provided updated tracking link.
TICK-000805,CUST-00996,2025-11-14 13:23:00,Chat,Order Tracking,Where is my Blender?,I ordered a Blender and the tracking hasn't updated.,Medium,Resolved,Pat,15,1.6,FALSE,5,Provided updated tracking link.
TICK-000806,CUST-00828,2025-09-14 10:54:00,Phone,General Inquiry,Help with my order,I have a few problems with my recent purchase.,Low,Open,Riley,3,,FALSE,,
TICK-000807,CUST-00727,2026-04-21 19:28:00,Phone,Product Damage,Laptop Stand arrived broken,The box was smashed and the item is damaged.,High,Resolved,Jamie,10,15.2,FALSE,4,Sent overnight replacement.
TICK-000808,CUST-00749,2026-01-06 06:56:00,Chat,Delivery Delay,Package is late,My Coffee Machine was supposed to be here 2 days ago.,High,Resolved,Alex,1,20.1,FALSE,5,"Escalated to carrier, offered $10 credit."
TICK-000809,CUST-00985,2026-04-24 21:07:00,Email,Order Tracking,Where is my Running Shoes?,I ordered a Running Shoes and the tracking hasn't updated.,Low,Resolved,Taylor,182,60.2,FALSE,2,Provided updated tracking link.
TICK-000810,CUST-00364,2025-08-16 13:39:00,Email,Account Issue,AGAIN: Can't log in,Password reset not sending.,High,Pending,Taylor,179,,FALSE,,
TICK-000811,CUST-00179,2025-12-09 20:58:00,Phone,Order Tracking,Where is my Running Shoes?,I ordered a Running Shoes and the tracking hasn't updated.,High,Resolved,Sam,13,8.3,TRUE,5,Provided updated tracking link.
TICK-000812,CUST-00617,2025-11-27 07:17:00,Chat,Refund Request,Need refund for Gaming Mouse,I returned this last week and want my money back.,Medium,Resolved,Taylor,15,23.4,FALSE,4,Refund processed to original payment method.
TICK-000813,CUST-00495,2025-11-20 06:41:00,Chat,Delivery Delay,Package is late,My Electric Toothbrush was supposed to be here 2 days ago.,Medium,Resolved,Jamie,10,4.6,FALSE,4,"Escalated to carrier, offered $10 credit."
TICK-000814,CUST-00692,2026-03-21 10:50:00,Phone,Delivery Delay,Package is late,My Electric Toothbrush was supposed to be here 2 days ago.,Critical,Resolved,Chris,3,2.2,TRUE,5,"Escalated to carrier, offered $10 credit."
TICK-000815,CUST-00168,2025-11-30 03:09:00,Chat,Product Damage,Running Shoes arrived broken,The box was smashed and the item is damaged.,High,Resolved,Riley,1,18.8,FALSE,1,Sent overnight replacement.
TICK-000816,CUST-00104,2025-08-17 04:52:00,Email,Product Damage,Running Shoes arrived broken,The box was smashed and the item is damaged.,High,Open,Casey,190,,FALSE,,
TICK-000817,CUST-00973,2025-11-04 12:52:00,Chat,Delivery Delay,Package is late,My Smart TV was supposed to be here 2 days ago.,High,Pending,Chris,1,,FALSE,,
TICK-000818,CUST-00785,2025-08-10 07:23:00,Phone,Account Issue,Can't log in,Password reset not sending.,Low,Resolved,Morgan,9,56.3,FALSE,2,Sent manual reset link via SMS.
TICK-000819,CUST-00651,2026-04-27 01:03:00,Chat,General Inquiry,Help with my order,I have a few problems with my recent purchase.,Low,Resolved,Casey,15,34.4,FALSE,4,Addressed multiple queries.
TICK-000820,CUST-00134,2026-01-10 07:29:00,Chat,Order Tracking,Where is my Smart TV?,I ordered a Smart TV and the tracking hasn't updated.,Low,Resolved,Taylor,11,57.0,FALSE,2,Provided updated tracking link.
TICK-000821,CUST-00687,2026-02-14 02:25:00,Chat,Order Tracking,Where is my Coffee Machine?,I ordered a Coffee Machine and the tracking hasn't updated.,Medium,Resolved,Jamie,9,51.2,FALSE,1,Provided updated tracking link.
TICK-000822,CUST-00612,2026-04-16 23:13:00,Social Media,Refund Request,Need refund for Laptop Stand,I returned this last week and want my money back.,Critical,Pending,Casey,185,,FALSE,,
TICK-000823,CUST-00637,2025-11-16 01:25:00,Chat,Payment Issue,Charged twice!,My card was declined but I see a charge.,Medium,Resolved,Sam,13,9.6,FALSE,4,Voided duplicate authorization hold.
TICK-000824,CUST-00634,2025-12-01 23:46:00,Phone,Product Damage,Coffee Machine arrived broken,The box was smashed and the item is damaged.,High,Resolved,Pat,9,23.8,TRUE,5,Sent overnight replacement.
TICK-000825,CUST-00892,2025-06-20 18:01:00,Email,Delivery Delay,Package is late,My Yoga Mat was supposed to be here 2 days ago.,High,Resolved,Riley,161,2.6,FALSE,1,"Escalated to carrier, offered $10 credit."
TICK-000826,CUST-00772,2025-10-30 03:18:00,Email,Wrong Product,Got the wrong item,"I didn't order this, I ordered a Laptop Stand.",Medium,Pending,Casey,85,,FALSE,,
TICK-000827,CUST-00706,2026-05-05 03:19:00,Chat,Unknown Issue,Question,Does it work?,Low,Resolved,Sam,13,67.5,FALSE,2,Clarified user question and provided specs.
TICK-000828,CUST-00620,2025-08-08 06:30:00,Phone,Account Issue,Can't log in,Password reset not sending.,Low,Open,Alex,6,,FALSE,,
TICK-000829,CUST-00889,2025-09-08 05:43:00,Email,Order Tracking,Where is my Laptop Stand?,I ordered a Laptop Stand and the tracking hasn't updated.,Low,Open,Chris,258,,FALSE,,
TICK-000830,CUST-00675,2025-06-05 23:30:00,Email,Payment Issue,Charged twice!,My card was declined but I see a charge.,High,Resolved,Morgan,60,20.3,FALSE,5,Voided duplicate authorization hold.
TICK-000831,CUST-00615,2025-11-30 18:28:00,Chat,Account Issue,Can't log in,Password reset not sending.,Medium,Resolved,Alex,12,25.8,FALSE,5,Sent manual reset link via SMS.
TICK-000832,CUST-00429,2025-10-05 13:42:00,Chat,Account Issue,Can't log in,Password reset not sending.,Low,Resolved,Jamie,1,39.6,FALSE,2,Sent manual reset link via SMS.
TICK-000833,CUST-00228,2025-11-21 12:52:00,Chat,Order Tracking,Where is my Gaming Mouse?,I ordered a Gaming Mouse and the tracking hasn't updated.,Low,Resolved,Pat,6,63.6,FALSE,2,Provided updated tracking link.
TICK-000834,CUST-00540,2025-08-07 17:13:00,Chat,Wrong Product,Got the wrong item,"I didn't order this, I ordered a Mechanical Keyboard.",Medium,Open,Taylor,12,,FALSE,,
TICK-000835,CUST-00575,2025-09-18 05:29:00,Phone,Refund Request & Delivery Delay,Package is late,My Yoga Mat was supposed to be here 2 days ago.,High,Resolved,Pat,13,15.4,FALSE,5,"Escalated to carrier, offered $10 credit."
TICK-000836,CUST-00491,2026-03-21 23:06:00,Email,Refund Request,Need refund for Coffee Machine,I returned this last week and want my money back.,Medium,Pending,Chris,286,,FALSE,,
TICK-000837,CUST-00375,2026-04-27 16:35:00,Phone,General Inquiry,Help with my order,I have a few problems with my recent purchase.,Low,Resolved,Casey,2,29.0,FALSE,4,Addressed multiple queries.
TICK-000838,CUST-00041,2025-07-19 21:28:00,Email,Order Tracking,Where is my Blender?,I ordered a Blender and the tracking hasn't updated.,Low,Resolved,Taylor,205,27.9,FALSE,4,Provided updated tracking link.
TICK-000839,CUST-00187,2026-01-28 23:49:00,Chat,Order Tracking,Where is my Running Shoes?,I ordered a Running Shoes and the tracking hasn't updated.,Medium,Resolved,Pat,5,69.7,FALSE,2,Provided updated tracking link.
TICK-000840,CUST-00729,2025-06-10 04:07:00,Email,Account Issue,Can't log in,Password reset not sending.,Low,Resolved,Pat,145,57.3,FALSE,2,Sent manual reset link via SMS.
TICK-000841,CUST-00482,2025-08-22 04:50:00,Email,Wrong Product,Got the wrong item,"I didn't order this, I ordered a Mechanical Keyboard.",High,Resolved,Morgan,221,7.4,FALSE,5,Issued return label and shipped correct item.
TICK-000842,CUST-00235,2025-07-02 16:35:00,Email,Payment Issue,AGAIN: Charged twice!,My card was declined but I see a charge.,Critical,Resolved,Morgan,51,1.5,FALSE,2,Voided duplicate authorization hold.
TICK-000843,CUST-00819,2026-03-20 05:38:00,Phone,Delivery Delay,Package is late,My Coffee Machine was supposed to be here 2 days ago.,Medium,Resolved,Riley,11,48.1,FALSE,5,"Escalated to carrier, offered $10 credit."
TICK-000844,CUST-00406,2026-04-22 00:32:00,Chat,Account Issue,Can't log in,Password reset not sending.,Low,Resolved,Chris,1,4.0,FALSE,3,Sent manual reset link via SMS.
TICK-000845,CUST-00503,2026-04-26 22:39:00,Chat,Order Tracking & Refund Request,Where is my Gaming Mouse?,I ordered a Gaming Mouse and the tracking hasn't updated.,Medium,Resolved,Jordan,14,41.5,FALSE,4,Provided updated tracking link.
TICK-000846,CUST-00929,2026-04-09 03:48:00,Phone,Payment Issue,Charged twice!,My card was declined but I see a charge.,High,Resolved,Morgan,6,8.0,FALSE,3,Voided duplicate authorization hold.
TICK-000847,CUST-00206,2025-09-18 03:26:00,Social Media,Account Issue & Payment Issue,Charged twice!,My card was declined but I see a charge.,High,Resolved,Jamie,248,3.5,FALSE,3,Voided duplicate authorization hold.
TICK-000848,CUST-00339,2025-10-18 23:27:00,Social Media,Order Tracking,Where is my Yoga Mat?,I ordered a Yoga Mat and the tracking hasn't updated.,Low,Resolved,Riley,109,18.1,FALSE,5,Provided updated tracking link.
TICK-000849,CUST-00737,2026-05-01 19:53:00,Phone,Order Tracking,Where is my Mechanical Keyboard?,I ordered a Mechanical Keyboard and the tracking hasn't updated.,Medium,Resolved,Pat,13,57.0,FALSE,2,Provided updated tracking link.
TICK-000850,CUST-00965,2025-11-04 21:28:00,Chat,Order Tracking,Where is my Yoga Mat?,I ordered a Yoga Mat and the tracking hasn't updated.,Low,Resolved,Casey,5,14.3,FALSE,3,Provided updated tracking link.
TICK-000851,CUST-00992,2026-03-17 17:08:00,Chat,Payment Issue,Charged twice!,My card was declined but I see a charge.,Critical,Resolved,Morgan,1,3.8,FALSE,5,Voided duplicate authorization hold.
TICK-000852,CUST-00732,2026-03-28 11:13:00,Chat,Order Tracking,Where is my Gaming Mouse?,I ordered a Gaming Mouse and the tracking hasn't updated.,Low,Resolved,Alex,14,13.9,FALSE,5,Provided updated tracking link.
TICK-000853,CUST-00035,2025-09-28 23:42:00,Email,Unknown Issue,Question,Does it work?,Low,Resolved,Jamie,250,65.1,FALSE,1,Clarified user question and provided specs.
TICK-000854,CUST-00922,2026-05-01 14:09:00,Social Media,Payment Issue,AGAIN: Charged twice!,My card was declined but I see a charge.,Critical,Resolved,Chris,237,3.0,TRUE,2,Voided duplicate authorization hold.
TICK-000855,CUST-00357,2026-01-11 13:14:00,Phone,Delivery Delay,Package is late,My Smart TV was supposed to be here 2 days ago.,Medium,Resolved,Jordan,3,18.2,FALSE,5,"Escalated to carrier, offered $10 credit."
TICK-000856,CUST-00507,2025-06-08 12:30:00,Email,Order Tracking,Where is my Electric Toothbrush?,I ordered a Electric Toothbrush and the tracking hasn't updated.,Medium,Open,Chris,111,,FALSE,,
TICK-000857,CUST-00531,2025-06-15 05:58:00,Social Media,Product Damage,Mechanical Keyboard arrived broken,The box was smashed and the item is damaged.,Critical,Resolved,Pat,44,4.0,TRUE,1,Sent overnight replacement.
TICK-000858,CUST-00473,2025-12-10 00:50:00,Email,Wrong Product,Got the wrong item,"I didn't order this, I ordered a Coffee Machine.",High,Resolved,Alex,260,15.3,FALSE,4,Issued return label and shipped correct item.
TICK-000859,CUST-00842,2025-07-06 09:37:00,Chat,Delivery Delay,Package is late,My Laptop Stand was supposed to be here 2 days ago.,Medium,Resolved,Sam,2,58.4,FALSE,1,"Escalated to carrier, offered $10 credit."
TICK-000860,CUST-00151,2025-06-04 09:27:00,Phone,Refund Request,Need refund for Electric Toothbrush,I returned this last week and want my money back.,Medium,Resolved,Sam,14,43.1,FALSE,3,Refund processed to original payment method.
TICK-000861,CUST-00608,2026-05-06 23:40:00,Email,Order Tracking,Where is my Yoga Mat?,I ordered a Yoga Mat and the tracking hasn't updated.,Low,Resolved,Alex,41,10.3,FALSE,1,Provided updated tracking link.
TICK-000862,CUST-00456,2025-07-12 23:36:00,Chat,Payment Issue & Wrong Product,Charged twice!,My card was declined but I see a charge.,Medium,Resolved,Alex,4,6.4,FALSE,3,Voided duplicate authorization hold.
TICK-000863,CUST-00910,2025-09-22 16:52:00,Chat,Order Tracking,Where is my Mechanical Keyboard?,I ordered a Mechanical Keyboard and the tracking hasn't updated.,Low,Resolved,Jamie,5,2.5,FALSE,3,Provided updated tracking link.
TICK-000864,CUST-00589,2025-08-29 01:19:00,Chat,Wrong Product,Got the wrong item,"I didn't order this, I ordered a Mechanical Keyboard.",High,Resolved,Riley,5,18.9,TRUE,4,Issued return label and shipped correct item.
TICK-000865,CUST-00180,2025-07-18 10:38:00,Chat,Payment Issue,Charged twice!,My card was declined but I see a charge.,High,Resolved,Taylor,11,15.9,FALSE,3,Voided duplicate authorization hold.
TICK-000866,CUST-00523,2025-06-11 22:32:00,Phone,Delivery Delay,Package is late,My Mechanical Keyboard was supposed to be here 2 days ago.,Medium,Resolved,Sam,15,13.4,FALSE,4,"Escalated to carrier, offered $10 credit."
TICK-000867,CUST-00346,2026-02-12 23:59:00,Chat,Wrong Product,Got the wrong item,"I didn't order this, I ordered a Mechanical Keyboard.",Medium,Resolved,Morgan,15,47.1,FALSE,5,Issued return label and shipped correct item.
TICK-000868,CUST-00466,2025-08-14 05:29:00,Chat,Refund Request,Need refund for Blender,I returned this last week and want my money back.,High,Resolved,Riley,3,14.5,FALSE,4,Refund processed to original payment method.
TICK-000869,CUST-00567,2025-10-30 03:19:00,Email,Payment Issue,Charged twice!,My card was declined but I see a charge.,Critical,Resolved,Taylor,137,3.4,TRUE,3,Voided duplicate authorization hold.
TICK-000870,CUST-00274,2025-07-19 05:37:00,Chat,Wrong Product,Got the wrong item,"I didn't order this, I ordered a Gaming Mouse.",Medium,Resolved,Sam,7,64.5,FALSE,5,Issued return label and shipped correct item.
TICK-000871,CUST-00863,2026-02-11 18:46:00,Email,Refund Request,Need refund for Blender,I returned this last week and want my money back.,Medium,Resolved,Sam,45,35.0,FALSE,4,Refund processed to original payment method.
TICK-000872,CUST-00840,2025-06-27 21:10:00,Social Media,Payment Issue,Charged twice!,My card was declined but I see a charge.,Critical,Resolved,Taylor,152,1.8,TRUE,2,Voided duplicate authorization hold.
TICK-000873,CUST-00289,2025-08-28 20:39:00,Phone,Account Issue,Can't log in,Password reset not sending.,Low,Open,Chris,4,,FALSE,,
TICK-000874,CUST-00046,2025-11-25 01:10:00,Chat,Wrong Product,Got the wrong item,"I didn't order this, I ordered a Mechanical Keyboard.",Medium,Resolved,Casey,1,10.5,FALSE,4,Issued return label and shipped correct item.
TICK-000875,CUST-00682,2026-03-13 12:41:00,Email,Wrong Product,Got the wrong item,"I didn't order this, I ordered a Coffee Machine.",High,Resolved,Riley,110,13.2,FALSE,2,Issued return label and shipped correct item.
TICK-000876,CUST-00943,2026-03-16 07:29:00,Email,Account Issue & Wrong Product,Got the wrong item,"I didn't order this, I ordered a Mechanical Keyboard.",Medium,Resolved,Jordan,147,69.6,FALSE,3,Issued return label and shipped correct item.
TICK-000877,CUST-00738,2025-06-27 03:57:00,Phone,Account Issue,Can't log in,Password reset not sending.,Low,Resolved,Jamie,1,30.1,FALSE,3,Sent manual reset link via SMS.
TICK-000878,CUST-00553,2025-05-18 10:29:00,Email,Payment Issue,Charged twice!,My card was declined but I see a charge.,High,Resolved,Taylor,272,3.0,FALSE,4,Voided duplicate authorization hold.
TICK-000879,CUST-00106,2025-10-28 07:28:00,Chat,Payment Issue,Charged twice!,My card was declined but I see a charge.,High,Pending,Jamie,9,,TRUE,,
TICK-000880,CUST-00114,2025-07-04 19:24:00,Chat,Order Tracking,Where is my Yoga Mat?,I ordered a Yoga Mat and the tracking hasn't updated.,Low,Open,Chris,15,,FALSE,,
TICK-000881,CUST-00004,2025-07-08 10:44:00,Chat,Wrong Product & Account Issue,Got the wrong item,"I didn't order this, I ordered a Smart TV.",Medium,Pending,Jamie,12,,FALSE,,
TICK-000882,CUST-00665,2026-02-12 00:58:00,Phone,Order Tracking,Where is my Gaming Mouse?,I ordered a Gaming Mouse and the tracking hasn't updated.,Low,Open,Casey,1,,FALSE,,
TICK-000883,CUST-00370,2025-05-24 17:48:00,Email,Order Tracking,Where is my Laptop Stand?,I ordered a Laptop Stand and the tracking hasn't updated.,Low,Open,Jamie,225,,FALSE,,
TICK-000884,CUST-00285,2025-05-26 02:41:00,Chat,Product Damage,Gaming Mouse arrived broken,The box was smashed and the item is damaged.,High,Open,Taylor,15,,FALSE,,
TICK-000885,CUST-00346,2025-06-07 15:35:00,Chat,Payment Issue,Charged twice!,My card was declined but I see a charge.,High,Resolved,Alex,6,9.4,TRUE,2,Voided duplicate authorization hold.
TICK-000886,CUST-00240,2025-07-01 18:10:00,Chat,Account Issue,Can't log in,Password reset not sending.,Low,Resolved,Chris,12,33.2,FALSE,5,Sent manual reset link via SMS.
TICK-000887,CUST-00659,2025-12-09 13:15:00,Chat,Wrong Product,Got the wrong item,"I didn't order this, I ordered a Blender.",Low,Resolved,Riley,15,6.1,FALSE,2,Issued return label and shipped correct item.
TICK-000888,CUST-00505,2025-07-27 23:30:00,Chat,Account Issue,Can't log in,Password reset not sending.,Medium,Open,Jamie,6,,FALSE,,
TICK-000889,CUST-00499,2025-07-15 16:34:00,Email,Account Issue,Can't log in,Password reset not sending.,Low,Resolved,Riley,100,58.8,FALSE,2,Sent manual reset link via SMS.
TICK-000890,CUST-00637,2025-09-15 20:58:00,Chat,Account Issue & Delivery Delay,Package is late,My Blender was supposed to be here 2 days ago.,High,Resolved,Casey,3,17.5,FALSE,5,"Escalated to carrier, offered $10 credit."
TICK-000891,CUST-00449,2025-05-24 11:50:00,Chat,Product Damage,Yoga Mat arrived broken,The box was smashed and the item is damaged.,High,Resolved,Alex,6,15.2,FALSE,5,Sent overnight replacement.
TICK-000892,CUST-00761,2025-05-28 21:02:00,Email,Payment Issue,Charged twice!,My card was declined but I see a charge.,High,Resolved,Morgan,111,15.3,FALSE,4,Voided duplicate authorization hold.
TICK-000893,CUST-00041,2025-07-14 14:22:00,Phone,Delivery Delay,Package is late,My Laptop Stand was supposed to be here 2 days ago.,Medium,Resolved,Pat,13,67.0,FALSE,1,"Escalated to carrier, offered $10 credit."
TICK-000894,CUST-00652,2025-07-29 12:06:00,Email,Product Damage,Gaming Mouse arrived broken,The box was smashed and the item is damaged.,High,Resolved,Sam,222,18.5,FALSE,2,Sent overnight replacement.
TICK-000895,CUST-00080,2026-03-04 11:07:00,Chat,Product Damage,Gaming Mouse arrived broken,The box was smashed and the item is damaged.,High,Resolved,Jamie,12,13.5,FALSE,4,Sent overnight replacement.
TICK-000896,CUST-00161,2026-04-21 03:12:00,Email,Order Tracking,Where is my Smart TV?,I ordered a Smart TV and the tracking hasn't updated.,Low,Resolved,Casey,54,27.6,FALSE,5,Provided updated tracking link.
TICK-000897,CUST-00095,2026-04-29 09:17:00,Email,Payment Issue,Charged twice!,My card was declined but I see a charge.,Critical,Escalated,Taylor,124,,TRUE,,
TICK-000898,CUST-00140,2025-09-18 07:45:00,Chat,Payment Issue,Charged twice!,My card was declined but I see a charge.,Critical,Resolved,Alex,1,3.6,TRUE,3,Voided duplicate authorization hold.
TICK-000899,CUST-00359,2026-02-07 13:02:00,Chat,Payment Issue,Charged twice!,My card was declined but I see a charge.,Critical,Pending,Alex,12,,TRUE,,
TICK-000900,CUST-00758,2026-01-08 19:23:00,Email,Unknown Issue,Question,Does it work?,Low,Resolved,Riley,56,35.1,FALSE,3,Clarified user question and provided specs.
TICK-000901,CUST-00114,2026-04-18 07:16:00,Email,Order Tracking,Where is my Coffee Machine?,I ordered a Coffee Machine and the tracking hasn't updated.,Low,Open,Jordan,223,,FALSE,,
TICK-000902,CUST-00066,2026-03-01 23:35:00,Social Media,Account Issue,Can't log in,Password reset not sending.,Medium,Resolved,Taylor,267,17.4,FALSE,3,Sent manual reset link via SMS.
TICK-000903,CUST-00309,2026-03-20 10:47:00,Chat,Product Damage,Laptop Stand arrived broken,The box was smashed and the item is damaged.,High,Resolved,Riley,1,6.2,TRUE,4,Sent overnight replacement.
TICK-000904,CUST-00726,2026-04-07 21:11:00,Chat,Order Tracking,Where is my Mechanical Keyboard?,I ordered a Mechanical Keyboard and the tracking hasn't updated.,Medium,Open,Morgan,6,,FALSE,,
TICK-000905,CUST-00434,2026-03-24 09:36:00,Social Media,Delivery Delay,Package is late,My Running Shoes was supposed to be here 2 days ago.,Medium,Resolved,Taylor,112,53.7,FALSE,2,"Escalated to carrier, offered $10 credit."
TICK-000906,CUST-00194,2025-07-25 14:53:00,Phone,Unknown Issue,Question,Does it work?,Low,Pending,Jamie,7,,FALSE,,
TICK-000907,CUST-00862,2025-06-09 23:09:00,Phone,Payment Issue,Charged twice!,My card was declined but I see a charge.,High,Pending,Riley,15,,FALSE,,
TICK-000908,CUST-00593,2026-02-01 21:24:00,Social Media,Order Tracking & Payment Issue,Where is my Laptop Stand?,I ordered a Laptop Stand and the tracking hasn't updated.,High,Resolved,Riley,264,13.5,FALSE,2,Provided updated tracking link.
TICK-000909,CUST-00479,2025-08-05 15:10:00,Chat,Wrong Product,Got the wrong item,"I didn't order this, I ordered a Running Shoes.",High,Resolved,Pat,12,7.2,TRUE,1,Issued return label and shipped correct item.
TICK-000910,CUST-00266,2025-05-22 17:34:00,Email,Payment Issue,Charged twice!,My card was declined but I see a charge.,Medium,Resolved,Alex,106,30.5,FALSE,4,Voided duplicate authorization hold.
TICK-000911,CUST-00789,2026-01-02 05:17:00,Chat,Order Tracking,Where is my Blender?,I ordered a Blender and the tracking hasn't updated.,Low,Resolved,Casey,14,14.2,FALSE,4,Provided updated tracking link.
TICK-000912,CUST-00626,2025-09-18 22:49:00,Social Media,Refund Request,Need refund for Running Shoes,I returned this last week and want my money back.,High,Resolved,Morgan,292,2.4,FALSE,4,Refund processed to original payment method.
TICK-000913,CUST-00818,2025-05-17 22:25:00,Chat,Product Damage,Wireless Earbuds arrived broken,The box was smashed and the item is damaged.,High,Open,Jordan,15,,FALSE,,
TICK-000914,CUST-00632,2025-10-09 03:14:00,Social Media,Delivery Delay,Package is late,My Blender was supposed to be here 2 days ago.,High,Resolved,Jamie,102,15.6,FALSE,5,"Escalated to carrier, offered $10 credit."
TICK-000915,CUST-00007,2026-03-16 14:33:00,Email,Refund Request,Need refund for Coffee Machine,I returned this last week and want my money back.,High,Resolved,Taylor,184,22.1,TRUE,5,Refund processed to original payment method.
TICK-000916,CUST-00244,2026-01-23 11:40:00,Social Media,Refund Request,Need refund for Mechanical Keyboard,I returned this last week and want my money back.,High,Open,Alex,71,,FALSE,,
TICK-000917,CUST-00432,2026-03-19 11:50:00,Phone,Order Tracking,Where is my Gaming Mouse?,I ordered a Gaming Mouse and the tracking hasn't updated.,Low,Resolved,Jamie,6,14.4,FALSE,3,Provided updated tracking link.
TICK-000918,CUST-00486,2026-03-04 11:11:00,Chat,Order Tracking,Where is my Blender?,I ordered a Blender and the tracking hasn't updated.,Low,Resolved,Alex,2,3.9,FALSE,3,Provided updated tracking link.
TICK-000919,CUST-00230,2026-05-13 14:23:00,Chat,Payment Issue,Charged twice!,My card was declined but I see a charge.,Critical,Resolved,Alex,3,2.3,TRUE,1,Voided duplicate authorization hold.
TICK-000920,CUST-00834,2025-08-04 03:56:00,Email,Order Tracking,Where is my Electric Toothbrush?,I ordered a Electric Toothbrush and the tracking hasn't updated.,Low,Resolved,Sam,186,24.0,FALSE,4,Provided updated tracking link.
TICK-000921,CUST-00331,2025-07-07 02:51:00,Social Media,Account Issue,Can't log in,Password reset not sending.,Low,Open,Jamie,209,,FALSE,,
TICK-000922,CUST-00113,2025-10-02 01:46:00,Email,Account Issue,Can't log in,Password reset not sending.,Medium,Resolved,Chris,111,59.6,FALSE,2,Sent manual reset link via SMS.
TICK-000923,CUST-00248,2026-01-04 23:24:00,Chat,Delivery Delay,Package is late,My Smart TV was supposed to be here 2 days ago.,Medium,Resolved,Sam,7,5.3,FALSE,4,"Escalated to carrier, offered $10 credit."
TICK-000924,CUST-00292,2025-12-23 21:28:00,Social Media,Order Tracking,Where is my Smart TV?,I ordered a Smart TV and the tracking hasn't updated.,Low,Resolved,Sam,78,69.2,FALSE,1,Provided updated tracking link.
TICK-000925,CUST-00701,2026-02-08 16:43:00,Phone,Order Tracking,Where is my Coffee Machine?,I ordered a Coffee Machine and the tracking hasn't updated.,Low,Resolved,Riley,2,50.0,FALSE,2,Provided updated tracking link.
TICK-000926,CUST-00091,2025-10-15 20:11:00,Chat,Payment Issue,AGAIN: Charged twice!,My card was declined but I see a charge.,Critical,Open,Chris,6,,TRUE,,
TICK-000927,CUST-00526,2025-11-18 12:09:00,Chat,Delivery Delay,Package is late,My Blender was supposed to be here 2 days ago.,High,Resolved,Casey,15,19.7,TRUE,5,"Escalated to carrier, offered $10 credit."
TICK-000928,CUST-00799,2025-12-04 22:18:00,Chat,Product Damage,Laptop Stand arrived broken,The box was smashed and the item is damaged.,High,Resolved,Morgan,15,19.7,FALSE,5,Sent overnight replacement.
TICK-000929,CUST-00645,2025-10-23 03:30:00,Chat,Order Tracking,Where is my Coffee Machine?,I ordered a Coffee Machine and the tracking hasn't updated.,Low,Resolved,Jamie,3,32.0,FALSE,2,Provided updated tracking link.
TICK-000930,CUST-00100,2026-05-12 04:44:00,Phone,Order Tracking,Where is my Blender?,I ordered a Blender and the tracking hasn't updated.,Medium,Resolved,Pat,6,12.2,FALSE,4,Provided updated tracking link.
TICK-000931,CUST-00621,2025-10-29 23:30:00,Chat,Refund Request,Need refund for Gaming Mouse,I returned this last week and want my money back.,Medium,Resolved,Alex,15,26.7,FALSE,5,Refund processed to original payment method.
TICK-000932,CUST-00558,2025-09-30 16:38:00,Chat,Delivery Delay,AGAIN: Package is late,My Smart TV was supposed to be here 2 days ago.,High,Resolved,Casey,10,18.3,FALSE,5,"Escalated to carrier, offered $10 credit."
TICK-000933,CUST-00604,2025-08-19 18:48:00,Email,Delivery Delay,Package is late,My Running Shoes was supposed to be here 2 days ago.,Critical,Escalated,Jamie,67,,TRUE,,
TICK-000934,CUST-00423,2025-07-19 18:41:00,Social Media,Product Damage,Running Shoes arrived broken,The box was smashed and the item is damaged.,High,Pending,Casey,148,,TRUE,,
TICK-000935,CUST-00313,2025-07-10 19:44:00,Chat,Order Tracking,Where is my Mechanical Keyboard?,I ordered a Mechanical Keyboard and the tracking hasn't updated.,Low,Resolved,Casey,2,50.7,FALSE,1,Provided updated tracking link.
TICK-000936,CUST-00185,2025-10-09 06:44:00,Chat,Payment Issue,Charged twice!,My card was declined but I see a charge.,Critical,Resolved,Chris,3,3.1,TRUE,2,Voided duplicate authorization hold.
TICK-000937,CUST-00570,2025-10-13 10:27:00,Email,Delivery Delay,Package is late,My Laptop Stand was supposed to be here 2 days ago.,Medium,Resolved,Jordan,41,2.0,FALSE,4,"Escalated to carrier, offered $10 credit."
TICK-000938,CUST-00705,2025-05-31 20:04:00,Phone,Account Issue,Can't log in,Password reset not sending.,Low,Resolved,Pat,1,13.7,FALSE,1,Sent manual reset link via SMS.
TICK-000939,CUST-00890,2025-08-07 13:38:00,Social Media,Refund Request,Need refund for Wireless Earbuds,I returned this last week and want my money back.,High,Pending,Riley,89,,FALSE,,
TICK-000940,CUST-00296,2025-11-08 06:57:00,Social Media,Product Damage,Yoga Mat arrived broken,The box was smashed and the item is damaged.,High,Resolved,Pat,89,17.1,FALSE,4,Sent overnight replacement.
TICK-000941,CUST-00526,2026-05-06 20:46:00,Social Media,Refund Request,Need refund for Running Shoes,I returned this last week and want my money back.,Medium,Resolved,Riley,266,51.8,FALSE,1,Refund processed to original payment method.
TICK-000942,CUST-00332,2025-09-23 20:57:00,Email,Order Tracking,Where is my Electric Toothbrush?,I ordered a Electric Toothbrush and the tracking hasn't updated.,High,Resolved,Jamie,121,7.1,TRUE,1,Provided updated tracking link.
TICK-000943,CUST-00917,2026-01-30 06:24:00,Chat,Order Tracking,Where is my Electric Toothbrush?,I ordered a Electric Toothbrush and the tracking hasn't updated.,Low,Resolved,Chris,3,30.7,FALSE,3,Provided updated tracking link.
TICK-000944,CUST-00413,2025-11-28 22:25:00,Chat,Delivery Delay,Package is late,My Electric Toothbrush was supposed to be here 2 days ago.,Critical,Resolved,Taylor,6,1.6,FALSE,5,"Escalated to carrier, offered $10 credit."
TICK-000945,CUST-00848,2026-01-20 18:34:00,Social Media,Product Damage,Blender arrived broken,The box was smashed and the item is damaged.,High,Resolved,Chris,35,22.6,FALSE,3,Sent overnight replacement.
TICK-000946,CUST-00434,2025-11-20 11:23:00,Email,Refund Request,Need refund for Wireless Earbuds,I returned this last week and want my money back.,Low,Resolved,Alex,180,3.8,FALSE,4,Refund processed to original payment method.
TICK-000947,CUST-00930,2025-11-20 11:06:00,Phone,Wrong Product,Got the wrong item,"I didn't order this, I ordered a Laptop Stand.",Critical,Resolved,Pat,12,2.0,TRUE,3,Issued return label and shipped correct item.
TICK-000948,CUST-00439,2025-09-05 06:33:00,Chat,Order Tracking,Where is my Running Shoes?,I ordered a Running Shoes and the tracking hasn't updated.,High,Escalated,Pat,13,,TRUE,,
TICK-000949,CUST-00222,2025-08-20 16:38:00,Email,Order Tracking,Where is my Yoga Mat?,I ordered a Yoga Mat and the tracking hasn't updated.,High,Resolved,Pat,288,12.0,FALSE,1,Provided updated tracking link.
TICK-000950,CUST-00912,2025-05-27 05:19:00,Chat,Refund Request,Need refund for Coffee Machine,I returned this last week and want my money back.,Low,Open,Jamie,6,,FALSE,,
TICK-000951,CUST-00941,2026-02-26 18:00:00,Chat,Wrong Product,AGAIN: Got the wrong item,"I didn't order this, I ordered a Coffee Machine.",High,Resolved,Jamie,3,23.3,FALSE,4,Issued return label and shipped correct item.
TICK-000952,CUST-00290,2025-08-23 16:20:00,Phone,Payment Issue,Charged twice!,My card was declined but I see a charge.,Medium,Pending,Taylor,10,,FALSE,,
TICK-000953,CUST-00513,2025-06-19 00:27:00,Phone,Delivery Delay,Package is late,My Mechanical Keyboard was supposed to be here 2 days ago.,Medium,Resolved,Sam,7,3.0,FALSE,3,"Escalated to carrier, offered $10 credit."
TICK-000954,CUST-00640,2025-08-05 20:32:00,Chat,Order Tracking,Where is my Electric Toothbrush?,I ordered a Electric Toothbrush and the tracking hasn't updated.,Medium,Resolved,Riley,13,63.6,FALSE,3,Provided updated tracking link.
TICK-000955,CUST-00651,2026-01-31 19:07:00,Email,Order Tracking,AGAIN: Where is my Blender?,I ordered a Blender and the tracking hasn't updated.,Critical,Resolved,Casey,136,1.8,TRUE,3,Provided updated tracking link.
TICK-000956,CUST-00442,2025-10-09 02:04:00,Social Media,Unknown Issue,Question,Does it work?,Low,Resolved,Chris,89,64.1,FALSE,4,Clarified user question and provided specs.
TICK-000957,CUST-00325,2026-04-30 02:13:00,Phone,Payment Issue,Charged twice!,My card was declined but I see a charge.,High,Open,Pat,7,,FALSE,,
TICK-000958,CUST-00753,2026-02-12 12:56:00,Chat,Refund Request,AGAIN: Need refund for Electric Toothbrush,I returned this last week and want my money back.,Critical,Resolved,Jordan,7,2.1,TRUE,2,Refund processed to original payment method.
TICK-000959,CUST-00680,2025-11-20 23:19:00,Social Media,Order Tracking,Where is my Wireless Earbuds?,I ordered a Wireless Earbuds and the tracking hasn't updated.,Medium,Resolved,Morgan,163,43.7,FALSE,5,Provided updated tracking link.
TICK-000960,CUST-00132,2025-09-09 23:03:00,Phone,Account Issue,Can't log in,Password reset not sending.,Low,Resolved,Alex,12,2.5,FALSE,5,Sent manual reset link via SMS.
TICK-000961,CUST-00118,2025-05-28 07:36:00,Chat,Payment Issue,Charged twice!,My card was declined but I see a charge.,Medium,Open,Casey,10,,FALSE,,
TICK-000962,CUST-00823,2025-06-19 11:51:00,Phone,Order Tracking,Where is my Yoga Mat?,I ordered a Yoga Mat and the tracking hasn't updated.,Low,Resolved,Chris,8,22.0,FALSE,2,Provided updated tracking link.
TICK-000963,CUST-00785,2026-03-16 17:58:00,Chat,Order Tracking,Where is my Smart TV?,I ordered a Smart TV and the tracking hasn't updated.,Low,Pending,Riley,7,,FALSE,,
TICK-000964,CUST-00949,2026-04-08 12:32:00,Chat,Delivery Delay,Package is late,My Yoga Mat was supposed to be here 2 days ago.,Medium,Resolved,Casey,13,1.0,FALSE,5,"Escalated to carrier, offered $10 credit."
TICK-000965,CUST-00235,2025-11-23 04:09:00,Email,Account Issue,Can't log in,Password reset not sending.,Low,Resolved,Sam,43,5.2,FALSE,3,Sent manual reset link via SMS.
TICK-000966,CUST-00387,2025-12-01 17:38:00,Chat,Order Tracking,Where is my Smart TV?,I ordered a Smart TV and the tracking hasn't updated.,Low,Resolved,Chris,3,40.5,FALSE,4,Provided updated tracking link.
TICK-000967,CUST-00037,2025-09-04 15:23:00,Chat,Order Tracking,Where is my Mechanical Keyboard?,I ordered a Mechanical Keyboard and the tracking hasn't updated.,Low,Resolved,Taylor,4,4.8,FALSE,5,Provided updated tracking link.
TICK-000968,CUST-00010,2025-08-11 07:12:00,Chat,Order Tracking,Where is my Smart TV?,I ordered a Smart TV and the tracking hasn't updated.,High,Resolved,Sam,7,14.7,FALSE,5,Provided updated tracking link.
TICK-000969,CUST-00280,2025-10-04 17:47:00,Email,Payment Issue,Charged twice!,My card was declined but I see a charge.,High,Resolved,Casey,74,18.6,TRUE,5,Voided duplicate authorization hold.
TICK-000970,CUST-00655,2026-05-10 07:23:00,Social Media,Refund Request,Need refund for Smart TV,I returned this last week and want my money back.,High,Resolved,Jamie,130,12.1,FALSE,5,Refund processed to original payment method.
TICK-000971,CUST-00392,2025-06-16 16:04:00,Email,Wrong Product & Payment Issue,Charged twice!,My card was declined but I see a charge.,High,Resolved,Alex,139,19.7,FALSE,5,Voided duplicate authorization hold.
TICK-000972,CUST-00146,2025-08-30 14:02:00,Social Media,Product Damage,Mechanical Keyboard arrived broken,The box was smashed and the item is damaged.,High,Resolved,Morgan,202,22.9,FALSE,4,Sent overnight replacement.
TICK-000973,CUST-00633,2025-05-30 17:33:00,Chat,Wrong Product,Got the wrong item,"I didn't order this, I ordered a Blender.",Medium,Resolved,Morgan,8,42.5,FALSE,4,Issued return label and shipped correct item.
TICK-000974,CUST-00592,2025-08-07 07:05:00,Chat,Refund Request,Need refund for Gaming Mouse,I returned this last week and want my money back.,High,Pending,Alex,8,,FALSE,,
TICK-000975,CUST-00521,2025-12-05 06:24:00,Email,General Inquiry,Help with my order,I have a few problems with my recent purchase.,Low,Resolved,Sam,125,26.5,FALSE,5,Addressed multiple queries.
TICK-000976,CUST-00922,2025-11-09 04:52:00,Chat,Refund Request,Need refund for Mechanical Keyboard,I returned this last week and want my money back.,Medium,Resolved,Pat,14,42.2,FALSE,1,Refund processed to original payment method.
TICK-000977,CUST-00196,2026-03-27 06:00:00,Chat,Payment Issue,Charged twice!,My card was declined but I see a charge.,High,Pending,Chris,7,,TRUE,,
TICK-000978,CUST-00383,2025-07-14 08:11:00,Chat,Payment Issue,Charged twice!,My card was declined but I see a charge.,High,Resolved,Morgan,5,16.6,TRUE,2,Voided duplicate authorization hold.
TICK-000979,CUST-00942,2025-09-02 20:39:00,Phone,General Inquiry,Help with my order,I have a few problems with my recent purchase.,Medium,Open,Taylor,9,,FALSE,,
TICK-000980,CUST-00290,2026-03-24 11:32:00,Chat,Wrong Product,Got the wrong item,"I didn't order this, I ordered a Blender.",High,Resolved,Chris,12,21.4,FALSE,4,Issued return label and shipped correct item.
TICK-000981,CUST-00285,2026-03-05 01:12:00,Email,Refund Request,Need refund for Blender,I returned this last week and want my money back.,High,Resolved,Pat,214,17.6,FALSE,4,Refund processed to original payment method.
TICK-000982,CUST-00424,2025-10-29 09:43:00,Social Media,Wrong Product,Got the wrong item,"I didn't order this, I ordered a Running Shoes.",Medium,Resolved,Sam,110,11.4,FALSE,4,Issued return label and shipped correct item.
TICK-000983,CUST-00680,2025-09-05 19:15:00,Email,Order Tracking,Where is my Yoga Mat?,I ordered a Yoga Mat and the tracking hasn't updated.,Low,Resolved,Sam,157,31.7,FALSE,1,Provided updated tracking link.
TICK-000984,CUST-00934,2025-09-23 10:24:00,Phone,Wrong Product,Got the wrong item,"I didn't order this, I ordered a Yoga Mat.",High,Resolved,Taylor,1,23.0,FALSE,5,Issued return label and shipped correct item.
TICK-000985,CUST-00476,2026-01-26 17:52:00,Chat,Product Damage,Smart TV arrived broken,The box was smashed and the item is damaged.,Medium,Resolved,Sam,2,4.4,FALSE,4,Sent overnight replacement.
TICK-000986,CUST-00751,2026-02-22 07:30:00,Chat,Account Issue,Can't log in,Password reset not sending.,High,Resolved,Sam,15,13.3,FALSE,3,Sent manual reset link via SMS.
TICK-000987,CUST-00768,2026-03-25 01:41:00,Email,Refund Request,Need refund for Mechanical Keyboard,I returned this last week and want my money back.,High,Resolved,Casey,163,10.9,TRUE,3,Refund processed to original payment method.
TICK-000988,CUST-00821,2026-04-13 09:39:00,Phone,Payment Issue,Charged twice!,My card was declined but I see a charge.,High,Resolved,Taylor,14,6.5,FALSE,4,Voided duplicate authorization hold.
TICK-000989,CUST-00712,2025-06-05 15:46:00,Chat,Order Tracking,Where is my Running Shoes?,I ordered a Running Shoes and the tracking hasn't updated.,Low,Resolved,Chris,5,9.7,FALSE,2,Provided updated tracking link.
TICK-000990,CUST-00902,2026-03-04 00:03:00,Email,Wrong Product,Got the wrong item,"I didn't order this, I ordered a Running Shoes.",High,Resolved,Chris,290,14.6,FALSE,4,Issued return label and shipped correct item.
TICK-000991,CUST-00033,2026-01-04 20:18:00,Email,Order Tracking,Where is my Blender?,I ordered a Blender and the tracking hasn't updated.,Low,Resolved,Chris,68,47.3,FALSE,4,Provided updated tracking link.
TICK-000992,CUST-00026,2025-11-18 01:38:00,Chat,Product Damage,Smart TV arrived broken,The box was smashed and the item is damaged.,High,Resolved,Alex,13,19.3,FALSE,5,Sent overnight replacement.
TICK-000993,CUST-00800,2026-05-15 07:19:00,Email,Order Tracking,Where is my Coffee Machine?,I ordered a Coffee Machine and the tracking hasn't updated.,Low,Resolved,Sam,22,62.5,FALSE,2,Provided updated tracking link.
TICK-000994,CUST-00296,2025-08-03 06:03:00,Email,Account Issue,Can't log in,Password reset not sending.,Low,Resolved,Taylor,69,32.7,FALSE,5,Sent manual reset link via SMS.
TICK-000995,CUST-00944,2025-08-26 13:05:00,Chat,Payment Issue,Charged twice!,My card was declined but I see a charge.,High,Resolved,Pat,14,9.2,FALSE,1,Voided duplicate authorization hold.
TICK-000996,CUST-00551,2025-06-09 11:47:00,Chat,Account Issue,Can't log in,Password reset not sending.,Medium,Resolved,Alex,5,40.3,FALSE,5,Sent manual reset link via SMS.
TICK-000997,CUST-00756,2025-09-18 16:01:00,Social Media,Wrong Product,Got the wrong item,"I didn't order this, I ordered a Running Shoes.",High,Resolved,Jordan,153,19.5,FALSE,5,Issued return label and shipped correct item.
TICK-000998,CUST-00303,2025-12-04 16:07:00,Email,Payment Issue & Order Tracking,Where is my Wireless Earbuds?,I ordered a Wireless Earbuds and the tracking hasn't updated.,High,Resolved,Riley,76,22.6,FALSE,5,Provided updated tracking link.
TICK-000999,CUST-00817,2025-07-06 22:09:00,Email,Account Issue,Can't log in,Password reset not sending.,Medium,Resolved,Pat,76,27.4,FALSE,4,Sent manual reset link via SMS.
TICK-001000,CUST-00608,2025-11-09 05:16:00,Social Media,Account Issue & Wrong Product,AGAIN: Got the wrong item,"I didn't order this, I ordered a Electric Toothbrush.",High,Resolved,Riley,234,21.4,FALSE,3,Issued return label and shipped correct item.
TICK-001001,CUST-00962,2025-08-27 04:58:00,Phone,Payment Issue,Charged twice!,My card was declined but I see a charge.,High,Resolved,Alex,2,20.2,FALSE,5,Voided duplicate authorization hold.
TICK-001002,CUST-00805,2025-07-25 00:08:00,Chat,Wrong Product,Got the wrong item,"I didn't order this, I ordered a Yoga Mat.",Medium,Resolved,Taylor,7,40.1,FALSE,3,Issued return label and shipped correct item.
TICK-001003,CUST-00748,2026-03-29 13:54:00,Phone,Unknown Issue,Question,Does it work?,Low,Resolved,Alex,2,70.4,FALSE,2,Clarified user question and provided specs.
TICK-001004,CUST-00303,2025-12-03 03:16:00,Chat,Product Damage,Blender arrived broken,The box was smashed and the item is damaged.,High,Resolved,Riley,7,8.7,FALSE,1,Sent overnight replacement.
TICK-001005,CUST-00852,2025-10-11 11:43:00,Chat,Account Issue,Can't log in,Password reset not sending.,Low,Resolved,Taylor,9,14.4,FALSE,1,Sent manual reset link via SMS.
TICK-001006,CUST-00031,2026-03-17 10:25:00,Chat,Delivery Delay,Package is late,My Mechanical Keyboard was supposed to be here 2 days ago.,High,Escalated,Taylor,5,,TRUE,,
TICK-001007,CUST-00611,2025-10-13 18:08:00,Chat,Order Tracking,Where is my Smart TV?,I ordered a Smart TV and the tracking hasn't updated.,Low,Resolved,Casey,10,4.4,FALSE,3,Provided updated tracking link.
TICK-001008,CUST-00485,2025-12-28 12:43:00,Social Media,Delivery Delay,Package is late,My Electric Toothbrush was supposed to be here 2 days ago.,Medium,Pending,Jamie,118,,FALSE,,
TICK-001009,CUST-00355,2026-04-29 13:19:00,Chat,Order Tracking,Where is my Blender?,I ordered a Blender and the tracking hasn't updated.,Medium,Resolved,Alex,7,14.8,FALSE,2,Provided updated tracking link.
TICK-001010,CUST-00088,2025-11-02 06:57:00,Phone,Order Tracking,Where is my Electric Toothbrush?,I ordered a Electric Toothbrush and the tracking hasn't updated.,Low,Pending,Riley,11,,FALSE,,
TICK-001011,CUST-00976,2025-07-18 08:41:00,Phone,Account Issue,Can't log in,Password reset not sending.,High,Resolved,Alex,14,5.0,FALSE,4,Sent manual reset link via SMS.
TICK-001012,CUST-00666,2025-12-22 19:28:00,Email,Wrong Product,Got the wrong item,"I didn't order this, I ordered a Coffee Machine.",Medium,Resolved,Jordan,253,20.8,FALSE,1,Issued return label and shipped correct item.
TICK-001013,CUST-00115,2025-10-25 17:52:00,Chat,Wrong Product,Got the wrong item,"I didn't order this, I ordered a Coffee Machine.",Medium,Resolved,Casey,13,56.3,FALSE,2,Issued return label and shipped correct item.
TICK-001014,CUST-00338,2026-02-07 15:28:00,Phone,Product Damage,Gaming Mouse arrived broken,The box was smashed and the item is damaged.,Medium,Resolved,Chris,13,30.9,FALSE,4,Sent overnight replacement.
TICK-001015,CUST-00180,2026-02-15 00:57:00,Email,Payment Issue,Charged twice!,My card was declined but I see a charge.,High,Resolved,Sam,118,12.3,FALSE,2,Voided duplicate authorization hold.
TICK-001016,CUST-00296,2025-11-02 21:27:00,Email,Order Tracking,Where is my Wireless Earbuds?,I ordered a Wireless Earbuds and the tracking hasn't updated.,Low,Resolved,Taylor,281,11.5,FALSE,4,Provided updated tracking link.
TICK-001017,CUST-00728,2025-06-04 19:08:00,Phone,Payment Issue,Charged twice!,My card was declined but I see a charge.,Medium,Resolved,Sam,9,44.1,FALSE,5,Voided duplicate authorization hold.
TICK-001018,CUST-00823,2025-11-18 21:37:00,Email,Delivery Delay,AGAIN: Package is late,My Wireless Earbuds was supposed to be here 2 days ago.,Critical,Escalated,Riley,258,,TRUE,,
TICK-001019,CUST-00485,2025-07-29 14:58:00,Chat,Delivery Delay,Package is late,My Electric Toothbrush was supposed to be here 2 days ago.,Critical,Resolved,Taylor,13,2.1,TRUE,2,"Escalated to carrier, offered $10 credit."
TICK-001020,CUST-00532,2025-07-13 23:22:00,Email,Delivery Delay,Package is late,My Wireless Earbuds was supposed to be here 2 days ago.,Critical,Resolved,Jordan,245,3.7,FALSE,5,"Escalated to carrier, offered $10 credit."
TICK-001021,CUST-00132,2025-10-10 19:29:00,Email,Delivery Delay,AGAIN: Package is late,My Wireless Earbuds was supposed to be here 2 days ago.,Critical,Resolved,Jamie,81,1.8,TRUE,3,"Escalated to carrier, offered $10 credit."
TICK-001022,CUST-00007,2026-04-04 07:59:00,Chat,Payment Issue,Charged twice!,My card was declined but I see a charge.,Critical,Escalated,Casey,13,,TRUE,,
TICK-001023,CUST-00021,2026-01-06 12:12:00,Chat,Account Issue,Can't log in,Password reset not sending.,Low,Resolved,Casey,10,1.5,FALSE,3,Sent manual reset link via SMS.
TICK-001024,CUST-00482,2025-11-13 01:43:00,Email,General Inquiry,Help with my order,I have a few problems with my recent purchase.,Low,Resolved,Sam,116,40.4,FALSE,3,Addressed multiple queries.
TICK-001025,CUST-00778,2025-09-03 15:54:00,Chat,Payment Issue,Charged twice!,My card was declined but I see a charge.,Medium,Resolved,Casey,5,4.4,FALSE,4,Voided duplicate authorization hold.
TICK-001026,CUST-00895,2025-08-08 12:05:00,Email,Refund Request,Need refund for Blender,I returned this last week and want my money back.,Medium,Resolved,Chris,269,54.5,FALSE,3,Refund processed to original payment method.
TICK-001027,CUST-00741,2025-09-12 22:53:00,Chat,Delivery Delay,Package is late,My Electric Toothbrush was supposed to be here 2 days ago.,Critical,Escalated,Riley,9,,TRUE,,
TICK-001028,CUST-00174,2026-03-15 06:07:00,Chat,Order Tracking,Where is my Wireless Earbuds?,I ordered a Wireless Earbuds and the tracking hasn't updated.,High,Resolved,Casey,7,17.5,TRUE,5,Provided updated tracking link.
TICK-001029,CUST-00454,2025-12-27 13:21:00,Chat,General Inquiry,Help with my order,I have a few problems with my recent purchase.,High,Escalated,Sam,6,,TRUE,,
TICK-001030,CUST-00595,2025-10-16 07:08:00,Social Media,Refund Request,Need refund for Coffee Machine,I returned this last week and want my money back.,Medium,Resolved,Morgan,112,38.2,FALSE,5,Refund processed to original payment method.
TICK-001031,CUST-00611,2026-03-07 23:47:00,Phone,Wrong Product,Got the wrong item,"I didn't order this, I ordered a Running Shoes.",High,Resolved,Jamie,14,17.2,FALSE,5,Issued return label and shipped correct item.
TICK-001032,CUST-00814,2025-06-24 22:09:00,Email,Delivery Delay & Payment Issue,Package is late,My Blender was supposed to be here 2 days ago.,High,Resolved,Pat,112,2.9,FALSE,5,"Escalated to carrier, offered $10 credit."
TICK-001033,CUST-00394,2026-04-28 15:23:00,Email,Account Issue,Can't log in,Password reset not sending.,Low,Resolved,Alex,27,40.9,FALSE,4,Sent manual reset link via SMS.
TICK-001034,CUST-00939,2026-03-15 06:29:00,Email,Order Tracking,Where is my Blender?,I ordered a Blender and the tracking hasn't updated.,Low,Resolved,Jamie,71,29.6,FALSE,4,Provided updated tracking link.
TICK-001035,CUST-00872,2025-06-26 00:17:00,Chat,Product Damage,Gaming Mouse arrived broken,The box was smashed and the item is damaged.,High,Escalated,Sam,15,,TRUE,,
TICK-001036,CUST-00171,2025-12-19 07:21:00,Chat,Wrong Product,Got the wrong item,"I didn't order this, I ordered a Mechanical Keyboard.",Medium,Resolved,Morgan,6,35.1,FALSE,3,Issued return label and shipped correct item.
TICK-001037,CUST-00530,2025-08-12 18:59:00,Phone,Product Damage,Electric Toothbrush arrived broken,The box was smashed and the item is damaged.,Critical,Resolved,Alex,14,3.3,TRUE,5,Sent overnight replacement.
TICK-001038,CUST-00493,2025-09-18 10:44:00,Phone,General Inquiry,Help with my order,I have a few problems with my recent purchase.,Low,Resolved,Chris,11,9.7,FALSE,1,Addressed multiple queries.
TICK-001039,CUST-00355,2026-03-03 20:01:00,Chat,Wrong Product,Got the wrong item,"I didn't order this, I ordered a Wireless Earbuds.",High,Escalated,Morgan,10,,TRUE,,
TICK-001040,CUST-00948,2025-08-07 09:33:00,Chat,Delivery Delay & Wrong Product,Package is late,My Blender was supposed to be here 2 days ago.,High,Open,Taylor,13,,FALSE,,
TICK-001041,CUST-00737,2025-05-18 17:07:00,Chat,Order Tracking,Where is my Coffee Machine?,I ordered a Coffee Machine and the tracking hasn't updated.,Low,Resolved,Taylor,8,70.5,FALSE,2,Provided updated tracking link.
TICK-001042,CUST-00471,2026-01-04 12:24:00,Social Media,Refund Request,Need refund for Yoga Mat,I returned this last week and want my money back.,High,Resolved,Pat,240,11.0,FALSE,3,Refund processed to original payment method.
TICK-001043,CUST-00460,2026-05-04 04:43:00,Phone,General Inquiry,Help with my order,I have a few problems with my recent purchase.,Low,Resolved,Morgan,7,39.1,FALSE,3,Addressed multiple queries.
TICK-001044,CUST-00639,2026-02-26 22:48:00,Email,Payment Issue,Charged twice!,My card was declined but I see a charge.,High,Resolved,Jamie,73,18.8,TRUE,5,Voided duplicate authorization hold.
TICK-001045,CUST-00143,2025-11-17 19:21:00,Chat,Payment Issue,Charged twice!,My card was declined but I see a charge.,High,Pending,Jamie,3,,TRUE,,
TICK-001046,CUST-00006,2025-10-15 09:21:00,Email,Refund Request,Need refund for Electric Toothbrush,I returned this last week and want my money back.,High,Resolved,Alex,132,15.8,FALSE,4,Refund processed to original payment method.
TICK-001047,CUST-00438,2025-07-20 02:31:00,Social Media,Refund Request,AGAIN: Need refund for Laptop Stand,I returned this last week and want my money back.,High,Resolved,Chris,173,2.9,FALSE,1,Refund processed to original payment method.
TICK-001048,CUST-00905,2026-01-18 00:30:00,Email,Refund Request,Need refund for Mechanical Keyboard,I returned this last week and want my money back.,Medium,Open,Alex,267,,FALSE,,
TICK-001049,CUST-00566,2025-07-27 07:55:00,Chat,Delivery Delay,Package is late,My Coffee Machine was supposed to be here 2 days ago.,Medium,Resolved,Sam,9,22.7,FALSE,5,"Escalated to carrier, offered $10 credit."
TICK-001050,CUST-00139,2025-10-07 17:33:00,Chat,General Inquiry,Help with my order,I have a few problems with my recent purchase.,Medium,Pending,Morgan,6,,FALSE,,
TICK-001051,CUST-00219,2026-03-25 13:52:00,Chat,Account Issue,Can't log in,Password reset not sending.,Low,Pending,Alex,13,,FALSE,,
TICK-001052,CUST-00176,2026-02-26 11:04:00,Chat,Delivery Delay,Package is late,My Mechanical Keyboard was supposed to be here 2 days ago.,High,Pending,Casey,10,,FALSE,,
TICK-001053,CUST-00911,2025-09-08 08:18:00,Social Media,Account Issue,Can't log in,Password reset not sending.,Low,Open,Riley,193,,FALSE,,
TICK-001054,CUST-00203,2025-10-23 08:05:00,Chat,Refund Request,Need refund for Gaming Mouse,I returned this last week and want my money back.,High,Open,Casey,11,,FALSE,,
TICK-001055,CUST-00623,2025-11-28 07:44:00,Email,Payment Issue,Charged twice!,My card was declined but I see a charge.,High,Resolved,Alex,286,16.9,FALSE,4,Voided duplicate authorization hold.
TICK-001056,CUST-00792,2026-05-10 00:21:00,Email,Refund Request,Need refund for Running Shoes,I returned this last week and want my money back.,High,Open,Chris,249,,FALSE,,
TICK-001057,CUST-00787,2025-11-19 09:59:00,Chat,Delivery Delay,Package is late,My Mechanical Keyboard was supposed to be here 2 days ago.,High,Resolved,Alex,1,4.6,TRUE,4,"Escalated to carrier, offered $10 credit."
TICK-001058,CUST-00836,2025-07-07 00:16:00,Phone,Order Tracking,Where is my Blender?,I ordered a Blender and the tracking hasn't updated.,Low,Resolved,Casey,6,36.0,FALSE,5,Provided updated tracking link.
TICK-001059,CUST-00084,2025-06-14 11:07:00,Chat,Wrong Product,Got the wrong item,"I didn't order this, I ordered a Smart TV.",High,Open,Jordan,13,,FALSE,,
TICK-001060,CUST-00575,2026-03-06 02:03:00,Email,Payment Issue,Charged twice!,My card was declined but I see a charge.,Medium,Resolved,Riley,94,36.9,FALSE,2,Voided duplicate authorization hold.
TICK-001061,CUST-00049,2025-06-24 16:56:00,Chat,Delivery Delay,Package is late,My Gaming Mouse was supposed to be here 2 days ago.,Medium,Resolved,Jamie,6,51.3,FALSE,2,"Escalated to carrier, offered $10 credit."
TICK-001062,CUST-00176,2026-02-14 00:19:00,Chat,Delivery Delay,Package is late,My Laptop Stand was supposed to be here 2 days ago.,Medium,Resolved,Jordan,9,44.4,FALSE,4,"Escalated to carrier, offered $10 credit."
TICK-001063,CUST-00129,2025-09-14 19:04:00,Phone,Refund Request,Need refund for Laptop Stand,I returned this last week and want my money back.,High,Resolved,Pat,9,8.8,TRUE,2,Refund processed to original payment method.
TICK-001064,CUST-00018,2025-09-08 14:10:00,Phone,Order Tracking,Where is my Gaming Mouse?,I ordered a Gaming Mouse and the tracking hasn't updated.,Low,Resolved,Casey,3,1.3,FALSE,3,Provided updated tracking link.
TICK-001065,CUST-00634,2025-10-15 01:12:00,Email,General Inquiry,Help with my order,I have a few problems with my recent purchase.,Low,Resolved,Jordan,270,26.2,FALSE,1,Addressed multiple queries.
TICK-001066,CUST-00377,2026-02-26 11:40:00,Chat,General Inquiry,AGAIN: Help with my order,I have a few problems with my recent purchase.,High,Resolved,Jamie,14,6.1,FALSE,3,Addressed multiple queries.
TICK-001067,CUST-00967,2026-04-15 00:15:00,Chat,General Inquiry,Help with my order,I have a few problems with my recent purchase.,Medium,Resolved,Taylor,13,59.9,FALSE,1,Addressed multiple queries.
TICK-001068,CUST-00195,2026-05-08 01:18:00,Phone,Order Tracking,Where is my Yoga Mat?,I ordered a Yoga Mat and the tracking hasn't updated.,Low,Resolved,Pat,14,56.4,FALSE,2,Provided updated tracking link.
TICK-001069,CUST-00201,2025-10-17 04:06:00,Chat,Account Issue,Can't log in,Password reset not sending.,Low,Open,Pat,6,,FALSE,,
TICK-001070,CUST-00628,2026-04-18 10:58:00,Email,Delivery Delay,Package is late,My Mechanical Keyboard was supposed to be here 2 days ago.,Medium,Resolved,Casey,113,45.7,FALSE,5,"Escalated to carrier, offered $10 credit."
TICK-001071,CUST-00703,2026-01-21 03:06:00,Chat,Account Issue,Can't log in,Password reset not sending.,Low,Resolved,Pat,11,16.2,FALSE,4,Sent manual reset link via SMS.
TICK-001072,CUST-00767,2025-10-11 08:36:00,Social Media,Delivery Delay,Package is late,My Blender was supposed to be here 2 days ago.,High,Escalated,Riley,169,,TRUE,,
TICK-001073,CUST-00312,2025-08-24 07:40:00,Phone,Payment Issue,Charged twice!,My card was declined but I see a charge.,Critical,Resolved,Riley,1,3.7,TRUE,2,Voided duplicate authorization hold.
TICK-001074,CUST-00368,2026-03-17 11:00:00,Chat,Order Tracking & Wrong Product,Where is my Blender?,I ordered a Blender and the tracking hasn't updated.,Medium,Open,Jamie,9,,FALSE,,
TICK-001075,CUST-00152,2025-07-09 02:09:00,Email,Refund Request,Need refund for Electric Toothbrush,I returned this last week and want my money back.,Medium,Resolved,Alex,161,3.1,FALSE,1,Refund processed to original payment method.
TICK-001076,CUST-00664,2026-02-13 18:38:00,Chat,Wrong Product & Account Issue,Got the wrong item,"I didn't order this, I ordered a Mechanical Keyboard.",Medium,Resolved,Chris,15,63.5,FALSE,1,Issued return label and shipped correct item.
TICK-001077,CUST-00928,2026-02-26 09:00:00,Phone,Refund Request,AGAIN: Need refund for Yoga Mat,I returned this last week and want my money back.,Critical,Resolved,Jordan,12,3.2,TRUE,3,Refund processed to original payment method.
TICK-001078,CUST-00015,2025-11-23 04:01:00,Phone,Account Issue,Can't log in,Password reset not sending.,Low,Pending,Riley,9,,FALSE,,
TICK-001079,CUST-00451,2025-09-29 23:07:00,Email,Wrong Product,AGAIN: Got the wrong item,"I didn't order this, I ordered a Gaming Mouse.",Critical,Resolved,Sam,125,3.1,FALSE,2,Issued return label and shipped correct item.
TICK-001080,CUST-00293,2025-10-24 09:37:00,Email,Account Issue,Can't log in,Password reset not sending.,Low,Pending,Chris,204,,FALSE,,
TICK-001081,CUST-00744,2026-02-28 21:47:00,Chat,General Inquiry,Help with my order,I have a few problems with my recent purchase.,Low,Resolved,Casey,1,41.0,FALSE,2,Addressed multiple queries.
TICK-001082,CUST-00009,2025-06-27 08:22:00,Phone,Product Damage,Smart TV arrived broken,The box was smashed and the item is damaged.,High,Resolved,Jamie,2,13.2,FALSE,1,Sent overnight replacement.
TICK-001083,CUST-00124,2025-06-29 07:51:00,Email,Account Issue,Can't log in,Password reset not sending.,Medium,Resolved,Jordan,110,23.9,FALSE,4,Sent manual reset link via SMS.
TICK-001084,CUST-00507,2026-01-31 18:13:00,Email,Order Tracking,Where is my Smart TV?,I ordered a Smart TV and the tracking hasn't updated.,Low,Resolved,Pat,230,56.4,FALSE,4,Provided updated tracking link.
TICK-001085,CUST-00005,2025-12-04 12:47:00,Chat,Refund Request,AGAIN: Need refund for Mechanical Keyboard,I returned this last week and want my money back.,Critical,Escalated,Morgan,13,,TRUE,,
TICK-001086,CUST-00579,2026-04-28 04:06:00,Email,Product Damage,Blender arrived broken,The box was smashed and the item is damaged.,Medium,Pending,Pat,254,,FALSE,,
TICK-001087,CUST-00371,2026-01-13 23:26:00,Social Media,Account Issue,Can't log in,Password reset not sending.,High,Resolved,Morgan,260,23.9,FALSE,5,Sent manual reset link via SMS.
TICK-001088,CUST-00408,2025-06-29 19:13:00,Email,Payment Issue,Charged twice!,My card was declined but I see a charge.,High,Resolved,Pat,266,3.4,FALSE,4,Voided duplicate authorization hold.
TICK-001089,CUST-00412,2026-01-09 11:33:00,Chat,Refund Request,Need refund for Yoga Mat,I returned this last week and want my money back.,Critical,Resolved,Pat,9,2.6,TRUE,5,Refund processed to original payment method.
TICK-001090,CUST-00591,2025-09-17 08:04:00,Chat,Account Issue,Can't log in,Password reset not sending.,Low,Resolved,Taylor,5,26.7,FALSE,4,Sent manual reset link via SMS.
TICK-001091,CUST-00847,2025-08-12 01:37:00,Chat,Payment Issue,Charged twice!,My card was declined but I see a charge.,High,Pending,Jamie,13,,TRUE,,
TICK-001092,CUST-00731,2026-05-13 17:49:00,Chat,Account Issue,Can't log in,Password reset not sending.,Medium,Resolved,Jamie,3,49.0,FALSE,5,Sent manual reset link via SMS.
TICK-001093,CUST-00528,2026-04-25 07:00:00,Chat,Order Tracking,Where is my Gaming Mouse?,I ordered a Gaming Mouse and the tracking hasn't updated.,Low,Pending,Riley,10,,FALSE,,
TICK-001094,CUST-00107,2025-11-05 17:27:00,Email,Account Issue & Delivery Delay,Package is late,My Laptop Stand was supposed to be here 2 days ago.,Low,Open,Jamie,21,,FALSE,,
TICK-001095,CUST-00108,2025-07-02 22:16:00,Chat,Product Damage,Running Shoes arrived broken,The box was smashed and the item is damaged.,High,Escalated,Casey,1,,TRUE,,
TICK-001096,CUST-00049,2025-08-16 09:16:00,Chat,Payment Issue,Charged twice!,My card was declined but I see a charge.,Critical,Resolved,Casey,3,1.2,FALSE,2,Voided duplicate authorization hold.
TICK-001097,CUST-00461,2026-02-24 03:28:00,Chat,Refund Request,Need refund for Running Shoes,I returned this last week and want my money back.,Medium,Resolved,Riley,12,41.2,FALSE,2,Refund processed to original payment method.
TICK-001098,CUST-00460,2025-08-29 04:50:00,Email,Delivery Delay,AGAIN: Package is late,My Electric Toothbrush was supposed to be here 2 days ago.,High,Resolved,Jamie,61,18.2,FALSE,1,"Escalated to carrier, offered $10 credit."
TICK-001099,CUST-00192,2025-12-03 03:59:00,Phone,General Inquiry,Help with my order,I have a few problems with my recent purchase.,Medium,Resolved,Pat,10,38.8,FALSE,5,Addressed multiple queries.
TICK-001100,CUST-00250,2026-02-14 22:29:00,Phone,Delivery Delay,Package is late,My Laptop Stand was supposed to be here 2 days ago.,High,Resolved,Pat,15,16.3,FALSE,3,"Escalated to carrier, offered $10 credit."
TICK-001101,CUST-00298,2026-01-31 00:38:00,Email,Delivery Delay,Package is late,My Mechanical Keyboard was supposed to be here 2 days ago.,Critical,Resolved,Taylor,150,1.2,TRUE,5,"Escalated to carrier, offered $10 credit."
TICK-001102,CUST-00629,2025-10-02 08:16:00,Chat,Order Tracking,Where is my Coffee Machine?,I ordered a Coffee Machine and the tracking hasn't updated.,Low,Open,Sam,8,,FALSE,,
TICK-001103,CUST-00037,2025-09-14 13:59:00,Chat,Product Damage,Mechanical Keyboard arrived broken,The box was smashed and the item is damaged.,Medium,Resolved,Chris,14,14.1,FALSE,5,Sent overnight replacement.
TICK-001104,CUST-00433,2026-05-14 20:43:00,Email,Order Tracking,AGAIN: Where is my Running Shoes?,I ordered a Running Shoes and the tracking hasn't updated.,High,Resolved,Chris,187,5.1,TRUE,2,Provided updated tracking link.
TICK-001105,CUST-00014,2025-07-15 13:09:00,Phone,Product Damage,Blender arrived broken,The box was smashed and the item is damaged.,High,Resolved,Riley,6,16.5,TRUE,3,Sent overnight replacement.
TICK-001106,CUST-00823,2025-08-27 19:54:00,Social Media,Payment Issue,Charged twice!,My card was declined but I see a charge.,High,Resolved,Alex,267,3.8,TRUE,4,Voided duplicate authorization hold.
TICK-001107,CUST-00563,2025-07-01 07:53:00,Phone,Order Tracking,AGAIN: Where is my Running Shoes?,I ordered a Running Shoes and the tracking hasn't updated.,Critical,Resolved,Riley,15,1.8,TRUE,1,Provided updated tracking link.
TICK-001108,CUST-00906,2026-02-09 13:18:00,Phone,Refund Request,Need refund for Blender,I returned this last week and want my money back.,Medium,Resolved,Morgan,9,35.2,FALSE,3,Refund processed to original payment method.
TICK-001109,CUST-00433,2025-07-25 06:53:00,Social Media,Order Tracking,Where is my Yoga Mat?,I ordered a Yoga Mat and the tracking hasn't updated.,Medium,Pending,Chris,185,,FALSE,,
TICK-001110,CUST-00125,2025-11-24 07:06:00,Chat,Order Tracking,Where is my Wireless Earbuds?,I ordered a Wireless Earbuds and the tracking hasn't updated.,High,Escalated,Alex,9,,TRUE,,
TICK-001111,CUST-00007,2025-07-29 13:24:00,Email,Payment Issue,Charged twice!,My card was declined but I see a charge.,High,Resolved,Chris,94,3.9,FALSE,4,Voided duplicate authorization hold.
TICK-001112,CUST-00519,2026-03-03 09:13:00,Chat,Wrong Product,Got the wrong item,"I didn't order this, I ordered a Gaming Mouse.",Medium,Resolved,Pat,15,58.1,FALSE,2,Issued return label and shipped correct item.
TICK-001113,CUST-00967,2026-01-16 04:16:00,Chat,Refund Request,Need refund for Yoga Mat,I returned this last week and want my money back.,Medium,Resolved,Jordan,3,9.5,FALSE,5,Refund processed to original payment method.
TICK-001114,CUST-00254,2026-02-18 22:58:00,Chat,Refund Request,Need refund for Laptop Stand,I returned this last week and want my money back.,Medium,Resolved,Taylor,11,37.6,FALSE,2,Refund processed to original payment method.
TICK-001115,CUST-00049,2026-02-23 06:41:00,Chat,Order Tracking,Where is my Coffee Machine?,I ordered a Coffee Machine and the tracking hasn't updated.,Medium,Resolved,Taylor,8,46.2,FALSE,2,Provided updated tracking link.
TICK-001116,CUST-00747,2025-08-01 06:07:00,Email,Wrong Product,Got the wrong item,"I didn't order this, I ordered a Wireless Earbuds.",High,Resolved,Sam,159,8.3,FALSE,5,Issued return label and shipped correct item.
TICK-001117,CUST-00020,2025-12-06 16:08:00,Chat,Refund Request,Need refund for Blender,I returned this last week and want my money back.,High,Resolved,Morgan,5,17.1,FALSE,5,Refund processed to original payment method.
TICK-001118,CUST-00110,2025-11-28 08:26:00,Chat,Wrong Product,Got the wrong item,"I didn't order this, I ordered a Electric Toothbrush.",Medium,Resolved,Chris,14,71.2,FALSE,5,Issued return label and shipped correct item.
TICK-001119,CUST-00620,2025-10-13 11:12:00,Phone,Account Issue,Can't log in,Password reset not sending.,Low,Resolved,Jamie,13,58.1,FALSE,1,Sent manual reset link via SMS.
TICK-001120,CUST-00813,2026-03-06 07:02:00,Chat,Refund Request,Need refund for Yoga Mat,I returned this last week and want my money back.,High,Escalated,Chris,5,,TRUE,,
TICK-001121,CUST-00050,2025-08-27 11:19:00,Email,Refund Request,AGAIN: Need refund for Coffee Machine,I returned this last week and want my money back.,High,Resolved,Alex,121,9.2,FALSE,1,Refund processed to original payment method.
TICK-001122,CUST-00604,2026-04-22 03:36:00,Email,Delivery Delay,Package is late,My Blender was supposed to be here 2 days ago.,Medium,Pending,Pat,275,,FALSE,,
TICK-001123,CUST-00242,2025-08-31 22:28:00,Chat,Payment Issue,Charged twice!,My card was declined but I see a charge.,Medium,Resolved,Morgan,8,7.2,FALSE,4,Voided duplicate authorization hold.
TICK-001124,CUST-00822,2026-01-17 15:56:00,Email,Payment Issue,Charged twice!,My card was declined but I see a charge.,Medium,Resolved,Alex,29,36.6,FALSE,5,Voided duplicate authorization hold.
TICK-001125,CUST-00971,2025-09-30 19:48:00,Chat,Product Damage & Order Tracking,Where is my Laptop Stand?,I ordered a Laptop Stand and the tracking hasn't updated.,Critical,Escalated,Taylor,1,,TRUE,,
TICK-001126,CUST-00892,2026-04-17 07:58:00,Chat,Delivery Delay,AGAIN: Package is late,My Gaming Mouse was supposed to be here 2 days ago.,Critical,Escalated,Jordan,1,,TRUE,,
TICK-001127,CUST-00767,2025-07-30 01:00:00,Chat,Account Issue & Payment Issue,Charged twice!,My card was declined but I see a charge.,High,Escalated,Jamie,5,,TRUE,,
TICK-001128,CUST-00986,2025-08-21 00:13:00,Chat,Refund Request,Need refund for Running Shoes,I returned this last week and want my money back.,Medium,Resolved,Alex,13,17.6,FALSE,3,Refund processed to original payment method.
TICK-001129,CUST-00330,2026-02-03 13:32:00,Chat,Delivery Delay,Package is late,My Electric Toothbrush was supposed to be here 2 days ago.,Medium,Resolved,Chris,9,52.5,FALSE,1,"Escalated to carrier, offered $10 credit."
TICK-001130,CUST-00898,2026-03-17 21:11:00,Email,Refund Request,Need refund for Gaming Mouse,I returned this last week and want my money back.,High,Resolved,Jamie,99,2.8,TRUE,2,Refund processed to original payment method.
TICK-001131,CUST-00402,2026-02-16 05:41:00,Chat,Product Damage & Order Tracking,Where is my Running Shoes?,I ordered a Running Shoes and the tracking hasn't updated.,Medium,Resolved,Jamie,5,59.2,FALSE,3,Provided updated tracking link.
TICK-001132,CUST-00580,2026-01-02 01:24:00,Email,Delivery Delay,Package is late,My Blender was supposed to be here 2 days ago.,Medium,Resolved,Morgan,198,63.1,FALSE,3,"Escalated to carrier, offered $10 credit."
TICK-001133,CUST-00282,2025-08-03 01:31:00,Phone,Payment Issue,Charged twice!,My card was declined but I see a charge.,High,Resolved,Riley,11,6.4,FALSE,4,Voided duplicate authorization hold.
TICK-001134,CUST-00126,2025-06-29 20:06:00,Chat,Product Damage,Electric Toothbrush arrived broken,The box was smashed and the item is damaged.,High,Resolved,Casey,10,19.3,FALSE,5,Sent overnight replacement.
TICK-001135,CUST-00206,2025-11-20 10:55:00,Chat,Payment Issue,Charged twice!,My card was declined but I see a charge.,Medium,Pending,Morgan,8,,FALSE,,
TICK-001136,CUST-00589,2025-11-27 16:12:00,Phone,Refund Request,Need refund for Mechanical Keyboard,I returned this last week and want my money back.,High,Pending,Jamie,14,,FALSE,,
TICK-001137,CUST-00807,2026-05-03 11:48:00,Chat,Account Issue,Can't log in,Password reset not sending.,Low,Resolved,Alex,1,42.6,FALSE,3,Sent manual reset link via SMS.
TICK-001138,CUST-00947,2025-07-06 13:44:00,Email,Delivery Delay,Package is late,My Mechanical Keyboard was supposed to be here 2 days ago.,Medium,Resolved,Morgan,215,67.0,FALSE,2,"Escalated to carrier, offered $10 credit."
TICK-001139,CUST-00244,2025-06-16 02:01:00,Email,Delivery Delay,Package is late,My Running Shoes was supposed to be here 2 days ago.,Medium,Resolved,Taylor,186,70.5,FALSE,5,"Escalated to carrier, offered $10 credit."
TICK-001140,CUST-00939,2025-06-03 19:41:00,Email,Payment Issue,Charged twice!,My card was declined but I see a charge.,Medium,Resolved,Pat,18,14.5,FALSE,4,Voided duplicate authorization hold.
TICK-001141,CUST-00860,2025-12-13 09:33:00,Email,General Inquiry,Help with my order,I have a few problems with my recent purchase.,High,Resolved,Riley,101,2.1,FALSE,3,Addressed multiple queries.
TICK-001142,CUST-00030,2025-10-17 21:45:00,Chat,Product Damage,Blender arrived broken,The box was smashed and the item is damaged.,High,Resolved,Morgan,4,5.8,FALSE,5,Sent overnight replacement.
TICK-001143,CUST-00115,2026-04-19 13:38:00,Email,General Inquiry,Help with my order,I have a few problems with my recent purchase.,Low,Resolved,Pat,217,63.1,FALSE,5,Addressed multiple queries.
TICK-001144,CUST-00862,2025-10-22 01:12:00,Phone,Order Tracking,Where is my Electric Toothbrush?,I ordered a Electric Toothbrush and the tracking hasn't updated.,High,Resolved,Pat,4,7.0,FALSE,5,Provided updated tracking link.
TICK-001145,CUST-00406,2025-09-27 10:34:00,Social Media,Wrong Product,Got the wrong item,"I didn't order this, I ordered a Running Shoes.",Medium,Resolved,Casey,60,33.4,FALSE,1,Issued return label and shipped correct item.
TICK-001146,CUST-00133,2025-09-30 03:11:00,Phone,General Inquiry,Help with my order,I have a few problems with my recent purchase.,Low,Resolved,Morgan,12,69.1,FALSE,5,Addressed multiple queries.
TICK-001147,CUST-00068,2026-02-03 22:36:00,Chat,Refund Request,Need refund for Mechanical Keyboard,I returned this last week and want my money back.,Medium,Pending,Taylor,15,,FALSE,,
TICK-001148,CUST-00196,2026-02-28 04:58:00,Email,Refund Request,Need refund for Laptop Stand,I returned this last week and want my money back.,Low,Open,Riley,294,,FALSE,,
TICK-001149,CUST-00407,2025-05-21 03:54:00,Phone,Refund Request,Need refund for Gaming Mouse,I returned this last week and want my money back.,Medium,Resolved,Sam,5,31.6,FALSE,4,Refund processed to original payment method.
TICK-001150,CUST-00039,2025-08-17 19:03:00,Email,Delivery Delay,Package is late,My Coffee Machine was supposed to be here 2 days ago.,Medium,Resolved,Sam,233,5.0,FALSE,3,"Escalated to carrier, offered $10 credit."
TICK-001151,CUST-00824,2026-05-07 07:16:00,Phone,Delivery Delay,Package is late,My Coffee Machine was supposed to be here 2 days ago.,High,Resolved,Pat,14,2.2,FALSE,5,"Escalated to carrier, offered $10 credit."
TICK-001152,CUST-00799,2026-01-20 01:48:00,Email,Order Tracking,Where is my Yoga Mat?,I ordered a Yoga Mat and the tracking hasn't updated.,Medium,Resolved,Riley,129,67.6,FALSE,2,Provided updated tracking link.
TICK-001153,CUST-00218,2025-11-15 18:19:00,Email,Account Issue,Can't log in,Password reset not sending.,High,Resolved,Morgan,219,8.5,FALSE,4,Sent manual reset link via SMS.
TICK-001154,CUST-00981,2026-01-29 22:16:00,Social Media,Wrong Product,Got the wrong item,"I didn't order this, I ordered a Laptop Stand.",High,Resolved,Jamie,45,19.0,FALSE,3,Issued return label and shipped correct item.
TICK-001155,CUST-00675,2025-10-12 03:11:00,Email,Delivery Delay,Package is late,My Mechanical Keyboard was supposed to be here 2 days ago.,High,Pending,Taylor,206,,TRUE,,
TICK-001156,CUST-00651,2026-01-19 20:43:00,Chat,Order Tracking,Where is my Blender?,I ordered a Blender and the tracking hasn't updated.,Low,Resolved,Taylor,12,68.2,FALSE,3,Provided updated tracking link.
TICK-001157,CUST-00556,2025-09-04 01:28:00,Email,Payment Issue,Charged twice!,My card was declined but I see a charge.,Critical,Resolved,Morgan,189,1.3,TRUE,2,Voided duplicate authorization hold.
TICK-001158,CUST-00795,2025-08-10 18:30:00,Email,Payment Issue,Charged twice!,My card was declined but I see a charge.,High,Escalated,Sam,73,,TRUE,,
TICK-001159,CUST-00121,2025-07-23 19:38:00,Chat,Account Issue & Wrong Product,Got the wrong item,"I didn't order this, I ordered a Smart TV.",Medium,Resolved,Chris,10,43.7,FALSE,3,Issued return label and shipped correct item.
TICK-001160,CUST-00763,2026-01-23 05:27:00,Social Media,Order Tracking,Where is my Yoga Mat?,I ordered a Yoga Mat and the tracking hasn't updated.,Low,Resolved,Morgan,114,39.5,FALSE,5,Provided updated tracking link.
TICK-001161,CUST-00348,2025-09-01 03:39:00,Email,Unknown Issue,Question,Does it work?,Low,Resolved,Casey,172,26.8,FALSE,3,Clarified user question and provided specs.
TICK-001162,CUST-00480,2025-11-13 19:27:00,Email,Refund Request,Need refund for Gaming Mouse,I returned this last week and want my money back.,Medium,Resolved,Sam,133,11.9,FALSE,2,Refund processed to original payment method.
TICK-001163,CUST-00312,2025-12-03 02:08:00,Email,Delivery Delay,Package is late,My Smart TV was supposed to be here 2 days ago.,Critical,Resolved,Jamie,114,1.1,FALSE,5,"Escalated to carrier, offered $10 credit."
TICK-001164,CUST-00813,2025-06-08 08:07:00,Email,Payment Issue,Charged twice!,My card was declined but I see a charge.,High,Resolved,Jamie,263,22.1,FALSE,4,Voided duplicate authorization hold.
TICK-001165,CUST-00737,2025-10-28 04:25:00,Chat,General Inquiry,Help with my order,I have a few problems with my recent purchase.,Low,Resolved,Morgan,1,33.2,FALSE,3,Addressed multiple queries.
TICK-001166,CUST-00954,2025-08-08 11:50:00,Email,Refund Request,Need refund for Smart TV,I returned this last week and want my money back.,Critical,Resolved,Jamie,239,2.3,TRUE,4,Refund processed to original payment method.
TICK-001167,CUST-00443,2025-09-12 02:30:00,Chat,Order Tracking,Where is my Smart TV?,I ordered a Smart TV and the tracking hasn't updated.,Low,Pending,Sam,6,,FALSE,,
TICK-001168,CUST-00530,2026-05-17 16:54:00,Chat,Account Issue,Can't log in,Password reset not sending.,Low,Pending,Taylor,13,,FALSE,,
TICK-001169,CUST-00552,2026-04-04 07:01:00,Phone,Delivery Delay,Package is late,My Coffee Machine was supposed to be here 2 days ago.,High,Resolved,Riley,7,15.0,FALSE,3,"Escalated to carrier, offered $10 credit."
TICK-001170,CUST-00923,2025-05-21 08:08:00,Social Media,Delivery Delay,Package is late,My Smart TV was supposed to be here 2 days ago.,Medium,Open,Jordan,153,,FALSE,,
TICK-001171,CUST-00591,2025-06-24 22:10:00,Chat,Product Damage,Running Shoes arrived broken,The box was smashed and the item is damaged.,Medium,Resolved,Alex,3,13.4,FALSE,5,Sent overnight replacement.
TICK-001172,CUST-00099,2026-03-21 15:46:00,Phone,Payment Issue,Charged twice!,My card was declined but I see a charge.,High,Resolved,Chris,2,12.5,TRUE,4,Voided duplicate authorization hold.
TICK-001173,CUST-00480,2025-10-30 18:32:00,Email,Delivery Delay,Package is late,My Mechanical Keyboard was supposed to be here 2 days ago.,High,Resolved,Jamie,101,18.0,TRUE,4,"Escalated to carrier, offered $10 credit."
TICK-001174,CUST-00558,2026-05-07 01:54:00,Chat,Product Damage,Mechanical Keyboard arrived broken,The box was smashed and the item is damaged.,High,Resolved,Sam,5,6.7,FALSE,1,Sent overnight replacement.
TICK-001175,CUST-00670,2026-03-27 05:06:00,Email,Payment Issue,Charged twice!,My card was declined but I see a charge.,Critical,Resolved,Sam,123,1.2,TRUE,1,Voided duplicate authorization hold.
TICK-001176,CUST-00542,2026-01-11 15:08:00,Phone,Product Damage & Refund Request,Need refund for Coffee Machine,I returned this last week and want my money back.,High,Resolved,Casey,12,14.2,TRUE,4,Refund processed to original payment method.
TICK-001177,CUST-00601,2025-06-01 06:54:00,Chat,Order Tracking & Refund Request,Where is my Gaming Mouse?,I ordered a Gaming Mouse and the tracking hasn't updated.,Medium,Resolved,Chris,6,18.6,FALSE,3,Provided updated tracking link.
TICK-001178,CUST-00758,2025-06-11 03:43:00,Chat,Order Tracking,Where is my Smart TV?,I ordered a Smart TV and the tracking hasn't updated.,Low,Resolved,Alex,4,37.5,FALSE,5,Provided updated tracking link.
TICK-001179,CUST-00327,2025-11-28 08:30:00,Social Media,Refund Request,Need refund for Running Shoes,I returned this last week and want my money back.,High,Resolved,Taylor,142,10.2,FALSE,4,Refund processed to original payment method.
TICK-001180,CUST-00034,2026-04-09 15:58:00,Phone,General Inquiry,Help with my order,I have a few problems with my recent purchase.,High,Resolved,Casey,8,2.4,TRUE,4,Addressed multiple queries.
TICK-001181,CUST-00080,2025-10-16 21:18:00,Chat,Unknown Issue,Question,Does it work?,Low,Resolved,Alex,7,5.1,FALSE,4,Clarified user question and provided specs.
TICK-001182,CUST-00989,2025-11-04 18:16:00,Email,Refund Request,Need refund for Wireless Earbuds,I returned this last week and want my money back.,Medium,Resolved,Chris,107,39.2,FALSE,5,Refund processed to original payment method.
TICK-001183,CUST-00749,2026-03-07 09:10:00,Email,Refund Request,Need refund for Wireless Earbuds,I returned this last week and want my money back.,Medium,Resolved,Casey,270,1.9,FALSE,2,Refund processed to original payment method.
TICK-001184,CUST-00763,2025-11-20 05:41:00,Chat,Order Tracking,Where is my Laptop Stand?,I ordered a Laptop Stand and the tracking hasn't updated.,Low,Resolved,Casey,3,52.8,FALSE,3,Provided updated tracking link.
TICK-001185,CUST-00885,2026-02-22 22:43:00,Chat,General Inquiry,Help with my order,I have a few problems with my recent purchase.,Low,Resolved,Jordan,2,68.2,FALSE,4,Addressed multiple queries.
TICK-001186,CUST-00039,2025-11-03 17:15:00,Phone,Refund Request,Need refund for Electric Toothbrush,I returned this last week and want my money back.,Medium,Resolved,Jamie,1,12.9,FALSE,5,Refund processed to original payment method.
TICK-001187,CUST-00033,2026-03-10 03:36:00,Phone,Order Tracking,AGAIN: Where is my Wireless Earbuds?,I ordered a Wireless Earbuds and the tracking hasn't updated.,High,Resolved,Jordan,5,12.8,FALSE,2,Provided updated tracking link.
TICK-001188,CUST-00839,2026-01-08 19:05:00,Email,Wrong Product,Got the wrong item,"I didn't order this, I ordered a Mechanical Keyboard.",Medium,Resolved,Pat,200,51.1,FALSE,3,Issued return label and shipped correct item.
TICK-001189,CUST-00567,2026-01-30 00:49:00,Email,Payment Issue,Charged twice!,My card was declined but I see a charge.,High,Resolved,Jordan,209,23.5,FALSE,1,Voided duplicate authorization hold.
TICK-001190,CUST-00556,2025-06-29 10:37:00,Chat,Order Tracking,Where is my Smart TV?,I ordered a Smart TV and the tracking hasn't updated.,High,Resolved,Alex,11,18.9,FALSE,4,Provided updated tracking link.
TICK-001191,CUST-00526,2025-10-16 23:21:00,Social Media,Wrong Product,Got the wrong item,"I didn't order this, I ordered a Electric Toothbrush.",Critical,Resolved,Jamie,200,2.0,TRUE,1,Issued return label and shipped correct item.
TICK-001192,CUST-00017,2025-07-10 02:43:00,Email,General Inquiry,Help with my order,I have a few problems with my recent purchase.,Medium,Resolved,Casey,201,55.2,FALSE,2,Addressed multiple queries.
TICK-001193,CUST-00416,2025-06-05 04:54:00,Chat,Product Damage,Blender arrived broken,The box was smashed and the item is damaged.,Medium,Resolved,Riley,13,43.6,FALSE,5,Sent overnight replacement.
TICK-001194,CUST-00834,2025-11-22 08:17:00,Phone,Order Tracking,Where is my Laptop Stand?,I ordered a Laptop Stand and the tracking hasn't updated.,Medium,Resolved,Riley,2,38.1,FALSE,4,Provided updated tracking link.
TICK-001195,CUST-00248,2025-08-15 02:19:00,Email,Order Tracking,Where is my Gaming Mouse?,I ordered a Gaming Mouse and the tracking hasn't updated.,Medium,Resolved,Taylor,107,40.3,FALSE,4,Provided updated tracking link.
TICK-001196,CUST-00421,2025-06-28 05:24:00,Phone,Delivery Delay,Package is late,My Electric Toothbrush was supposed to be here 2 days ago.,High,Resolved,Sam,5,15.1,TRUE,4,"Escalated to carrier, offered $10 credit."
TICK-001197,CUST-00410,2025-08-28 19:01:00,Chat,Refund Request,Need refund for Smart TV,I returned this last week and want my money back.,High,Resolved,Riley,3,16.8,FALSE,4,Refund processed to original payment method.
TICK-001198,CUST-00637,2026-04-07 04:28:00,Social Media,Order Tracking,Where is my Laptop Stand?,I ordered a Laptop Stand and the tracking hasn't updated.,Medium,Resolved,Riley,151,14.2,FALSE,5,Provided updated tracking link.
TICK-001199,CUST-00014,2026-03-12 02:42:00,Chat,Delivery Delay,AGAIN: Package is late,My Blender was supposed to be here 2 days ago.,High,Resolved,Jordan,8,17.5,FALSE,3,"Escalated to carrier, offered $10 credit."
TICK-001200,CUST-00731,2025-07-21 18:37:00,Chat,Account Issue,Can't log in,Password reset not sending.,Low,Resolved,Taylor,10,61.1,FALSE,4,Sent manual reset link via SMS.
TICK-001201,CUST-00491,2026-02-06 02:09:00,Phone,Payment Issue,Charged twice!,My card was declined but I see a charge.,Critical,Resolved,Taylor,7,0.6,TRUE,1,Voided duplicate authorization hold.
TICK-001202,CUST-00212,2026-03-16 04:34:00,Chat,Account Issue,Can't log in,Password reset not sending.,Low,Resolved,Taylor,9,64.8,FALSE,2,Sent manual reset link via SMS.
TICK-001203,CUST-00928,2025-09-10 01:30:00,Social Media,Payment Issue,Charged twice!,My card was declined but I see a charge.,High,Resolved,Jordan,26,16.0,TRUE,1,Voided duplicate authorization hold.
TICK-001204,CUST-00331,2025-07-08 06:12:00,Chat,Wrong Product,Got the wrong item,"I didn't order this, I ordered a Coffee Machine.",High,Resolved,Chris,7,10.3,TRUE,5,Issued return label and shipped correct item.
TICK-001205,CUST-00192,2025-06-13 09:50:00,Email,Refund Request,Need refund for Wireless Earbuds,I returned this last week and want my money back.,Medium,Resolved,Sam,170,43.8,FALSE,5,Refund processed to original payment method.
TICK-001206,CUST-00029,2025-10-15 01:38:00,Chat,Order Tracking,Where is my Wireless Earbuds?,I ordered a Wireless Earbuds and the tracking hasn't updated.,Medium,Pending,Sam,13,,FALSE,,
TICK-001207,CUST-00835,2026-04-12 18:03:00,Chat,Order Tracking,Where is my Blender?,I ordered a Blender and the tracking hasn't updated.,Low,Resolved,Sam,14,35.3,FALSE,5,Provided updated tracking link.
TICK-001208,CUST-00110,2025-06-01 10:21:00,Chat,Account Issue,Can't log in,Password reset not sending.,Medium,Resolved,Morgan,6,46.1,FALSE,5,Sent manual reset link via SMS.
TICK-001209,CUST-00906,2025-06-18 22:04:00,Phone,Order Tracking,Where is my Smart TV?,I ordered a Smart TV and the tracking hasn't updated.,Low,Resolved,Pat,14,36.3,FALSE,2,Provided updated tracking link.
TICK-001210,CUST-00485,2025-12-24 15:39:00,Chat,General Inquiry,Help with my order,I have a few problems with my recent purchase.,High,Resolved,Jamie,4,16.8,FALSE,3,Addressed multiple queries.
TICK-001211,CUST-00266,2025-06-04 15:17:00,Social Media,Product Damage,Coffee Machine arrived broken,The box was smashed and the item is damaged.,Critical,Resolved,Alex,206,2.4,TRUE,1,Sent overnight replacement.
TICK-001212,CUST-00602,2025-07-30 10:05:00,Email,Account Issue & Payment Issue,Charged twice!,My card was declined but I see a charge.,Critical,Escalated,Sam,217,,TRUE,,
TICK-001213,CUST-00082,2025-09-05 20:21:00,Phone,General Inquiry,Help with my order,I have a few problems with my recent purchase.,Low,Resolved,Alex,8,34.4,FALSE,5,Addressed multiple queries.
TICK-001214,CUST-00872,2025-08-14 04:26:00,Chat,Refund Request,Need refund for Laptop Stand,I returned this last week and want my money back.,Low,Resolved,Chris,15,64.1,FALSE,1,Refund processed to original payment method.
TICK-001215,CUST-00299,2026-04-27 01:31:00,Chat,General Inquiry,Help with my order,I have a few problems with my recent purchase.,Low,Resolved,Jamie,1,33.7,FALSE,5,Addressed multiple queries.
TICK-001216,CUST-00047,2025-11-18 04:14:00,Email,Account Issue,Can't log in,Password reset not sending.,Low,Resolved,Pat,124,39.1,FALSE,5,Sent manual reset link via SMS.
TICK-001217,CUST-00687,2025-05-20 17:55:00,Email,Wrong Product,Got the wrong item,"I didn't order this, I ordered a Laptop Stand.",High,Resolved,Alex,214,12.3,FALSE,4,Issued return label and shipped correct item.
TICK-001218,CUST-00663,2025-12-23 17:02:00,Phone,Refund Request,Need refund for Running Shoes,I returned this last week and want my money back.,Medium,Resolved,Alex,15,15.3,FALSE,5,Refund processed to original payment method.
TICK-001219,CUST-00032,2025-09-28 12:36:00,Chat,General Inquiry,Help with my order,I have a few problems with my recent purchase.,Low,Resolved,Jordan,13,19.1,FALSE,1,Addressed multiple queries.
TICK-001220,CUST-01000,2025-07-16 21:16:00,Phone,Account Issue,Can't log in,Password reset not sending.,Medium,Resolved,Chris,13,6.6,FALSE,2,Sent manual reset link via SMS.
TICK-001221,CUST-00277,2025-10-14 11:04:00,Phone,Delivery Delay,Package is late,My Blender was supposed to be here 2 days ago.,High,Pending,Taylor,10,,FALSE,,
TICK-001222,CUST-00382,2026-02-25 19:40:00,Phone,Order Tracking,Where is my Blender?,I ordered a Blender and the tracking hasn't updated.,Low,Open,Jordan,10,,FALSE,,
TICK-001223,CUST-00156,2026-02-09 01:11:00,Phone,Delivery Delay,Package is late,My Wireless Earbuds was supposed to be here 2 days ago.,High,Resolved,Alex,8,21.1,FALSE,3,"Escalated to carrier, offered $10 credit."
TICK-001224,CUST-00714,2026-05-08 20:35:00,Chat,Order Tracking,Where is my Yoga Mat?,I ordered a Yoga Mat and the tracking hasn't updated.,High,Resolved,Jamie,10,13.0,FALSE,1,Provided updated tracking link.
TICK-001225,CUST-00667,2025-12-18 17:31:00,Phone,Product Damage,Gaming Mouse arrived broken,The box was smashed and the item is damaged.,Medium,Resolved,Morgan,12,49.9,FALSE,3,Sent overnight replacement.
TICK-001226,CUST-00010,2025-09-28 07:16:00,Email,Delivery Delay,Package is late,My Mechanical Keyboard was supposed to be here 2 days ago.,Medium,Resolved,Jamie,290,68.5,FALSE,2,"Escalated to carrier, offered $10 credit."
TICK-001227,CUST-00156,2025-10-10 13:38:00,Chat,General Inquiry,Help with my order,I have a few problems with my recent purchase.,Low,Resolved,Jordan,10,60.3,FALSE,1,Addressed multiple queries.
TICK-001228,CUST-00941,2026-01-18 06:45:00,Email,Refund Request,Need refund for Laptop Stand,I returned this last week and want my money back.,High,Escalated,Jamie,67,,TRUE,,
TICK-001229,CUST-00242,2026-04-19 02:39:00,Email,Payment Issue,Charged twice!,My card was declined but I see a charge.,High,Resolved,Jordan,161,19.9,FALSE,5,Voided duplicate authorization hold.
TICK-001230,CUST-00228,2025-06-03 17:07:00,Chat,Product Damage & Refund Request,Need refund for Mechanical Keyboard,I returned this last week and want my money back.,High,Resolved,Riley,15,11.3,FALSE,4,Refund processed to original payment method.
TICK-001231,CUST-00340,2026-05-05 08:41:00,Chat,Product Damage,Blender arrived broken,The box was smashed and the item is damaged.,High,Escalated,Riley,12,,TRUE,,
TICK-001232,CUST-00629,2026-02-26 19:25:00,Phone,Delivery Delay,Package is late,My Yoga Mat was supposed to be here 2 days ago.,Medium,Resolved,Jamie,11,45.4,FALSE,4,"Escalated to carrier, offered $10 credit."
TICK-001233,CUST-00764,2026-02-11 02:57:00,Chat,Product Damage,Yoga Mat arrived broken,The box was smashed and the item is damaged.,Critical,Resolved,Alex,4,2.9,FALSE,3,Sent overnight replacement.
TICK-001234,CUST-00456,2026-01-20 10:00:00,Email,Refund Request,Need refund for Electric Toothbrush,I returned this last week and want my money back.,High,Resolved,Alex,228,12.9,FALSE,3,Refund processed to original payment method.
TICK-001235,CUST-00555,2026-03-19 01:23:00,Phone,Product Damage,Wireless Earbuds arrived broken,The box was smashed and the item is damaged.,High,Resolved,Morgan,8,2.1,TRUE,3,Sent overnight replacement.
TICK-001236,CUST-00855,2025-05-26 08:27:00,Phone,Delivery Delay,Package is late,My Electric Toothbrush was supposed to be here 2 days ago.,Medium,Resolved,Pat,4,52.6,FALSE,2,"Escalated to carrier, offered $10 credit."
TICK-001237,CUST-00300,2025-12-27 22:00:00,Phone,Refund Request,Need refund for Gaming Mouse,I returned this last week and want my money back.,Low,Resolved,Casey,1,60.2,FALSE,1,Refund processed to original payment method.
TICK-001238,CUST-00935,2026-02-13 00:02:00,Chat,Account Issue,Can't log in,Password reset not sending.,Medium,Resolved,Pat,4,36.1,FALSE,1,Sent manual reset link via SMS.
TICK-001239,CUST-00716,2026-01-31 18:51:00,Chat,Payment Issue,Charged twice!,My card was declined but I see a charge.,High,Pending,Casey,2,,TRUE,,
TICK-001240,CUST-00883,2025-12-31 18:44:00,Chat,Wrong Product,Got the wrong item,"I didn't order this, I ordered a Laptop Stand.",Critical,Escalated,Riley,9,,TRUE,,
TICK-001241,CUST-00045,2025-10-30 11:17:00,Chat,Wrong Product,Got the wrong item,"I didn't order this, I ordered a Smart TV.",Medium,Resolved,Jamie,8,57.0,FALSE,2,Issued return label and shipped correct item.
TICK-001242,CUST-00366,2025-12-15 04:51:00,Email,General Inquiry,Help with my order,I have a few problems with my recent purchase.,Low,Open,Sam,100,,FALSE,,
TICK-001243,CUST-00565,2026-02-22 21:44:00,Phone,Order Tracking,Where is my Yoga Mat?,I ordered a Yoga Mat and the tracking hasn't updated.,Low,Resolved,Sam,1,44.9,FALSE,5,Provided updated tracking link.
TICK-001244,CUST-00968,2026-03-08 12:25:00,Email,Product Damage & Order Tracking,AGAIN: Where is my Electric Toothbrush?,I ordered a Electric Toothbrush and the tracking hasn't updated.,High,Escalated,Casey,20,,TRUE,,
TICK-001245,CUST-00883,2025-08-08 12:02:00,Social Media,Refund Request,Need refund for Smart TV,I returned this last week and want my money back.,Medium,Resolved,Taylor,274,64.9,FALSE,1,Refund processed to original payment method.
TICK-001246,CUST-00815,2025-06-24 00:32:00,Phone,Wrong Product & Delivery Delay,Package is late,My Running Shoes was supposed to be here 2 days ago.,Critical,Resolved,Jamie,9,1.8,TRUE,3,"Escalated to carrier, offered $10 credit."
TICK-001247,CUST-00617,2025-08-24 16:26:00,Chat,Wrong Product & Product Damage,Electric Toothbrush arrived broken,The box was smashed and the item is damaged.,Critical,Resolved,Sam,11,3.4,FALSE,2,Sent overnight replacement.
TICK-001248,CUST-00571,2026-01-07 01:50:00,Chat,Account Issue,Can't log in,Password reset not sending.,Low,Resolved,Morgan,13,68.2,FALSE,2,Sent manual reset link via SMS.
TICK-001249,CUST-00092,2025-09-19 14:41:00,Chat,Product Damage,Running Shoes arrived broken,The box was smashed and the item is damaged.,High,Resolved,Taylor,2,6.8,TRUE,4,Sent overnight replacement.
TICK-001250,CUST-00627,2025-09-21 06:41:00,Chat,Account Issue,Can't log in,Password reset not sending.,Low,Resolved,Jordan,11,29.9,FALSE,2,Sent manual reset link via SMS.
TICK-001251,CUST-00247,2026-01-16 21:37:00,Social Media,Delivery Delay,Package is late,My Blender was supposed to be here 2 days ago.,Low,Resolved,Jamie,142,19.4,FALSE,3,"Escalated to carrier, offered $10 credit."
TICK-001252,CUST-00265,2025-08-06 04:22:00,Phone,Product Damage,Smart TV arrived broken,The box was smashed and the item is damaged.,High,Open,Pat,13,,FALSE,,
TICK-001253,CUST-00581,2025-12-19 00:22:00,Email,Delivery Delay,Package is late,My Smart TV was supposed to be here 2 days ago.,High,Open,Jamie,25,,FALSE,,
TICK-001254,CUST-00625,2025-06-24 15:53:00,Chat,Product Damage & Order Tracking,Where is my Blender?,I ordered a Blender and the tracking hasn't updated.,Critical,Resolved,Chris,6,3.7,TRUE,3,Provided updated tracking link.
TICK-001255,CUST-00914,2025-09-28 21:34:00,Chat,Order Tracking,Where is my Running Shoes?,I ordered a Running Shoes and the tracking hasn't updated.,High,Resolved,Riley,15,7.7,TRUE,3,Provided updated tracking link.
TICK-001256,CUST-00840,2025-08-12 20:12:00,Chat,Refund Request,AGAIN: Need refund for Yoga Mat,I returned this last week and want my money back.,Critical,Escalated,Chris,6,,TRUE,,
TICK-001257,CUST-00877,2025-06-21 08:19:00,Chat,Wrong Product,Got the wrong item,"I didn't order this, I ordered a Smart TV.",Medium,Resolved,Morgan,1,40.9,FALSE,5,Issued return label and shipped correct item.
TICK-001258,CUST-00261,2026-03-17 21:12:00,Phone,Product Damage,Yoga Mat arrived broken,The box was smashed and the item is damaged.,High,Resolved,Jamie,1,14.7,FALSE,4,Sent overnight replacement.
TICK-001259,CUST-00940,2025-10-05 22:41:00,Chat,Order Tracking,Where is my Electric Toothbrush?,I ordered a Electric Toothbrush and the tracking hasn't updated.,Low,Pending,Chris,6,,FALSE,,
TICK-001260,CUST-00220,2026-02-16 21:21:00,Social Media,Payment Issue,Charged twice!,My card was declined but I see a charge.,High,Resolved,Jordan,50,4.6,FALSE,4,Voided duplicate authorization hold.
TICK-001261,CUST-00604,2026-03-18 03:21:00,Social Media,Refund Request,Need refund for Coffee Machine,I returned this last week and want my money back.,Medium,Pending,Chris,139,,FALSE,,
TICK-001262,CUST-00667,2026-03-14 12:48:00,Email,General Inquiry,Help with my order,I have a few problems with my recent purchase.,Low,Resolved,Riley,50,13.0,FALSE,5,Addressed multiple queries.
TICK-001263,CUST-00821,2025-09-14 14:36:00,Chat,Refund Request,Need refund for Coffee Machine,I returned this last week and want my money back.,High,Resolved,Sam,9,3.3,TRUE,1,Refund processed to original payment method.
TICK-001264,CUST-00690,2025-07-21 02:21:00,Email,Payment Issue,Charged twice!,My card was declined but I see a charge.,High,Resolved,Alex,124,16.2,FALSE,4,Voided duplicate authorization hold.
TICK-001265,CUST-00903,2026-03-04 16:22:00,Email,Order Tracking,Where is my Smart TV?,I ordered a Smart TV and the tracking hasn't updated.,High,Resolved,Pat,138,15.8,TRUE,4,Provided updated tracking link.
TICK-001266,CUST-00746,2025-09-01 20:17:00,Email,Account Issue,Can't log in,Password reset not sending.,Low,Resolved,Pat,134,29.7,FALSE,4,Sent manual reset link via SMS.
TICK-001267,CUST-00379,2025-12-22 09:09:00,Phone,Refund Request,Need refund for Running Shoes,I returned this last week and want my money back.,Medium,Open,Casey,14,,FALSE,,
TICK-001268,CUST-00683,2026-03-25 07:41:00,Email,Order Tracking,Where is my Mechanical Keyboard?,I ordered a Mechanical Keyboard and the tracking hasn't updated.,Low,Resolved,Morgan,115,51.2,FALSE,5,Provided updated tracking link.
TICK-001269,CUST-00293,2025-12-29 11:34:00,Chat,Account Issue & Payment Issue,Charged twice!,My card was declined but I see a charge.,High,Pending,Pat,11,,TRUE,,
TICK-001270,CUST-00350,2025-12-21 01:17:00,Chat,Product Damage,Wireless Earbuds arrived broken,The box was smashed and the item is damaged.,Critical,Resolved,Casey,14,1.5,TRUE,4,Sent overnight replacement.
TICK-001271,CUST-00485,2025-07-30 23:04:00,Chat,General Inquiry,Help with my order,I have a few problems with my recent purchase.,Low,Resolved,Sam,9,30.8,FALSE,5,Addressed multiple queries.
TICK-001272,CUST-00039,2025-06-29 23:49:00,Chat,Payment Issue,Charged twice!,My card was declined but I see a charge.,High,Resolved,Jordan,2,14.1,TRUE,1,Voided duplicate authorization hold.
TICK-001273,CUST-00782,2025-10-17 02:12:00,Phone,Refund Request,Need refund for Yoga Mat,I returned this last week and want my money back.,Medium,Resolved,Chris,13,16.0,FALSE,4,Refund processed to original payment method.
TICK-001274,CUST-00755,2026-02-12 17:30:00,Phone,Account Issue & Product Damage,Wireless Earbuds arrived broken,The box was smashed and the item is damaged.,High,Resolved,Sam,1,23.2,TRUE,4,Sent overnight replacement.
TICK-001275,CUST-00454,2025-12-29 21:32:00,Chat,Order Tracking,Where is my Laptop Stand?,I ordered a Laptop Stand and the tracking hasn't updated.,Low,Pending,Riley,6,,FALSE,,
TICK-001276,CUST-00509,2026-02-11 02:09:00,Chat,Delivery Delay,Package is late,My Coffee Machine was supposed to be here 2 days ago.,High,Resolved,Riley,2,14.8,FALSE,4,"Escalated to carrier, offered $10 credit."
TICK-001277,CUST-00410,2026-03-09 10:28:00,Email,Unknown Issue,Question,Does it work?,Low,Resolved,Casey,87,29.5,FALSE,3,Clarified user question and provided specs.
TICK-001278,CUST-00515,2026-04-22 23:15:00,Chat,Order Tracking,Where is my Mechanical Keyboard?,I ordered a Mechanical Keyboard and the tracking hasn't updated.,Low,Resolved,Taylor,5,10.7,FALSE,5,Provided updated tracking link.
TICK-001279,CUST-00530,2025-12-18 14:35:00,Chat,Order Tracking,Where is my Yoga Mat?,I ordered a Yoga Mat and the tracking hasn't updated.,Low,Resolved,Casey,3,38.1,FALSE,1,Provided updated tracking link.
TICK-001280,CUST-00887,2025-07-04 06:45:00,Social Media,Order Tracking,Where is my Smart TV?,I ordered a Smart TV and the tracking hasn't updated.,Low,Resolved,Pat,107,60.9,FALSE,2,Provided updated tracking link.
TICK-001281,CUST-00040,2025-10-20 19:06:00,Chat,Order Tracking,Where is my Running Shoes?,I ordered a Running Shoes and the tracking hasn't updated.,Medium,Resolved,Pat,7,71.1,FALSE,1,Provided updated tracking link.
TICK-001282,CUST-00082,2025-12-17 09:13:00,Phone,Account Issue,Can't log in,Password reset not sending.,Medium,Resolved,Pat,15,29.6,FALSE,5,Sent manual reset link via SMS.
TICK-001283,CUST-00471,2026-03-24 16:39:00,Email,Payment Issue,Charged twice!,My card was declined but I see a charge.,High,Resolved,Casey,286,11.3,FALSE,3,Voided duplicate authorization hold.
TICK-001284,CUST-00063,2025-11-05 19:14:00,Social Media,Refund Request,Need refund for Electric Toothbrush,I returned this last week and want my money back.,High,Pending,Alex,272,,FALSE,,
TICK-001285,CUST-00106,2026-03-22 17:28:00,Email,Payment Issue,Charged twice!,My card was declined but I see a charge.,Critical,Resolved,Jamie,192,3.2,TRUE,3,Voided duplicate authorization hold.
TICK-001286,CUST-00316,2026-05-12 09:05:00,Chat,Refund Request,Need refund for Laptop Stand,I returned this last week and want my money back.,High,Resolved,Casey,2,9.5,FALSE,3,Refund processed to original payment method.
TICK-001287,CUST-00703,2025-09-29 07:41:00,Email,Product Damage & Wrong Product,Coffee Machine arrived broken,The box was smashed and the item is damaged.,High,Resolved,Taylor,259,12.1,TRUE,4,Sent overnight replacement.
TICK-001288,CUST-00516,2025-11-06 15:41:00,Email,Account Issue,Can't log in,Password reset not sending.,Medium,Resolved,Morgan,40,43.4,FALSE,3,Sent manual reset link via SMS.
TICK-001289,CUST-00968,2025-11-12 05:10:00,Phone,Account Issue,Can't log in,Password reset not sending.,Low,Resolved,Jordan,14,68.1,FALSE,2,Sent manual reset link via SMS.
TICK-001290,CUST-00075,2025-12-15 21:32:00,Social Media,Order Tracking,Where is my Smart TV?,I ordered a Smart TV and the tracking hasn't updated.,Medium,Resolved,Casey,88,1.1,FALSE,5,Provided updated tracking link.
TICK-001291,CUST-00836,2025-09-22 18:50:00,Phone,Delivery Delay,Package is late,My Mechanical Keyboard was supposed to be here 2 days ago.,Medium,Pending,Pat,2,,FALSE,,
TICK-001292,CUST-00232,2025-08-08 14:02:00,Email,Order Tracking,Where is my Smart TV?,I ordered a Smart TV and the tracking hasn't updated.,Low,Resolved,Jamie,40,8.9,FALSE,5,Provided updated tracking link.
TICK-001293,CUST-00087,2025-09-11 02:10:00,Chat,Delivery Delay,Package is late,My Running Shoes was supposed to be here 2 days ago.,Critical,Resolved,Morgan,7,3.4,TRUE,2,"Escalated to carrier, offered $10 credit."
TICK-001294,CUST-00983,2025-09-09 01:29:00,Email,Account Issue,Can't log in,Password reset not sending.,Low,Resolved,Riley,277,18.3,FALSE,5,Sent manual reset link via SMS.
TICK-001295,CUST-00784,2025-05-19 14:58:00,Chat,Product Damage,Mechanical Keyboard arrived broken,The box was smashed and the item is damaged.,Critical,Pending,Alex,11,,FALSE,,
TICK-001296,CUST-00549,2026-03-30 03:53:00,Phone,Refund Request,Need refund for Coffee Machine,I returned this last week and want my money back.,High,Escalated,Taylor,4,,TRUE,,
TICK-001297,CUST-00032,2026-03-03 12:24:00,Chat,Order Tracking,Where is my Coffee Machine?,I ordered a Coffee Machine and the tracking hasn't updated.,Low,Resolved,Taylor,7,38.3,FALSE,3,Provided updated tracking link.
TICK-001298,CUST-00781,2026-02-07 22:01:00,Email,Refund Request,Need refund for Electric Toothbrush,I returned this last week and want my money back.,Medium,Resolved,Alex,282,11.0,FALSE,5,Refund processed to original payment method.
TICK-001299,CUST-00949,2026-03-05 22:11:00,Email,Order Tracking,Where is my Electric Toothbrush?,I ordered a Electric Toothbrush and the tracking hasn't updated.,Low,Resolved,Morgan,30,66.4,FALSE,2,Provided updated tracking link.
TICK-001300,CUST-00071,2025-08-02 08:55:00,Chat,Refund Request,Need refund for Gaming Mouse,I returned this last week and want my money back.,Medium,Pending,Pat,13,,FALSE,,
TICK-001301,CUST-00081,2025-06-04 09:59:00,Phone,Order Tracking,Where is my Coffee Machine?,I ordered a Coffee Machine and the tracking hasn't updated.,Medium,Resolved,Pat,2,7.6,FALSE,3,Provided updated tracking link.
TICK-001302,CUST-00763,2025-12-20 19:40:00,Chat,Refund Request & Wrong Product,Need refund for Blender,I returned this last week and want my money back.,Medium,Open,Jamie,2,,FALSE,,
TICK-001303,CUST-00231,2025-09-01 23:14:00,Email,Refund Request,Need refund for Smart TV,I returned this last week and want my money back.,Medium,Open,Jamie,87,,FALSE,,
TICK-001304,CUST-00254,2026-04-12 10:55:00,Email,Product Damage,Yoga Mat arrived broken,The box was smashed and the item is damaged.,Medium,Resolved,Taylor,194,18.2,FALSE,2,Sent overnight replacement.
TICK-001305,CUST-00135,2025-06-08 12:48:00,Email,Delivery Delay,Package is late,My Yoga Mat was supposed to be here 2 days ago.,Medium,Pending,Jordan,186,,FALSE,,
TICK-001306,CUST-00822,2026-01-21 17:55:00,Chat,Order Tracking,Where is my Blender?,I ordered a Blender and the tracking hasn't updated.,Low,Resolved,Pat,10,61.1,FALSE,2,Provided updated tracking link.
TICK-001307,CUST-00706,2025-09-07 18:29:00,Chat,Payment Issue,Charged twice!,My card was declined but I see a charge.,Critical,Resolved,Morgan,6,1.9,FALSE,2,Voided duplicate authorization hold.
TICK-001308,CUST-00149,2025-09-23 06:19:00,Email,Wrong Product,Got the wrong item,"I didn't order this, I ordered a Blender.",Medium,Resolved,Riley,20,63.6,FALSE,2,Issued return label and shipped correct item.
TICK-001309,CUST-00851,2025-10-07 01:38:00,Phone,Product Damage,Laptop Stand arrived broken,The box was smashed and the item is damaged.,High,Resolved,Morgan,1,10.2,TRUE,3,Sent overnight replacement.
TICK-001310,CUST-00996,2025-07-24 04:03:00,Chat,Delivery Delay,AGAIN: Package is late,My Wireless Earbuds was supposed to be here 2 days ago.,Critical,Escalated,Sam,14,,TRUE,,
TICK-001311,CUST-00079,2026-04-30 07:31:00,Email,Account Issue,Can't log in,Password reset not sending.,Low,Pending,Taylor,58,,FALSE,,
TICK-001312,CUST-00210,2025-07-25 19:43:00,Social Media,Refund Request,Need refund for Gaming Mouse,I returned this last week and want my money back.,Medium,Resolved,Sam,65,63.9,FALSE,2,Refund processed to original payment method.
TICK-001313,CUST-00743,2026-05-09 16:19:00,Chat,Order Tracking,Where is my Gaming Mouse?,I ordered a Gaming Mouse and the tracking hasn't updated.,Low,Resolved,Morgan,11,14.9,FALSE,5,Provided updated tracking link.
TICK-001314,CUST-00370,2026-03-25 18:25:00,Phone,Account Issue,Can't log in,Password reset not sending.,High,Escalated,Riley,4,,TRUE,,
TICK-001315,CUST-00743,2026-05-01 08:14:00,Social Media,Order Tracking,Where is my Laptop Stand?,I ordered a Laptop Stand and the tracking hasn't updated.,Low,Resolved,Riley,51,54.3,FALSE,2,Provided updated tracking link.
TICK-001316,CUST-00084,2025-05-30 05:15:00,Chat,Wrong Product,Got the wrong item,"I didn't order this, I ordered a Yoga Mat.",Medium,Resolved,Riley,9,12.4,FALSE,5,Issued return label and shipped correct item.
TICK-001317,CUST-00164,2025-06-24 10:12:00,Email,Refund Request,Need refund for Gaming Mouse,I returned this last week and want my money back.,Medium,Resolved,Alex,101,37.9,FALSE,3,Refund processed to original payment method.
TICK-001318,CUST-00453,2025-07-24 14:47:00,Email,Delivery Delay & Payment Issue,Package is late,My Wireless Earbuds was supposed to be here 2 days ago.,Medium,Resolved,Riley,175,29.5,FALSE,4,"Escalated to carrier, offered $10 credit."
TICK-001319,CUST-00636,2025-06-03 16:48:00,Chat,Account Issue,Can't log in,Password reset not sending.,Low,Resolved,Pat,2,3.8,FALSE,5,Sent manual reset link via SMS.
TICK-001320,CUST-00634,2026-03-10 21:06:00,Phone,Order Tracking,Where is my Running Shoes?,I ordered a Running Shoes and the tracking hasn't updated.,Low,Resolved,Casey,4,49.1,FALSE,3,Provided updated tracking link.
TICK-001321,CUST-00472,2025-10-04 07:18:00,Email,Account Issue,Can't log in,Password reset not sending.,Low,Resolved,Jordan,49,66.8,FALSE,3,Sent manual reset link via SMS.
TICK-001322,CUST-00933,2025-09-12 02:24:00,Email,Order Tracking,Where is my Electric Toothbrush?,I ordered a Electric Toothbrush and the tracking hasn't updated.,Low,Resolved,Morgan,232,50.7,FALSE,2,Provided updated tracking link.
TICK-001323,CUST-00894,2025-08-21 01:41:00,Phone,Delivery Delay,Package is late,My Electric Toothbrush was supposed to be here 2 days ago.,High,Escalated,Jordan,12,,TRUE,,
TICK-001324,CUST-00893,2025-07-04 17:57:00,Email,Refund Request,AGAIN: Need refund for Coffee Machine,I returned this last week and want my money back.,Critical,Resolved,Chris,229,1.5,FALSE,1,Refund processed to original payment method.
TICK-001325,CUST-00344,2026-01-04 02:24:00,Email,Product Damage,Running Shoes arrived broken,The box was smashed and the item is damaged.,Critical,Resolved,Alex,119,3.9,TRUE,1,Sent overnight replacement.
TICK-001326,CUST-00295,2025-06-25 23:39:00,Email,Refund Request,Need refund for Mechanical Keyboard,I returned this last week and want my money back.,Low,Resolved,Riley,45,4.0,FALSE,5,Refund processed to original payment method.
TICK-001327,CUST-00999,2026-01-11 08:58:00,Phone,Refund Request,Need refund for Coffee Machine,I returned this last week and want my money back.,Medium,Resolved,Alex,6,67.7,FALSE,3,Refund processed to original payment method.
TICK-001328,CUST-00489,2025-10-06 20:58:00,Chat,Order Tracking,Where is my Smart TV?,I ordered a Smart TV and the tracking hasn't updated.,High,Resolved,Morgan,11,18.3,TRUE,3,Provided updated tracking link.
TICK-001329,CUST-00304,2025-09-12 14:29:00,Chat,Refund Request,AGAIN: Need refund for Laptop Stand,I returned this last week and want my money back.,Critical,Resolved,Taylor,3,2.3,TRUE,3,Refund processed to original payment method.
TICK-001330,CUST-00209,2025-09-05 20:27:00,Email,Refund Request,Need refund for Laptop Stand,I returned this last week and want my money back.,High,Escalated,Casey,197,,TRUE,,
TICK-001331,CUST-00224,2026-02-16 03:14:00,Phone,General Inquiry,Help with my order,I have a few problems with my recent purchase.,Low,Resolved,Taylor,13,69.5,FALSE,3,Addressed multiple queries.
TICK-001332,CUST-00062,2025-05-20 20:07:00,Chat,Wrong Product,Got the wrong item,"I didn't order this, I ordered a Laptop Stand.",High,Resolved,Riley,11,2.7,FALSE,4,Issued return label and shipped correct item.
TICK-001333,CUST-00543,2025-06-21 13:58:00,Phone,General Inquiry,Help with my order,I have a few problems with my recent purchase.,Low,Resolved,Jordan,6,51.1,FALSE,4,Addressed multiple queries.
TICK-001334,CUST-00340,2025-09-30 17:59:00,Chat,Order Tracking,Where is my Wireless Earbuds?,I ordered a Wireless Earbuds and the tracking hasn't updated.,Medium,Resolved,Jordan,13,1.9,FALSE,5,Provided updated tracking link.
TICK-001335,CUST-00393,2026-04-12 07:19:00,Email,Wrong Product,Got the wrong item,"I didn't order this, I ordered a Running Shoes.",Medium,Pending,Chris,198,,FALSE,,
TICK-001336,CUST-00997,2025-05-21 23:26:00,Phone,Payment Issue,Charged twice!,My card was declined but I see a charge.,High,Resolved,Jordan,5,5.7,TRUE,4,Voided duplicate authorization hold.
TICK-001337,CUST-00996,2025-08-09 12:20:00,Chat,Order Tracking,Where is my Laptop Stand?,I ordered a Laptop Stand and the tracking hasn't updated.,Low,Resolved,Sam,10,33.0,FALSE,5,Provided updated tracking link.
TICK-001338,CUST-00931,2025-10-24 14:04:00,Phone,Order Tracking,Where is my Wireless Earbuds?,I ordered a Wireless Earbuds and the tracking hasn't updated.,Low,Resolved,Taylor,12,57.7,FALSE,3,Provided updated tracking link.
TICK-001339,CUST-00934,2026-03-12 10:45:00,Email,Order Tracking,Where is my Laptop Stand?,I ordered a Laptop Stand and the tracking hasn't updated.,Low,Resolved,Jamie,15,30.0,FALSE,3,Provided updated tracking link.
TICK-001340,CUST-00454,2025-10-29 11:11:00,Chat,Refund Request,Need refund for Coffee Machine,I returned this last week and want my money back.,High,Resolved,Casey,14,18.6,FALSE,4,Refund processed to original payment method.
TICK-001341,CUST-00603,2025-08-09 14:41:00,Email,Payment Issue,Charged twice!,My card was declined but I see a charge.,Critical,Resolved,Alex,43,0.6,TRUE,3,Voided duplicate authorization hold.
TICK-001342,CUST-00590,2025-12-13 22:35:00,Social Media,Wrong Product,Got the wrong item,"I didn't order this, I ordered a Blender.",High,Escalated,Morgan,112,,TRUE,,
TICK-001343,CUST-00467,2026-02-01 12:42:00,Chat,Product Damage,Running Shoes arrived broken,The box was smashed and the item is damaged.,Critical,Resolved,Pat,8,0.7,TRUE,3,Sent overnight replacement.
TICK-001344,CUST-00453,2025-06-22 23:47:00,Phone,Delivery Delay,Package is late,My Smart TV was supposed to be here 2 days ago.,High,Open,Riley,3,,TRUE,,
TICK-001345,CUST-00970,2026-04-28 05:05:00,Phone,Delivery Delay,Package is late,My Wireless Earbuds was supposed to be here 2 days ago.,Medium,Resolved,Pat,4,4.0,FALSE,4,"Escalated to carrier, offered $10 credit."
TICK-001346,CUST-00225,2025-09-21 08:24:00,Email,Refund Request,Need refund for Laptop Stand,I returned this last week and want my money back.,High,Resolved,Chris,24,20.4,FALSE,3,Refund processed to original payment method.
TICK-001347,CUST-00879,2026-01-01 11:14:00,Phone,Order Tracking,Where is my Yoga Mat?,I ordered a Yoga Mat and the tracking hasn't updated.,High,Resolved,Alex,14,14.9,FALSE,5,Provided updated tracking link.
TICK-001348,CUST-00021,2025-09-14 14:22:00,Email,Order Tracking,Where is my Blender?,I ordered a Blender and the tracking hasn't updated.,Medium,Resolved,Jordan,190,11.5,FALSE,5,Provided updated tracking link.
TICK-001349,CUST-00221,2025-07-31 15:27:00,Chat,Refund Request,Need refund for Wireless Earbuds,I returned this last week and want my money back.,Medium,Open,Pat,3,,FALSE,,
TICK-001350,CUST-00597,2026-03-01 16:38:00,Chat,Refund Request,AGAIN: Need refund for Blender,I returned this last week and want my money back.,High,Resolved,Sam,15,3.5,FALSE,2,Refund processed to original payment method.
TICK-001351,CUST-00017,2025-10-18 10:19:00,Phone,General Inquiry,Help with my order,I have a few problems with my recent purchase.,Low,Resolved,Morgan,14,36.8,FALSE,3,Addressed multiple queries.
TICK-001352,CUST-00147,2025-10-31 16:13:00,Chat,Payment Issue & Refund Request,Need refund for Electric Toothbrush,I returned this last week and want my money back.,High,Open,Riley,10,,FALSE,,
TICK-001353,CUST-00405,2026-01-04 05:25:00,Phone,General Inquiry,Help with my order,I have a few problems with my recent purchase.,Low,Resolved,Sam,6,46.1,FALSE,4,Addressed multiple queries.
TICK-001354,CUST-00341,2025-06-11 07:15:00,Chat,Refund Request,Need refund for Mechanical Keyboard,I returned this last week and want my money back.,High,Resolved,Taylor,2,20.4,TRUE,4,Refund processed to original payment method.
TICK-001355,CUST-00799,2026-05-16 21:05:00,Email,Order Tracking,Where is my Blender?,I ordered a Blender and the tracking hasn't updated.,High,Pending,Morgan,171,,TRUE,,
TICK-001356,CUST-00234,2026-01-05 15:02:00,Phone,Delivery Delay,Package is late,My Smart TV was supposed to be here 2 days ago.,Medium,Resolved,Alex,3,50.6,FALSE,3,"Escalated to carrier, offered $10 credit."
TICK-001357,CUST-00094,2025-12-14 12:41:00,Phone,General Inquiry,Help with my order,I have a few problems with my recent purchase.,Medium,Resolved,Riley,7,66.5,FALSE,1,Addressed multiple queries.
TICK-001358,CUST-00102,2025-08-30 16:27:00,Social Media,Delivery Delay,Package is late,My Wireless Earbuds was supposed to be here 2 days ago.,High,Resolved,Alex,16,16.5,TRUE,3,"Escalated to carrier, offered $10 credit."
TICK-001359,CUST-00126,2025-06-08 22:42:00,Chat,Payment Issue,Charged twice!,My card was declined but I see a charge.,High,Resolved,Alex,10,21.8,FALSE,5,Voided duplicate authorization hold.
TICK-001360,CUST-00021,2025-11-07 19:37:00,Email,Refund Request,Need refund for Laptop Stand,I returned this last week and want my money back.,Medium,Resolved,Riley,155,22.6,FALSE,4,Refund processed to original payment method.
TICK-001361,CUST-00233,2025-11-15 05:05:00,Social Media,General Inquiry,Help with my order,I have a few problems with my recent purchase.,Low,Resolved,Pat,279,31.6,FALSE,3,Addressed multiple queries.
TICK-001362,CUST-00979,2025-10-18 14:38:00,Chat,Refund Request,Need refund for Gaming Mouse,I returned this last week and want my money back.,High,Resolved,Morgan,5,21.5,FALSE,3,Refund processed to original payment method.
TICK-001363,CUST-00689,2025-12-29 02:09:00,Phone,Refund Request,Need refund for Laptop Stand,I returned this last week and want my money back.,Medium,Resolved,Jordan,10,27.5,FALSE,5,Refund processed to original payment method.
TICK-001364,CUST-00606,2025-08-08 17:32:00,Chat,General Inquiry,Help with my order,I have a few problems with my recent purchase.,Medium,Resolved,Sam,8,68.4,FALSE,4,Addressed multiple queries.
TICK-001365,CUST-00616,2025-07-16 13:43:00,Email,Wrong Product,Got the wrong item,"I didn't order this, I ordered a Yoga Mat.",Medium,Resolved,Morgan,233,52.6,FALSE,1,Issued return label and shipped correct item.
TICK-001366,CUST-00956,2025-11-04 02:08:00,Social Media,Wrong Product,Got the wrong item,"I didn't order this, I ordered a Yoga Mat.",Medium,Resolved,Morgan,120,29.8,FALSE,3,Issued return label and shipped correct item.
TICK-001367,CUST-00841,2026-05-07 00:21:00,Email,Refund Request,Need refund for Yoga Mat,I returned this last week and want my money back.,Medium,Resolved,Jamie,217,30.3,FALSE,2,Refund processed to original payment method.
TICK-001368,CUST-00493,2025-10-12 22:57:00,Email,Order Tracking,AGAIN: Where is my Mechanical Keyboard?,I ordered a Mechanical Keyboard and the tracking hasn't updated.,Critical,Resolved,Jordan,155,3.9,FALSE,1,Provided updated tracking link.
TICK-001369,CUST-00473,2026-03-01 11:28:00,Chat,Order Tracking,Where is my Electric Toothbrush?,I ordered a Electric Toothbrush and the tracking hasn't updated.,Medium,Resolved,Jamie,15,8.3,FALSE,1,Provided updated tracking link.
TICK-001370,CUST-00885,2025-11-03 13:59:00,Chat,Payment Issue,Charged twice!,My card was declined but I see a charge.,High,Resolved,Jamie,5,9.5,TRUE,5,Voided duplicate authorization hold.
TICK-001371,CUST-00517,2025-07-15 11:43:00,Phone,Order Tracking,Where is my Mechanical Keyboard?,I ordered a Mechanical Keyboard and the tracking hasn't updated.,Low,Resolved,Alex,8,5.9,FALSE,5,Provided updated tracking link.
TICK-001372,CUST-00491,2026-04-25 20:35:00,Chat,Account Issue,Can't log in,Password reset not sending.,Medium,Resolved,Jamie,13,47.2,FALSE,5,Sent manual reset link via SMS.
TICK-001373,CUST-00659,2025-12-31 22:19:00,Social Media,Payment Issue,AGAIN: Charged twice!,My card was declined but I see a charge.,High,Resolved,Riley,231,10.6,TRUE,2,Voided duplicate authorization hold.
TICK-001374,CUST-00320,2025-07-09 21:41:00,Email,Payment Issue,Charged twice!,My card was declined but I see a charge.,High,Resolved,Morgan,140,14.5,FALSE,4,Voided duplicate authorization hold.
TICK-001375,CUST-00319,2026-03-19 13:54:00,Chat,Payment Issue,Charged twice!,My card was declined but I see a charge.,Medium,Pending,Taylor,15,,FALSE,,
TICK-001376,CUST-00071,2025-05-24 22:58:00,Email,Product Damage,Smart TV arrived broken,The box was smashed and the item is damaged.,High,Resolved,Alex,203,22.0,TRUE,3,Sent overnight replacement.
TICK-001377,CUST-00466,2025-06-08 22:37:00,Chat,Delivery Delay & Refund Request,Package is late,My Mechanical Keyboard was supposed to be here 2 days ago.,Medium,Pending,Pat,13,,FALSE,,
TICK-001378,CUST-00182,2026-01-09 06:34:00,Email,Refund Request,Need refund for Mechanical Keyboard,I returned this last week and want my money back.,Medium,Resolved,Morgan,105,66.4,FALSE,5,Refund processed to original payment method.
TICK-001379,CUST-00330,2025-08-15 03:48:00,Chat,Account Issue,Can't log in,Password reset not sending.,Low,Resolved,Chris,4,41.7,FALSE,3,Sent manual reset link via SMS.
TICK-001380,CUST-00356,2025-08-14 05:36:00,Email,Order Tracking,Where is my Running Shoes?,I ordered a Running Shoes and the tracking hasn't updated.,Low,Resolved,Casey,178,64.2,FALSE,1,Provided updated tracking link.
TICK-001381,CUST-00658,2025-08-10 19:53:00,Chat,Refund Request,Need refund for Coffee Machine,I returned this last week and want my money back.,High,Resolved,Morgan,13,9.6,FALSE,5,Refund processed to original payment method.
TICK-001382,CUST-00186,2025-10-12 03:44:00,Email,Wrong Product,Got the wrong item,"I didn't order this, I ordered a Yoga Mat.",High,Resolved,Alex,167,10.8,FALSE,4,Issued return label and shipped correct item.
TICK-001383,CUST-00227,2025-08-29 04:15:00,Chat,Wrong Product,Got the wrong item,"I didn't order this, I ordered a Coffee Machine.",High,Resolved,Chris,6,19.4,FALSE,5,Issued return label and shipped correct item.
TICK-001384,CUST-00202,2025-11-04 14:56:00,Phone,Account Issue & Wrong Product,Got the wrong item,"I didn't order this, I ordered a Yoga Mat.",Medium,Resolved,Riley,9,43.4,FALSE,5,Issued return label and shipped correct item.
TICK-001385,CUST-00336,2025-11-04 08:05:00,Email,General Inquiry,Help with my order,I have a few problems with my recent purchase.,Low,Resolved,Pat,154,61.4,FALSE,1,Addressed multiple queries.
TICK-001386,CUST-00954,2025-09-21 07:57:00,Phone,Order Tracking,Where is my Coffee Machine?,I ordered a Coffee Machine and the tracking hasn't updated.,Low,Resolved,Alex,5,22.6,FALSE,3,Provided updated tracking link.
TICK-001387,CUST-00188,2025-08-26 22:58:00,Social Media,Order Tracking,Where is my Gaming Mouse?,I ordered a Gaming Mouse and the tracking hasn't updated.,High,Resolved,Jordan,172,11.5,FALSE,5,Provided updated tracking link.
TICK-001388,CUST-00922,2026-03-13 10:16:00,Chat,General Inquiry,Help with my order,I have a few problems with my recent purchase.,Low,Resolved,Alex,4,43.1,FALSE,5,Addressed multiple queries.
TICK-001389,CUST-00679,2025-08-27 11:50:00,Social Media,Account Issue,Can't log in,Password reset not sending.,Low,Resolved,Casey,114,52.2,FALSE,1,Sent manual reset link via SMS.
TICK-001390,CUST-00869,2025-10-06 22:44:00,Phone,Unknown Issue,Question,Does it work?,Low,Pending,Morgan,1,,FALSE,,
TICK-001391,CUST-00135,2025-10-10 08:37:00,Email,Order Tracking,Where is my Electric Toothbrush?,I ordered a Electric Toothbrush and the tracking hasn't updated.,Medium,Resolved,Chris,25,47.1,FALSE,1,Provided updated tracking link.
TICK-001392,CUST-00673,2025-09-22 15:16:00,Chat,Account Issue,Can't log in,Password reset not sending.,High,Resolved,Casey,5,7.0,TRUE,3,Sent manual reset link via SMS.
TICK-001393,CUST-00740,2026-01-01 02:45:00,Chat,General Inquiry,Help with my order,I have a few problems with my recent purchase.,Low,Resolved,Riley,11,18.9,FALSE,5,Addressed multiple queries.
TICK-001394,CUST-00170,2026-02-03 05:02:00,Phone,Product Damage,Electric Toothbrush arrived broken,The box was smashed and the item is damaged.,Critical,Resolved,Alex,5,0.8,TRUE,3,Sent overnight replacement.
TICK-001395,CUST-00013,2025-09-27 22:44:00,Chat,Refund Request,Need refund for Wireless Earbuds,I returned this last week and want my money back.,Medium,Resolved,Taylor,1,17.0,FALSE,4,Refund processed to original payment method.
TICK-001396,CUST-00114,2025-12-02 08:37:00,Email,Payment Issue,Charged twice!,My card was declined but I see a charge.,High,Resolved,Alex,228,21.8,FALSE,5,Voided duplicate authorization hold.
TICK-001397,CUST-00568,2025-06-20 07:56:00,Phone,General Inquiry,AGAIN: Help with my order,I have a few problems with my recent purchase.,High,Resolved,Sam,5,10.3,TRUE,3,Addressed multiple queries.
TICK-001398,CUST-00604,2026-01-09 22:55:00,Phone,Order Tracking,AGAIN: Where is my Blender?,I ordered a Blender and the tracking hasn't updated.,Critical,Open,Morgan,4,,TRUE,,
TICK-001399,CUST-00298,2025-08-10 09:46:00,Phone,General Inquiry,Help with my order,I have a few problems with my recent purchase.,High,Resolved,Sam,13,16.4,FALSE,4,Addressed multiple queries.
TICK-001400,CUST-00761,2025-07-07 06:34:00,Chat,Order Tracking,Where is my Electric Toothbrush?,I ordered a Electric Toothbrush and the tracking hasn't updated.,Medium,Resolved,Sam,13,26.9,FALSE,2,Provided updated tracking link.
TICK-001401,CUST-00624,2025-08-30 03:34:00,Chat,Account Issue,Can't log in,Password reset not sending.,Low,Resolved,Taylor,9,31.1,FALSE,4,Sent manual reset link via SMS.
TICK-001402,CUST-00578,2026-01-10 04:44:00,Chat,Account Issue & Product Damage,Yoga Mat arrived broken,The box was smashed and the item is damaged.,High,Open,Pat,10,,TRUE,,
TICK-001403,CUST-00765,2025-11-01 17:04:00,Chat,Account Issue,Can't log in,Password reset not sending.,Medium,Open,Casey,14,,FALSE,,
TICK-001404,CUST-00314,2025-11-27 01:25:00,Email,Account Issue,Can't log in,Password reset not sending.,Low,Open,Jamie,278,,FALSE,,
TICK-001405,CUST-00161,2025-07-17 14:49:00,Chat,Account Issue,AGAIN: Can't log in,Password reset not sending.,Critical,Resolved,Alex,10,1.9,TRUE,4,Sent manual reset link via SMS.
TICK-001406,CUST-00821,2026-04-06 01:17:00,Email,Delivery Delay,Package is late,My Running Shoes was supposed to be here 2 days ago.,High,Resolved,Pat,259,6.9,FALSE,4,"Escalated to carrier, offered $10 credit."
TICK-001407,CUST-00221,2026-05-02 03:14:00,Phone,Payment Issue,Charged twice!,My card was declined but I see a charge.,High,Resolved,Chris,7,5.7,FALSE,4,Voided duplicate authorization hold.
TICK-001408,CUST-00961,2025-06-17 16:20:00,Phone,Delivery Delay,Package is late,My Electric Toothbrush was supposed to be here 2 days ago.,High,Resolved,Alex,12,14.6,FALSE,4,"Escalated to carrier, offered $10 credit."
TICK-001409,CUST-00577,2026-03-28 07:42:00,Email,Order Tracking,Where is my Gaming Mouse?,I ordered a Gaming Mouse and the tracking hasn't updated.,Medium,Resolved,Taylor,204,34.1,FALSE,3,Provided updated tracking link.
TICK-001410,CUST-00164,2026-01-18 15:29:00,Chat,Product Damage,Coffee Machine arrived broken,The box was smashed and the item is damaged.,Critical,Resolved,Alex,2,3.8,TRUE,2,Sent overnight replacement.
TICK-001411,CUST-00284,2025-10-31 18:41:00,Email,Delivery Delay,Package is late,My Running Shoes was supposed to be here 2 days ago.,High,Resolved,Casey,237,9.1,FALSE,4,"Escalated to carrier, offered $10 credit."
TICK-001412,CUST-00918,2025-08-21 02:52:00,Phone,Refund Request,Need refund for Electric Toothbrush,I returned this last week and want my money back.,Medium,Resolved,Morgan,15,17.5,FALSE,5,Refund processed to original payment method.
TICK-001413,CUST-00227,2025-07-12 11:35:00,Phone,Wrong Product,Got the wrong item,"I didn't order this, I ordered a Blender.",High,Resolved,Alex,12,20.6,FALSE,2,Issued return label and shipped correct item.
TICK-001414,CUST-00585,2026-02-19 05:29:00,Phone,Product Damage,Running Shoes arrived broken,The box was smashed and the item is damaged.,High,Resolved,Pat,4,11.5,FALSE,4,Sent overnight replacement.
TICK-001415,CUST-00847,2025-08-09 18:33:00,Social Media,Order Tracking,Where is my Blender?,I ordered a Blender and the tracking hasn't updated.,Medium,Resolved,Chris,270,51.0,FALSE,2,Provided updated tracking link.
TICK-001416,CUST-00603,2026-01-12 05:13:00,Phone,General Inquiry,Help with my order,I have a few problems with my recent purchase.,Low,Resolved,Pat,4,3.0,FALSE,5,Addressed multiple queries.
TICK-001417,CUST-00117,2025-06-27 06:26:00,Chat,Delivery Delay,Package is late,My Wireless Earbuds was supposed to be here 2 days ago.,High,Resolved,Morgan,2,14.3,TRUE,5,"Escalated to carrier, offered $10 credit."
TICK-001418,CUST-00339,2025-06-24 16:46:00,Email,Wrong Product,Got the wrong item,"I didn't order this, I ordered a Electric Toothbrush.",Medium,Open,Morgan,287,,FALSE,,
TICK-001419,CUST-00999,2025-07-27 09:50:00,Chat,Payment Issue & Wrong Product,Charged twice!,My card was declined but I see a charge.,Medium,Resolved,Riley,8,48.0,FALSE,5,Voided duplicate authorization hold.
TICK-001420,CUST-00179,2025-11-19 05:41:00,Chat,Account Issue & Order Tracking,Where is my Yoga Mat?,I ordered a Yoga Mat and the tracking hasn't updated.,Low,Open,Casey,4,,FALSE,,
TICK-001421,CUST-00528,2025-10-26 21:28:00,Phone,Account Issue,Can't log in,Password reset not sending.,Medium,Pending,Taylor,12,,FALSE,,
TICK-001422,CUST-00354,2025-09-04 21:42:00,Chat,Order Tracking,Where is my Coffee Machine?,I ordered a Coffee Machine and the tracking hasn't updated.,Low,Resolved,Jordan,1,71.0,FALSE,3,Provided updated tracking link.
TICK-001423,CUST-00525,2025-06-24 21:56:00,Chat,Payment Issue,Charged twice!,My card was declined but I see a charge.,High,Resolved,Pat,10,16.4,TRUE,4,Voided duplicate authorization hold.
TICK-001424,CUST-00804,2026-02-27 23:35:00,Email,Order Tracking,Where is my Coffee Machine?,I ordered a Coffee Machine and the tracking hasn't updated.,Low,Resolved,Pat,157,67.3,FALSE,2,Provided updated tracking link.
TICK-001425,CUST-00555,2026-04-16 21:30:00,Phone,Payment Issue,Charged twice!,My card was declined but I see a charge.,High,Resolved,Jordan,11,7.7,FALSE,4,Voided duplicate authorization hold.
TICK-001426,CUST-00905,2026-04-03 02:47:00,Chat,Account Issue,Can't log in,Password reset not sending.,Low,Resolved,Taylor,12,17.8,FALSE,1,Sent manual reset link via SMS.
TICK-001427,CUST-00165,2025-08-21 01:00:00,Chat,Payment Issue,Charged twice!,My card was declined but I see a charge.,High,Escalated,Taylor,5,,TRUE,,
TICK-001428,CUST-00040,2025-11-01 13:09:00,Phone,Order Tracking,Where is my Mechanical Keyboard?,I ordered a Mechanical Keyboard and the tracking hasn't updated.,High,Resolved,Jordan,4,10.6,FALSE,3,Provided updated tracking link.
TICK-001429,CUST-00130,2026-03-03 15:02:00,Chat,Delivery Delay & Payment Issue,AGAIN: Package is late,My Coffee Machine was supposed to be here 2 days ago.,Critical,Escalated,Casey,14,,TRUE,,
TICK-001430,CUST-00268,2026-04-29 13:41:00,Email,Account Issue,Can't log in,Password reset not sending.,Low,Resolved,Pat,187,30.1,FALSE,2,Sent manual reset link via SMS.
TICK-001431,CUST-00079,2025-08-02 17:43:00,Email,Delivery Delay,Package is late,My Yoga Mat was supposed to be here 2 days ago.,Medium,Resolved,Morgan,261,26.5,FALSE,3,"Escalated to carrier, offered $10 credit."
TICK-001432,CUST-00625,2025-10-03 11:55:00,Social Media,Delivery Delay,Package is late,My Blender was supposed to be here 2 days ago.,High,Open,Jamie,182,,TRUE,,
TICK-001433,CUST-00143,2026-05-16 14:09:00,Chat,Refund Request,AGAIN: Need refund for Running Shoes,I returned this last week and want my money back.,High,Resolved,Morgan,7,14.8,FALSE,4,Refund processed to original payment method.
TICK-001434,CUST-00467,2025-06-21 21:52:00,Email,Wrong Product,Got the wrong item,"I didn't order this, I ordered a Electric Toothbrush.",High,Resolved,Taylor,193,16.4,FALSE,3,Issued return label and shipped correct item.
TICK-001435,CUST-00333,2026-04-19 13:51:00,Phone,Wrong Product,Got the wrong item,"I didn't order this, I ordered a Laptop Stand.",Critical,Escalated,Alex,6,,TRUE,,
TICK-001436,CUST-00943,2025-05-26 15:01:00,Phone,Delivery Delay,Package is late,My Laptop Stand was supposed to be here 2 days ago.,Low,Resolved,Riley,1,32.2,FALSE,3,"Escalated to carrier, offered $10 credit."
TICK-001437,CUST-00078,2025-09-09 05:57:00,Phone,General Inquiry,Help with my order,I have a few problems with my recent purchase.,Low,Open,Riley,10,,FALSE,,
TICK-001438,CUST-00215,2025-07-26 08:19:00,Email,Order Tracking,Where is my Smart TV?,I ordered a Smart TV and the tracking hasn't updated.,Low,Resolved,Riley,274,39.1,FALSE,3,Provided updated tracking link.
TICK-001439,CUST-00328,2026-05-02 16:16:00,Social Media,Refund Request & Account Issue,Need refund for Laptop Stand,I returned this last week and want my money back.,Low,Resolved,Chris,64,12.1,FALSE,5,Refund processed to original payment method.
TICK-001440,CUST-00515,2026-03-15 07:01:00,Phone,Payment Issue,Charged twice!,My card was declined but I see a charge.,Critical,Resolved,Jamie,5,3.7,TRUE,4,Voided duplicate authorization hold.
TICK-001441,CUST-00649,2026-02-10 16:31:00,Phone,Product Damage,Yoga Mat arrived broken,The box was smashed and the item is damaged.,High,Resolved,Riley,8,21.9,FALSE,5,Sent overnight replacement.
TICK-001442,CUST-00601,2026-01-26 14:07:00,Chat,Order Tracking,Where is my Coffee Machine?,I ordered a Coffee Machine and the tracking hasn't updated.,High,Resolved,Riley,1,3.5,FALSE,4,Provided updated tracking link.
TICK-001443,CUST-00919,2025-07-17 04:58:00,Phone,Account Issue,Can't log in,Password reset not sending.,Low,Open,Riley,7,,FALSE,,
TICK-001444,CUST-00529,2025-09-02 06:22:00,Chat,Refund Request,Need refund for Laptop Stand,I returned this last week and want my money back.,Medium,Resolved,Casey,3,60.9,FALSE,3,Refund processed to original payment method.
TICK-001445,CUST-00556,2026-03-20 17:55:00,Chat,Account Issue,Can't log in,Password reset not sending.,Low,Resolved,Alex,4,31.4,FALSE,3,Sent manual reset link via SMS.
TICK-001446,CUST-00522,2025-11-10 14:39:00,Email,Wrong Product,Got the wrong item,"I didn't order this, I ordered a Running Shoes.",High,Resolved,Alex,263,20.7,FALSE,3,Issued return label and shipped correct item.
TICK-001447,CUST-00580,2025-11-29 21:36:00,Chat,Delivery Delay,Package is late,My Gaming Mouse was supposed to be here 2 days ago.,High,Resolved,Morgan,9,22.0,TRUE,5,"Escalated to carrier, offered $10 credit."
TICK-001448,CUST-00462,2025-08-19 14:48:00,Chat,Delivery Delay,Package is late,My Laptop Stand was supposed to be here 2 days ago.,Medium,Resolved,Taylor,1,22.4,FALSE,4,"Escalated to carrier, offered $10 credit."
TICK-001449,CUST-00630,2026-02-18 07:25:00,Chat,Payment Issue,Charged twice!,My card was declined but I see a charge.,Medium,Resolved,Chris,1,53.2,FALSE,1,Voided duplicate authorization hold.
TICK-001450,CUST-00506,2026-03-19 07:52:00,Chat,Account Issue,Can't log in,Password reset not sending.,High,Resolved,Jordan,2,21.2,FALSE,3,Sent manual reset link via SMS.
TICK-001451,CUST-00339,2026-02-22 12:00:00,Chat,Delivery Delay,Package is late,My Running Shoes was supposed to be here 2 days ago.,Medium,Resolved,Sam,13,28.7,FALSE,5,"Escalated to carrier, offered $10 credit."
TICK-001452,CUST-00290,2025-06-07 09:20:00,Email,Order Tracking,AGAIN: Where is my Running Shoes?,I ordered a Running Shoes and the tracking hasn't updated.,Critical,Escalated,Morgan,59,,TRUE,,
TICK-001453,CUST-00490,2025-06-02 16:17:00,Phone,Refund Request,Need refund for Wireless Earbuds,I returned this last week and want my money back.,Medium,Resolved,Casey,10,39.5,FALSE,4,Refund processed to original payment method.
TICK-001454,CUST-00134,2025-10-20 17:51:00,Chat,Refund Request,Need refund for Coffee Machine,I returned this last week and want my money back.,Medium,Resolved,Pat,15,60.1,FALSE,3,Refund processed to original payment method.
TICK-001455,CUST-00654,2025-11-19 06:41:00,Email,Delivery Delay,Package is late,My Running Shoes was supposed to be here 2 days ago.,High,Resolved,Morgan,185,13.1,FALSE,2,"Escalated to carrier, offered $10 credit."
TICK-001456,CUST-00393,2025-10-09 00:45:00,Social Media,Order Tracking,Where is my Mechanical Keyboard?,I ordered a Mechanical Keyboard and the tracking hasn't updated.,High,Open,Taylor,32,,FALSE,,
TICK-001457,CUST-00582,2025-12-16 22:46:00,Chat,Payment Issue,Charged twice!,My card was declined but I see a charge.,Critical,Escalated,Jamie,3,,TRUE,,
TICK-001458,CUST-00635,2025-07-22 06:03:00,Chat,Product Damage,Mechanical Keyboard arrived broken,The box was smashed and the item is damaged.,Critical,Resolved,Taylor,8,2.6,TRUE,3,Sent overnight replacement.
TICK-001459,CUST-00728,2026-04-21 08:46:00,Social Media,Wrong Product,Got the wrong item,"I didn't order this, I ordered a Wireless Earbuds.",Low,Resolved,Alex,179,12.4,FALSE,5,Issued return label and shipped correct item.
TICK-001460,CUST-00498,2026-02-27 18:46:00,Phone,Delivery Delay,Package is late,My Gaming Mouse was supposed to be here 2 days ago.,Critical,Resolved,Taylor,6,1.4,TRUE,2,"Escalated to carrier, offered $10 credit."
TICK-001461,CUST-00198,2026-03-31 01:26:00,Chat,Product Damage & Payment Issue,Charged twice!,My card was declined but I see a charge.,Medium,Resolved,Chris,15,11.2,FALSE,5,Voided duplicate authorization hold.
TICK-001462,CUST-00238,2026-03-11 22:24:00,Phone,Account Issue,Can't log in,Password reset not sending.,Medium,Resolved,Chris,6,13.5,FALSE,1,Sent manual reset link via SMS.
TICK-001463,CUST-00665,2025-11-23 03:37:00,Chat,Payment Issue,Charged twice!,My card was declined but I see a charge.,High,Resolved,Alex,11,6.1,TRUE,4,Voided duplicate authorization hold.
TICK-001464,CUST-00724,2026-05-10 21:05:00,Chat,Product Damage,Wireless Earbuds arrived broken,The box was smashed and the item is damaged.,High,Resolved,Casey,5,19.8,FALSE,3,Sent overnight replacement.
TICK-001465,CUST-00638,2025-10-23 09:15:00,Email,Wrong Product,Got the wrong item,"I didn't order this, I ordered a Wireless Earbuds.",High,Pending,Alex,47,,FALSE,,
TICK-001466,CUST-00955,2026-04-29 20:07:00,Chat,Order Tracking,Where is my Gaming Mouse?,I ordered a Gaming Mouse and the tracking hasn't updated.,Low,Open,Sam,7,,FALSE,,
TICK-001467,CUST-00182,2026-01-19 23:18:00,Chat,General Inquiry,Help with my order,I have a few problems with my recent purchase.,Low,Resolved,Jordan,3,14.3,FALSE,5,Addressed multiple queries.
TICK-001468,CUST-00076,2026-04-20 17:29:00,Email,Product Damage,Laptop Stand arrived broken,The box was smashed and the item is damaged.,Critical,Escalated,Morgan,216,,TRUE,,
TICK-001469,CUST-00557,2025-09-07 03:04:00,Phone,Delivery Delay & Order Tracking,Where is my Laptop Stand?,I ordered a Laptop Stand and the tracking hasn't updated.,Medium,Resolved,Chris,12,24.5,FALSE,5,Provided updated tracking link.
TICK-001470,CUST-00774,2026-03-30 19:02:00,Email,Account Issue,Can't log in,Password reset not sending.,Low,Open,Casey,214,,FALSE,,
TICK-001471,CUST-00871,2025-10-14 13:41:00,Phone,Wrong Product,Got the wrong item,"I didn't order this, I ordered a Gaming Mouse.",High,Pending,Taylor,8,,TRUE,,
TICK-001472,CUST-00391,2025-11-07 14:07:00,Email,Refund Request,Need refund for Wireless Earbuds,I returned this last week and want my money back.,Medium,Open,Casey,224,,FALSE,,
TICK-001473,CUST-00103,2025-08-03 21:56:00,Chat,Order Tracking,Where is my Wireless Earbuds?,I ordered a Wireless Earbuds and the tracking hasn't updated.,High,Resolved,Alex,5,2.4,FALSE,4,Provided updated tracking link.
TICK-001474,CUST-00625,2025-11-03 03:23:00,Email,Refund Request,Need refund for Electric Toothbrush,I returned this last week and want my money back.,Medium,Pending,Morgan,158,,FALSE,,
TICK-001475,CUST-00311,2026-01-30 17:55:00,Chat,Product Damage,Mechanical Keyboard arrived broken,The box was smashed and the item is damaged.,High,Resolved,Chris,8,4.7,TRUE,5,Sent overnight replacement.
TICK-001476,CUST-00490,2025-08-22 20:54:00,Phone,Refund Request,Need refund for Blender,I returned this last week and want my money back.,Medium,Resolved,Sam,13,14.7,FALSE,2,Refund processed to original payment method.
TICK-001477,CUST-00856,2025-09-17 05:43:00,Social Media,Order Tracking & Payment Issue,Where is my Yoga Mat?,I ordered a Yoga Mat and the tracking hasn't updated.,Medium,Resolved,Sam,46,39.1,FALSE,4,Provided updated tracking link.
TICK-001478,CUST-00146,2025-08-15 01:54:00,Phone,Order Tracking,Where is my Running Shoes?,I ordered a Running Shoes and the tracking hasn't updated.,Medium,Open,Alex,1,,FALSE,,
TICK-001479,CUST-00579,2026-04-21 21:18:00,Chat,Product Damage,Yoga Mat arrived broken,The box was smashed and the item is damaged.,Critical,Pending,Casey,2,,TRUE,,
TICK-001480,CUST-00691,2025-07-15 14:24:00,Email,Delivery Delay,Package is late,My Smart TV was supposed to be here 2 days ago.,Medium,Pending,Chris,282,,FALSE,,
TICK-001481,CUST-00140,2025-09-28 20:54:00,Chat,Refund Request,Need refund for Wireless Earbuds,I returned this last week and want my money back.,Medium,Resolved,Pat,2,3.4,FALSE,1,Refund processed to original payment method.
TICK-001482,CUST-00722,2026-04-05 09:30:00,Chat,Unknown Issue,Question,Does it work?,Low,Resolved,Riley,3,59.2,FALSE,1,Clarified user question and provided specs.
TICK-001483,CUST-00657,2025-11-17 23:36:00,Chat,General Inquiry,Help with my order,I have a few problems with my recent purchase.,Low,Resolved,Taylor,7,62.4,FALSE,2,Addressed multiple queries.
TICK-001484,CUST-00953,2025-07-07 15:19:00,Chat,Refund Request,Need refund for Gaming Mouse,I returned this last week and want my money back.,Medium,Open,Casey,10,,FALSE,,
TICK-001485,CUST-00307,2026-01-12 19:37:00,Social Media,Order Tracking,AGAIN: Where is my Coffee Machine?,I ordered a Coffee Machine and the tracking hasn't updated.,Critical,Resolved,Sam,169,2.7,TRUE,4,Provided updated tracking link.
TICK-001486,CUST-00556,2026-04-30 18:44:00,Phone,Delivery Delay & Order Tracking,Where is my Electric Toothbrush?,I ordered a Electric Toothbrush and the tracking hasn't updated.,Medium,Open,Taylor,7,,FALSE,,
TICK-001487,CUST-00873,2025-09-30 03:34:00,Phone,Delivery Delay,Package is late,My Wireless Earbuds was supposed to be here 2 days ago.,High,Resolved,Sam,5,8.7,TRUE,3,"Escalated to carrier, offered $10 credit."
TICK-001488,CUST-00795,2026-05-08 04:26:00,Email,Payment Issue,Charged twice!,My card was declined but I see a charge.,High,Resolved,Taylor,122,15.4,FALSE,2,Voided duplicate authorization hold.
TICK-001489,CUST-00193,2026-03-07 08:25:00,Phone,Order Tracking,Where is my Wireless Earbuds?,I ordered a Wireless Earbuds and the tracking hasn't updated.,Medium,Resolved,Morgan,4,65.0,FALSE,3,Provided updated tracking link.
TICK-001490,CUST-00530,2025-11-21 21:20:00,Phone,Order Tracking,Where is my Gaming Mouse?,I ordered a Gaming Mouse and the tracking hasn't updated.,Medium,Resolved,Jordan,9,8.0,FALSE,5,Provided updated tracking link.
TICK-001491,CUST-00938,2025-12-11 11:42:00,Chat,Delivery Delay,Package is late,My Blender was supposed to be here 2 days ago.,High,Resolved,Alex,9,17.4,FALSE,4,"Escalated to carrier, offered $10 credit."
TICK-001492,CUST-00253,2026-02-19 07:57:00,Chat,General Inquiry,Help with my order,I have a few problems with my recent purchase.,Medium,Resolved,Taylor,13,70.3,FALSE,1,Addressed multiple queries.
TICK-001493,CUST-00739,2026-03-11 19:27:00,Social Media,Refund Request,Need refund for Electric Toothbrush,I returned this last week and want my money back.,Medium,Resolved,Pat,262,14.7,FALSE,5,Refund processed to original payment method.
TICK-001494,CUST-00550,2025-11-30 06:19:00,Social Media,Account Issue,Can't log in,Password reset not sending.,Low,Resolved,Chris,140,10.1,FALSE,5,Sent manual reset link via SMS.
TICK-001495,CUST-00811,2026-01-11 07:20:00,Chat,Delivery Delay,AGAIN: Package is late,My Blender was supposed to be here 2 days ago.,Critical,Escalated,Jordan,9,,TRUE,,
TICK-001496,CUST-00963,2026-04-30 04:12:00,Email,Refund Request,AGAIN: Need refund for Electric Toothbrush,I returned this last week and want my money back.,High,Escalated,Casey,276,,TRUE,,
TICK-001497,CUST-00199,2026-04-21 18:38:00,Chat,Unknown Issue,Question,Does it work?,Low,Resolved,Pat,4,54.3,FALSE,2,Clarified user question and provided specs.
TICK-001498,CUST-00321,2025-08-05 22:03:00,Chat,Refund Request,Need refund for Wireless Earbuds,I returned this last week and want my money back.,High,Resolved,Jordan,9,20.9,FALSE,4,Refund processed to original payment method.
TICK-001499,CUST-00119,2025-07-24 18:20:00,Phone,Order Tracking,Where is my Laptop Stand?,I ordered a Laptop Stand and the tracking hasn't updated.,Medium,Resolved,Alex,14,17.9,FALSE,5,Provided updated tracking link.
TICK-001500,CUST-00234,2026-01-01 15:37:00,Phone,General Inquiry,Help with my order,I have a few problems with my recent purchase.,Low,Resolved,Jordan,1,12.2,FALSE,3,Addressed multiple queries.
TICK-001501,CUST-00881,2026-02-28 14:28:00,Chat,Payment Issue,Charged twice!,My card was declined but I see a charge.,Medium,Resolved,Morgan,7,71.0,FALSE,3,Voided duplicate authorization hold.
TICK-001502,CUST-00406,2026-01-08 21:57:00,Email,Wrong Product & Account Issue,Got the wrong item,"I didn't order this, I ordered a Wireless Earbuds.",Medium,Resolved,Pat,217,9.9,FALSE,5,Issued return label and shipped correct item.
TICK-001503,CUST-00926,2026-02-01 01:32:00,Social Media,Wrong Product,Got the wrong item,"I didn't order this, I ordered a Yoga Mat.",Medium,Open,Morgan,178,,FALSE,,
TICK-001504,CUST-00677,2025-07-14 14:07:00,Chat,General Inquiry,Help with my order,I have a few problems with my recent purchase.,Low,Open,Alex,7,,FALSE,,
TICK-001505,CUST-00986,2025-06-26 18:02:00,Email,Account Issue,Can't log in,Password reset not sending.,Low,Resolved,Sam,128,60.9,FALSE,2,Sent manual reset link via SMS.
TICK-001506,CUST-00688,2025-07-12 16:10:00,Email,Order Tracking,Where is my Yoga Mat?,I ordered a Yoga Mat and the tracking hasn't updated.,Low,Resolved,Pat,71,8.1,FALSE,5,Provided updated tracking link.
TICK-001507,CUST-00127,2025-08-28 06:00:00,Social Media,Account Issue,Can't log in,Password reset not sending.,Low,Resolved,Pat,198,28.5,FALSE,5,Sent manual reset link via SMS.
TICK-001508,CUST-00882,2026-03-08 18:41:00,Phone,Delivery Delay,Package is late,My Running Shoes was supposed to be here 2 days ago.,Medium,Pending,Sam,1,,FALSE,,
TICK-001509,CUST-00461,2025-09-23 14:29:00,Social Media,Unknown Issue,Question,Does it work?,Low,Resolved,Pat,64,60.1,FALSE,1,Clarified user question and provided specs.
TICK-001510,CUST-00711,2025-06-23 05:47:00,Chat,Refund Request,AGAIN: Need refund for Yoga Mat,I returned this last week and want my money back.,Critical,Resolved,Chris,13,2.4,TRUE,5,Refund processed to original payment method.
TICK-001511,CUST-00259,2025-11-29 15:58:00,Chat,Order Tracking,Where is my Yoga Mat?,I ordered a Yoga Mat and the tracking hasn't updated.,Low,Resolved,Jamie,8,61.2,FALSE,3,Provided updated tracking link.
TICK-001512,CUST-00075,2026-04-11 09:24:00,Email,Unknown Issue,Question,Does it work?,Low,Open,Jamie,169,,FALSE,,
TICK-001513,CUST-00209,2026-01-15 02:49:00,Chat,Refund Request,Need refund for Wireless Earbuds,I returned this last week and want my money back.,Low,Resolved,Jordan,7,68.3,FALSE,2,Refund processed to original payment method.
TICK-001514,CUST-00606,2026-05-01 18:13:00,Chat,Product Damage & Wrong Product,Gaming Mouse arrived broken,The box was smashed and the item is damaged.,High,Pending,Riley,11,,FALSE,,
TICK-001515,CUST-00797,2025-07-15 21:34:00,Social Media,Delivery Delay,Package is late,My Laptop Stand was supposed to be here 2 days ago.,Medium,Open,Jamie,272,,FALSE,,
TICK-001516,CUST-00975,2025-07-16 15:31:00,Social Media,Delivery Delay,Package is late,My Electric Toothbrush was supposed to be here 2 days ago.,Medium,Resolved,Pat,222,10.6,FALSE,3,"Escalated to carrier, offered $10 credit."
TICK-001517,CUST-00371,2026-02-20 14:40:00,Phone,Order Tracking,Where is my Laptop Stand?,I ordered a Laptop Stand and the tracking hasn't updated.,Low,Resolved,Chris,11,26.6,FALSE,4,Provided updated tracking link.
TICK-001518,CUST-00818,2025-07-22 18:19:00,Chat,Delivery Delay,Package is late,My Mechanical Keyboard was supposed to be here 2 days ago.,Medium,Resolved,Pat,15,17.6,FALSE,4,"Escalated to carrier, offered $10 credit."
TICK-001519,CUST-00984,2025-07-31 22:03:00,Email,Product Damage,Wireless Earbuds arrived broken,The box was smashed and the item is damaged.,High,Resolved,Pat,157,10.0,TRUE,3,Sent overnight replacement.
TICK-001520,CUST-00671,2025-10-26 12:41:00,Chat,Order Tracking,Where is my Mechanical Keyboard?,I ordered a Mechanical Keyboard and the tracking hasn't updated.,Low,Open,Casey,15,,FALSE,,
TICK-001521,CUST-00026,2025-10-13 10:16:00,Phone,Delivery Delay,Package is late,My Electric Toothbrush was supposed to be here 2 days ago.,Medium,Pending,Sam,3,,FALSE,,
TICK-001522,CUST-00025,2026-01-12 17:59:00,Phone,Wrong Product & Product Damage,Mechanical Keyboard arrived broken,The box was smashed and the item is damaged.,Critical,Resolved,Jordan,13,0.6,TRUE,1,Sent overnight replacement.
TICK-001523,CUST-00052,2025-07-16 01:45:00,Social Media,Wrong Product,Got the wrong item,"I didn't order this, I ordered a Coffee Machine.",Medium,Resolved,Riley,116,23.0,FALSE,2,Issued return label and shipped correct item.
TICK-001524,CUST-00827,2025-08-01 07:52:00,Phone,Delivery Delay,Package is late,My Running Shoes was supposed to be here 2 days ago.,Medium,Resolved,Casey,5,35.5,FALSE,4,"Escalated to carrier, offered $10 credit."
TICK-001525,CUST-00315,2025-08-08 04:28:00,Chat,Product Damage,Yoga Mat arrived broken,The box was smashed and the item is damaged.,Critical,Resolved,Riley,5,2.0,TRUE,2,Sent overnight replacement.
TICK-001526,CUST-00439,2025-09-20 22:42:00,Social Media,Refund Request,Need refund for Blender,I returned this last week and want my money back.,Critical,Resolved,Chris,217,0.6,TRUE,1,Refund processed to original payment method.
TICK-001527,CUST-00510,2025-08-29 12:44:00,Chat,Wrong Product,Got the wrong item,"I didn't order this, I ordered a Coffee Machine.",High,Pending,Alex,3,,FALSE,,
TICK-001528,CUST-00747,2025-08-25 07:08:00,Email,Wrong Product,Got the wrong item,"I didn't order this, I ordered a Gaming Mouse.",High,Resolved,Casey,85,17.3,FALSE,3,Issued return label and shipped correct item.
TICK-001529,CUST-00669,2025-07-19 03:30:00,Phone,Refund Request,Need refund for Blender,I returned this last week and want my money back.,High,Resolved,Riley,1,12.3,FALSE,4,Refund processed to original payment method.
TICK-001530,CUST-00818,2026-03-26 10:03:00,Phone,Account Issue,Can't log in,Password reset not sending.,Low,Resolved,Pat,14,52.6,FALSE,1,Sent manual reset link via SMS.
TICK-001531,CUST-00254,2025-10-16 16:32:00,Chat,Refund Request,Need refund for Blender,I returned this last week and want my money back.,Medium,Pending,Casey,6,,FALSE,,
TICK-001532,CUST-00488,2025-05-17 02:01:00,Chat,Order Tracking,Where is my Wireless Earbuds?,I ordered a Wireless Earbuds and the tracking hasn't updated.,Low,Open,Sam,12,,FALSE,,
TICK-001533,CUST-00278,2026-02-16 01:02:00,Chat,Refund Request,Need refund for Electric Toothbrush,I returned this last week and want my money back.,Medium,Resolved,Morgan,6,17.0,FALSE,5,Refund processed to original payment method.
TICK-001534,CUST-00411,2025-06-12 14:39:00,Chat,Delivery Delay,Package is late,My Coffee Machine was supposed to be here 2 days ago.,High,Resolved,Casey,6,3.9,FALSE,4,"Escalated to carrier, offered $10 credit."
TICK-001535,CUST-00096,2026-03-27 04:13:00,Chat,Order Tracking,Where is my Gaming Mouse?,I ordered a Gaming Mouse and the tracking hasn't updated.,Low,Resolved,Casey,13,1.3,FALSE,5,Provided updated tracking link.
TICK-001536,CUST-00749,2025-08-30 11:17:00,Social Media,Product Damage,Laptop Stand arrived broken,The box was smashed and the item is damaged.,High,Resolved,Jordan,178,22.7,TRUE,4,Sent overnight replacement.
TICK-001537,CUST-00733,2025-08-20 07:30:00,Phone,Refund Request,Need refund for Yoga Mat,I returned this last week and want my money back.,Medium,Resolved,Sam,12,43.9,FALSE,3,Refund processed to original payment method.
TICK-001538,CUST-00513,2026-01-23 22:09:00,Phone,Product Damage,Yoga Mat arrived broken,The box was smashed and the item is damaged.,High,Escalated,Alex,11,,TRUE,,
TICK-001539,CUST-00228,2025-11-10 15:31:00,Chat,Account Issue,Can't log in,Password reset not sending.,Medium,Resolved,Jordan,1,9.3,FALSE,4,Sent manual reset link via SMS.
TICK-001540,CUST-00159,2026-03-14 15:43:00,Social Media,General Inquiry,Help with my order,I have a few problems with my recent purchase.,Low,Resolved,Taylor,69,40.4,FALSE,4,Addressed multiple queries.
TICK-001541,CUST-00506,2026-02-15 10:38:00,Chat,Account Issue,Can't log in,Password reset not sending.,Medium,Resolved,Riley,12,33.5,FALSE,3,Sent manual reset link via SMS.
TICK-001542,CUST-00380,2025-06-07 00:14:00,Chat,General Inquiry,Help with my order,I have a few problems with my recent purchase.,Low,Resolved,Casey,4,9.8,FALSE,2,Addressed multiple queries.
TICK-001543,CUST-00687,2025-08-23 06:43:00,Email,General Inquiry,Help with my order,I have a few problems with my recent purchase.,Low,Open,Sam,251,,FALSE,,
TICK-001544,CUST-00427,2025-10-19 18:42:00,Phone,Order Tracking,Where is my Mechanical Keyboard?,I ordered a Mechanical Keyboard and the tracking hasn't updated.,Medium,Resolved,Morgan,13,69.5,FALSE,5,Provided updated tracking link.
TICK-001545,CUST-00856,2025-06-17 16:30:00,Email,Account Issue,Can't log in,Password reset not sending.,Low,Resolved,Taylor,172,36.6,FALSE,1,Sent manual reset link via SMS.
TICK-001546,CUST-00976,2025-11-09 12:48:00,Email,Refund Request,Need refund for Blender,I returned this last week and want my money back.,Medium,Resolved,Taylor,178,67.3,FALSE,4,Refund processed to original payment method.
TICK-001547,CUST-00628,2025-05-24 08:25:00,Chat,Product Damage,Gaming Mouse arrived broken,The box was smashed and the item is damaged.,High,Resolved,Alex,10,13.4,FALSE,4,Sent overnight replacement.
TICK-001548,CUST-00269,2025-06-24 18:15:00,Phone,Order Tracking,Where is my Blender?,I ordered a Blender and the tracking hasn't updated.,Medium,Open,Taylor,9,,FALSE,,
TICK-001549,CUST-00407,2025-07-09 09:30:00,Chat,Delivery Delay,Package is late,My Yoga Mat was supposed to be here 2 days ago.,High,Resolved,Riley,6,21.6,TRUE,3,"Escalated to carrier, offered $10 credit."
TICK-001550,CUST-00187,2025-10-08 05:58:00,Email,General Inquiry,Help with my order,I have a few problems with my recent purchase.,Low,Pending,Sam,113,,FALSE,,
TICK-001551,CUST-00427,2025-11-13 05:53:00,Chat,Order Tracking,Where is my Smart TV?,I ordered a Smart TV and the tracking hasn't updated.,Low,Resolved,Morgan,9,20.1,FALSE,4,Provided updated tracking link.
TICK-001552,CUST-00203,2025-05-25 06:28:00,Chat,Wrong Product,Got the wrong item,"I didn't order this, I ordered a Yoga Mat.",Medium,Resolved,Chris,2,6.2,FALSE,4,Issued return label and shipped correct item.
TICK-001553,CUST-00639,2026-05-01 14:34:00,Chat,Order Tracking,Where is my Yoga Mat?,I ordered a Yoga Mat and the tracking hasn't updated.,Low,Pending,Morgan,9,,FALSE,,
TICK-001554,CUST-00604,2025-09-21 19:14:00,Chat,Order Tracking,Where is my Yoga Mat?,I ordered a Yoga Mat and the tracking hasn't updated.,Medium,Pending,Taylor,1,,FALSE,,
TICK-001555,CUST-00925,2026-03-26 15:54:00,Phone,Delivery Delay,Package is late,My Running Shoes was supposed to be here 2 days ago.,Critical,Resolved,Taylor,14,1.3,TRUE,3,"Escalated to carrier, offered $10 credit."
TICK-001556,CUST-00828,2026-04-19 09:15:00,Chat,Product Damage & Payment Issue,Charged twice!,My card was declined but I see a charge.,Critical,Escalated,Morgan,15,,TRUE,,
TICK-001557,CUST-00334,2026-01-15 13:02:00,Social Media,Delivery Delay,Package is late,My Laptop Stand was supposed to be here 2 days ago.,Critical,Escalated,Alex,27,,TRUE,,
TICK-001558,CUST-00798,2025-05-20 22:51:00,Social Media,Order Tracking,Where is my Running Shoes?,I ordered a Running Shoes and the tracking hasn't updated.,Medium,Resolved,Alex,77,24.4,FALSE,3,Provided updated tracking link.
TICK-001559,CUST-00267,2026-05-04 10:00:00,Email,Order Tracking,Where is my Running Shoes?,I ordered a Running Shoes and the tracking hasn't updated.,Medium,Resolved,Alex,260,24.1,FALSE,4,Provided updated tracking link.
TICK-001560,CUST-00346,2025-08-28 19:41:00,Phone,Delivery Delay,Package is late,My Electric Toothbrush was supposed to be here 2 days ago.,Critical,Resolved,Jamie,8,0.6,TRUE,3,"Escalated to carrier, offered $10 credit."
TICK-001561,CUST-00759,2025-09-13 12:22:00,Email,Order Tracking,Where is my Yoga Mat?,I ordered a Yoga Mat and the tracking hasn't updated.,Low,Resolved,Morgan,174,37.0,FALSE,3,Provided updated tracking link.
TICK-001562,CUST-00159,2026-04-11 14:38:00,Email,Delivery Delay,AGAIN: Package is late,My Blender was supposed to be here 2 days ago.,Critical,Resolved,Jordan,54,2.5,TRUE,2,"Escalated to carrier, offered $10 credit."
TICK-001563,CUST-00915,2026-01-19 06:09:00,Chat,Delivery Delay,Package is late,My Mechanical Keyboard was supposed to be here 2 days ago.,Medium,Resolved,Pat,14,45.6,FALSE,4,"Escalated to carrier, offered $10 credit."
TICK-001564,CUST-00798,2026-02-01 02:59:00,Social Media,Order Tracking & Delivery Delay,Where is my Blender?,I ordered a Blender and the tracking hasn't updated.,Medium,Resolved,Taylor,170,21.8,FALSE,3,Provided updated tracking link.
TICK-001565,CUST-00675,2025-11-21 22:32:00,Chat,Payment Issue,Charged twice!,My card was declined but I see a charge.,High,Resolved,Pat,2,4.9,FALSE,5,Voided duplicate authorization hold.
TICK-001566,CUST-00662,2025-06-22 20:00:00,Phone,Product Damage,Laptop Stand arrived broken,The box was smashed and the item is damaged.,High,Resolved,Sam,10,15.0,TRUE,5,Sent overnight replacement.
TICK-001567,CUST-00415,2025-06-10 06:16:00,Email,Payment Issue,Charged twice!,My card was declined but I see a charge.,Medium,Resolved,Taylor,30,46.3,FALSE,4,Voided duplicate authorization hold.
TICK-001568,CUST-00149,2026-03-17 01:51:00,Chat,Order Tracking,Where is my Smart TV?,I ordered a Smart TV and the tracking hasn't updated.,High,Resolved,Jordan,13,9.2,FALSE,5,Provided updated tracking link.
TICK-001569,CUST-00958,2025-10-26 10:24:00,Phone,Account Issue,Can't log in,Password reset not sending.,Low,Resolved,Chris,1,69.4,FALSE,5,Sent manual reset link via SMS.
TICK-001570,CUST-00016,2025-10-02 11:11:00,Chat,Product Damage,Yoga Mat arrived broken,The box was smashed and the item is damaged.,Critical,Resolved,Casey,1,2.0,TRUE,2,Sent overnight replacement.
TICK-001571,CUST-00490,2025-08-23 07:23:00,Social Media,Unknown Issue,Question,Does it work?,Low,Resolved,Casey,170,36.0,FALSE,2,Clarified user question and provided specs.
TICK-001572,CUST-00661,2026-02-16 16:39:00,Email,Delivery Delay,Package is late,My Electric Toothbrush was supposed to be here 2 days ago.,Medium,Resolved,Jordan,44,35.0,FALSE,3,"Escalated to carrier, offered $10 credit."
TICK-001573,CUST-00431,2026-03-07 22:46:00,Email,Unknown Issue,Question,Does it work?,Low,Resolved,Morgan,284,33.1,FALSE,5,Clarified user question and provided specs.
TICK-001574,CUST-00485,2026-05-03 03:57:00,Email,Delivery Delay,Package is late,My Running Shoes was supposed to be here 2 days ago.,Medium,Resolved,Chris,198,11.6,FALSE,1,"Escalated to carrier, offered $10 credit."
TICK-001575,CUST-00079,2025-07-27 22:46:00,Chat,Order Tracking,Where is my Electric Toothbrush?,I ordered a Electric Toothbrush and the tracking hasn't updated.,Medium,Resolved,Casey,1,8.9,FALSE,4,Provided updated tracking link.
TICK-001576,CUST-00909,2026-03-10 17:49:00,Chat,Delivery Delay,Package is late,My Running Shoes was supposed to be here 2 days ago.,Medium,Pending,Jamie,3,,FALSE,,
TICK-001577,CUST-00568,2025-09-23 06:38:00,Chat,Product Damage,Wireless Earbuds arrived broken,The box was smashed and the item is damaged.,High,Escalated,Alex,12,,TRUE,,
TICK-001578,CUST-00468,2025-11-06 02:13:00,Chat,General Inquiry,Help with my order,I have a few problems with my recent purchase.,Low,Resolved,Taylor,6,34.6,FALSE,3,Addressed multiple queries.
TICK-001579,CUST-00434,2026-03-11 11:35:00,Chat,Delivery Delay,Package is late,My Coffee Machine was supposed to be here 2 days ago.,Medium,Resolved,Morgan,1,37.1,FALSE,5,"Escalated to carrier, offered $10 credit."
TICK-001580,CUST-00576,2026-05-11 17:04:00,Phone,Order Tracking,Where is my Yoga Mat?,I ordered a Yoga Mat and the tracking hasn't updated.,Medium,Resolved,Alex,14,30.1,FALSE,3,Provided updated tracking link.
TICK-001581,CUST-00220,2026-02-10 02:26:00,Chat,Refund Request,Need refund for Electric Toothbrush,I returned this last week and want my money back.,High,Resolved,Jamie,10,22.5,FALSE,5,Refund processed to original payment method.
TICK-001582,CUST-00941,2026-01-01 09:11:00,Phone,Account Issue,Can't log in,Password reset not sending.,Low,Resolved,Sam,1,26.7,FALSE,4,Sent manual reset link via SMS.
TICK-001583,CUST-00171,2026-01-08 17:32:00,Chat,Order Tracking,Where is my Mechanical Keyboard?,I ordered a Mechanical Keyboard and the tracking hasn't updated.,Low,Pending,Jamie,8,,FALSE,,
TICK-001584,CUST-00482,2025-09-13 09:51:00,Chat,Wrong Product,Got the wrong item,"I didn't order this, I ordered a Wireless Earbuds.",High,Resolved,Alex,3,8.8,FALSE,1,Issued return label and shipped correct item.
TICK-001585,CUST-00222,2026-05-17 00:25:00,Email,Delivery Delay,Package is late,My Wireless Earbuds was supposed to be here 2 days ago.,High,Resolved,Taylor,22,18.7,FALSE,5,"Escalated to carrier, offered $10 credit."
TICK-001586,CUST-00612,2025-06-01 09:32:00,Phone,Account Issue,Can't log in,Password reset not sending.,Medium,Resolved,Morgan,2,65.8,FALSE,3,Sent manual reset link via SMS.
TICK-001587,CUST-00512,2025-10-14 21:11:00,Chat,Account Issue,Can't log in,Password reset not sending.,Medium,Resolved,Pat,12,43.8,FALSE,3,Sent manual reset link via SMS.
TICK-001588,CUST-00424,2025-10-20 00:05:00,Email,Unknown Issue,Question,Does it work?,Low,Resolved,Jamie,44,71.7,FALSE,2,Clarified user question and provided specs.
TICK-001589,CUST-00043,2025-07-14 09:58:00,Chat,Payment Issue,Charged twice!,My card was declined but I see a charge.,High,Resolved,Chris,7,18.9,FALSE,5,Voided duplicate authorization hold.
TICK-001590,CUST-00301,2026-03-21 02:57:00,Email,Delivery Delay,Package is late,My Yoga Mat was supposed to be here 2 days ago.,Low,Resolved,Pat,55,35.6,FALSE,4,"Escalated to carrier, offered $10 credit."
TICK-001591,CUST-00270,2026-01-07 05:00:00,Phone,Delivery Delay,Package is late,My Running Shoes was supposed to be here 2 days ago.,High,Resolved,Jamie,2,14.2,TRUE,3,"Escalated to carrier, offered $10 credit."
TICK-001592,CUST-00441,2026-03-13 13:34:00,Social Media,Product Damage,Laptop Stand arrived broken,The box was smashed and the item is damaged.,High,Escalated,Jamie,284,,TRUE,,
TICK-001593,CUST-00391,2026-04-03 02:13:00,Email,Order Tracking,Where is my Wireless Earbuds?,I ordered a Wireless Earbuds and the tracking hasn't updated.,Medium,Resolved,Chris,198,16.5,FALSE,2,Provided updated tracking link.
TICK-001594,CUST-01000,2026-02-15 12:21:00,Chat,Order Tracking,Where is my Blender?,I ordered a Blender and the tracking hasn't updated.,Low,Resolved,Morgan,7,50.5,FALSE,3,Provided updated tracking link.
TICK-001595,CUST-00640,2025-11-10 17:25:00,Social Media,Payment Issue,Charged twice!,My card was declined but I see a charge.,Critical,Resolved,Jordan,276,3.4,TRUE,1,Voided duplicate authorization hold.
TICK-001596,CUST-00018,2025-12-15 00:37:00,Email,Delivery Delay,Package is late,My Wireless Earbuds was supposed to be here 2 days ago.,High,Resolved,Pat,206,7.6,FALSE,4,"Escalated to carrier, offered $10 credit."
TICK-001597,CUST-00817,2025-09-25 14:00:00,Email,Refund Request,Need refund for Coffee Machine,I returned this last week and want my money back.,Medium,Resolved,Casey,76,5.0,FALSE,5,Refund processed to original payment method.
TICK-001598,CUST-00275,2026-03-06 17:49:00,Chat,Unknown Issue,Question,Does it work?,Low,Pending,Casey,14,,FALSE,,
TICK-001599,CUST-00110,2025-12-17 12:19:00,Email,Account Issue,Can't log in,Password reset not sending.,Low,Resolved,Jamie,222,10.7,FALSE,2,Sent manual reset link via SMS.
TICK-001600,CUST-00403,2025-12-05 21:26:00,Email,Wrong Product,Got the wrong item,"I didn't order this, I ordered a Electric Toothbrush.",High,Resolved,Jamie,253,14.2,FALSE,4,Issued return label and shipped correct item.
TICK-001601,CUST-00680,2025-11-30 08:50:00,Email,Delivery Delay & Payment Issue,Package is late,My Wireless Earbuds was supposed to be here 2 days ago.,High,Resolved,Riley,254,5.4,FALSE,3,"Escalated to carrier, offered $10 credit."
TICK-001602,CUST-00300,2025-09-30 05:17:00,Email,Refund Request,Need refund for Smart TV,I returned this last week and want my money back.,Critical,Resolved,Riley,181,3.5,TRUE,1,Refund processed to original payment method.
TICK-001603,CUST-00556,2025-12-23 12:41:00,Email,Order Tracking,Where is my Gaming Mouse?,I ordered a Gaming Mouse and the tracking hasn't updated.,Low,Resolved,Pat,255,39.9,FALSE,3,Provided updated tracking link.
TICK-001604,CUST-00008,2025-05-22 02:45:00,Chat,Account Issue,Can't log in,Password reset not sending.,Medium,Resolved,Taylor,2,31.1,FALSE,5,Sent manual reset link via SMS.
TICK-001605,CUST-00133,2025-11-27 19:02:00,Email,Wrong Product,Got the wrong item,"I didn't order this, I ordered a Coffee Machine.",High,Open,Pat,58,,TRUE,,
TICK-001606,CUST-00116,2026-04-10 06:31:00,Email,Order Tracking,Where is my Blender?,I ordered a Blender and the tracking hasn't updated.,Medium,Resolved,Sam,151,38.1,FALSE,3,Provided updated tracking link.
TICK-001607,CUST-00906,2026-02-22 04:44:00,Email,Payment Issue,Charged twice!,My card was declined but I see a charge.,Critical,Resolved,Jordan,55,1.8,TRUE,1,Voided duplicate authorization hold.
TICK-001608,CUST-00051,2025-06-28 19:50:00,Chat,Order Tracking,Where is my Electric Toothbrush?,I ordered a Electric Toothbrush and the tracking hasn't updated.,Low,Open,Chris,15,,FALSE,,
TICK-001609,CUST-00136,2026-04-01 04:13:00,Email,Refund Request,Need refund for Coffee Machine,I returned this last week and want my money back.,High,Resolved,Alex,167,11.0,FALSE,4,Refund processed to original payment method.
TICK-001610,CUST-00588,2026-03-23 07:32:00,Chat,Payment Issue,Charged twice!,My card was declined but I see a charge.,High,Resolved,Pat,2,4.7,TRUE,4,Voided duplicate authorization hold.
TICK-001611,CUST-00765,2025-11-09 16:40:00,Chat,General Inquiry,Help with my order,I have a few problems with my recent purchase.,Medium,Pending,Sam,8,,FALSE,,
TICK-001612,CUST-00484,2025-09-24 05:57:00,Email,Order Tracking,Where is my Mechanical Keyboard?,I ordered a Mechanical Keyboard and the tracking hasn't updated.,High,Resolved,Riley,197,23.8,FALSE,3,Provided updated tracking link.
TICK-001613,CUST-00697,2025-07-18 18:59:00,Email,Delivery Delay,Package is late,My Wireless Earbuds was supposed to be here 2 days ago.,Medium,Resolved,Jamie,183,16.3,FALSE,5,"Escalated to carrier, offered $10 credit."
TICK-001614,CUST-00928,2026-01-12 16:25:00,Email,Order Tracking,Where is my Running Shoes?,I ordered a Running Shoes and the tracking hasn't updated.,Low,Resolved,Chris,115,66.4,FALSE,3,Provided updated tracking link.
TICK-001615,CUST-00380,2026-03-24 19:13:00,Email,Wrong Product,Got the wrong item,"I didn't order this, I ordered a Electric Toothbrush.",Medium,Resolved,Morgan,209,59.3,FALSE,1,Issued return label and shipped correct item.
TICK-001616,CUST-00015,2025-07-30 11:57:00,Chat,Refund Request,Need refund for Laptop Stand,I returned this last week and want my money back.,High,Open,Casey,9,,FALSE,,
TICK-001617,CUST-00270,2025-06-07 05:51:00,Email,Refund Request,Need refund for Electric Toothbrush,I returned this last week and want my money back.,High,Pending,Pat,86,,TRUE,,
TICK-001618,CUST-00259,2025-12-13 02:41:00,Chat,Delivery Delay & Order Tracking,Where is my Yoga Mat?,I ordered a Yoga Mat and the tracking hasn't updated.,High,Open,Chris,13,,FALSE,,
TICK-001619,CUST-00169,2026-05-11 11:16:00,Chat,Refund Request,Need refund for Mechanical Keyboard,I returned this last week and want my money back.,Medium,Resolved,Sam,2,57.0,FALSE,2,Refund processed to original payment method.
TICK-001620,CUST-00711,2025-10-29 09:10:00,Social Media,Order Tracking,Where is my Blender?,I ordered a Blender and the tracking hasn't updated.,High,Resolved,Alex,60,18.9,TRUE,5,Provided updated tracking link.
TICK-001621,CUST-00398,2025-07-22 06:00:00,Chat,Delivery Delay,Package is late,My Wireless Earbuds was supposed to be here 2 days ago.,High,Resolved,Pat,11,3.0,FALSE,1,"Escalated to carrier, offered $10 credit."
TICK-001622,CUST-00114,2025-12-02 07:23:00,Social Media,Refund Request,AGAIN: Need refund for Mechanical Keyboard,I returned this last week and want my money back.,High,Resolved,Jordan,145,18.5,FALSE,3,Refund processed to original payment method.
TICK-001623,CUST-00083,2025-08-01 09:18:00,Chat,Delivery Delay,Package is late,My Gaming Mouse was supposed to be here 2 days ago.,High,Resolved,Casey,13,10.8,TRUE,3,"Escalated to carrier, offered $10 credit."
TICK-001624,CUST-00293,2026-03-17 12:09:00,Social Media,Account Issue,Can't log in,Password reset not sending.,Low,Resolved,Morgan,78,22.8,FALSE,4,Sent manual reset link via SMS.
TICK-001625,CUST-00144,2025-09-28 21:09:00,Email,Account Issue,Can't log in,Password reset not sending.,Low,Resolved,Morgan,243,55.9,FALSE,5,Sent manual reset link via SMS.
TICK-001626,CUST-00747,2025-09-26 21:21:00,Chat,Order Tracking,Where is my Yoga Mat?,I ordered a Yoga Mat and the tracking hasn't updated.,Medium,Open,Pat,11,,FALSE,,
TICK-001627,CUST-00227,2025-07-09 00:39:00,Phone,Wrong Product,Got the wrong item,"I didn't order this, I ordered a Mechanical Keyboard.",Medium,Resolved,Taylor,13,59.7,FALSE,2,Issued return label and shipped correct item.
TICK-001628,CUST-00899,2025-10-09 00:40:00,Phone,Product Damage,Yoga Mat arrived broken,The box was smashed and the item is damaged.,High,Pending,Jamie,13,,TRUE,,
TICK-001629,CUST-00569,2026-03-27 21:46:00,Chat,Payment Issue,Charged twice!,My card was declined but I see a charge.,Critical,Resolved,Casey,1,0.8,TRUE,1,Voided duplicate authorization hold.
TICK-001630,CUST-00283,2025-11-08 18:09:00,Email,Refund Request,Need refund for Coffee Machine,I returned this last week and want my money back.,High,Resolved,Alex,175,5.3,FALSE,2,Refund processed to original payment method.
TICK-001631,CUST-00168,2025-07-28 07:24:00,Phone,Delivery Delay,Package is late,My Yoga Mat was supposed to be here 2 days ago.,Medium,Resolved,Sam,11,55.4,FALSE,2,"Escalated to carrier, offered $10 credit."
TICK-001632,CUST-00342,2025-10-01 18:24:00,Chat,Product Damage,Mechanical Keyboard arrived broken,The box was smashed and the item is damaged.,High,Escalated,Riley,9,,TRUE,,
TICK-001633,CUST-00386,2025-11-29 02:53:00,Email,Product Damage,Running Shoes arrived broken,The box was smashed and the item is damaged.,High,Open,Morgan,109,,FALSE,,
TICK-001634,CUST-00233,2026-04-26 06:25:00,Chat,Product Damage,Gaming Mouse arrived broken,The box was smashed and the item is damaged.,Critical,Open,Riley,13,,TRUE,,
TICK-001635,CUST-00939,2025-07-14 14:57:00,Chat,Delivery Delay,Package is late,My Mechanical Keyboard was supposed to be here 2 days ago.,Medium,Resolved,Pat,4,13.2,FALSE,1,"Escalated to carrier, offered $10 credit."
TICK-001636,CUST-00940,2025-12-24 15:35:00,Email,Account Issue,AGAIN: Can't log in,Password reset not sending.,Critical,Open,Jordan,194,,FALSE,,
TICK-001637,CUST-00394,2026-05-05 07:05:00,Chat,Order Tracking,Where is my Laptop Stand?,I ordered a Laptop Stand and the tracking hasn't updated.,Medium,Pending,Alex,3,,FALSE,,
TICK-001638,CUST-00469,2025-06-14 08:48:00,Email,Refund Request,AGAIN: Need refund for Wireless Earbuds,I returned this last week and want my money back.,Critical,Resolved,Alex,138,1.9,FALSE,3,Refund processed to original payment method.
TICK-001639,CUST-00145,2025-11-01 21:04:00,Phone,Order Tracking,Where is my Gaming Mouse?,I ordered a Gaming Mouse and the tracking hasn't updated.,Low,Resolved,Taylor,12,8.7,FALSE,3,Provided updated tracking link.
TICK-001640,CUST-00496,2025-08-11 06:29:00,Chat,Wrong Product,Got the wrong item,"I didn't order this, I ordered a Running Shoes.",Medium,Resolved,Jamie,15,62.4,FALSE,2,Issued return label and shipped correct item.
TICK-001641,CUST-00934,2025-09-02 02:18:00,Chat,Delivery Delay,Package is late,My Blender was supposed to be here 2 days ago.,High,Escalated,Pat,15,,TRUE,,
TICK-001642,CUST-00395,2026-01-07 07:10:00,Chat,Order Tracking,Where is my Coffee Machine?,I ordered a Coffee Machine and the tracking hasn't updated.,Low,Resolved,Morgan,1,4.9,FALSE,5,Provided updated tracking link.
TICK-001643,CUST-00885,2025-09-19 20:20:00,Chat,Delivery Delay,Package is late,My Smart TV was supposed to be here 2 days ago.,High,Resolved,Taylor,14,14.0,FALSE,3,"Escalated to carrier, offered $10 credit."
TICK-001644,CUST-00416,2026-02-22 07:26:00,Email,Delivery Delay,Package is late,My Blender was supposed to be here 2 days ago.,High,Escalated,Morgan,246,,TRUE,,
TICK-001645,CUST-00512,2026-01-21 04:32:00,Chat,Order Tracking,Where is my Gaming Mouse?,I ordered a Gaming Mouse and the tracking hasn't updated.,Low,Resolved,Alex,11,3.5,FALSE,3,Provided updated tracking link.
TICK-001646,CUST-00021,2025-07-13 05:35:00,Phone,Delivery Delay,Package is late,My Laptop Stand was supposed to be here 2 days ago.,Medium,Pending,Jordan,11,,FALSE,,
TICK-001647,CUST-00291,2025-08-13 14:50:00,Chat,Product Damage,Electric Toothbrush arrived broken,The box was smashed and the item is damaged.,High,Escalated,Morgan,15,,TRUE,,
TICK-001648,CUST-00881,2025-11-24 03:16:00,Email,Account Issue,Can't log in,Password reset not sending.,Medium,Resolved,Jordan,131,29.5,FALSE,1,Sent manual reset link via SMS.
TICK-001649,CUST-00136,2026-04-11 16:42:00,Chat,Wrong Product,AGAIN: Got the wrong item,"I didn't order this, I ordered a Running Shoes.",High,Resolved,Casey,4,11.7,FALSE,5,Issued return label and shipped correct item.
TICK-001650,CUST-00071,2026-01-12 19:31:00,Chat,Refund Request,Need refund for Smart TV,I returned this last week and want my money back.,Medium,Resolved,Chris,13,2.5,FALSE,5,Refund processed to original payment method.
TICK-001651,CUST-00655,2026-01-17 16:01:00,Chat,Order Tracking,Where is my Running Shoes?,I ordered a Running Shoes and the tracking hasn't updated.,Medium,Pending,Riley,7,,FALSE,,
TICK-001652,CUST-00714,2025-11-14 16:09:00,Social Media,Refund Request,Need refund for Coffee Machine,I returned this last week and want my money back.,High,Resolved,Pat,62,9.8,FALSE,5,Refund processed to original payment method.
TICK-001653,CUST-00539,2026-01-25 23:19:00,Chat,Account Issue,Can't log in,Password reset not sending.,Low,Resolved,Alex,10,33.1,FALSE,2,Sent manual reset link via SMS.
TICK-001654,CUST-00642,2025-06-11 10:48:00,Chat,Payment Issue,Charged twice!,My card was declined but I see a charge.,Critical,Resolved,Morgan,13,3.4,TRUE,2,Voided duplicate authorization hold.
TICK-001655,CUST-00895,2026-01-01 04:22:00,Email,Account Issue,Can't log in,Password reset not sending.,Medium,Resolved,Casey,266,41.2,FALSE,3,Sent manual reset link via SMS.
TICK-001656,CUST-00240,2026-02-23 11:40:00,Phone,Order Tracking,Where is my Gaming Mouse?,I ordered a Gaming Mouse and the tracking hasn't updated.,High,Resolved,Jamie,3,18.6,FALSE,1,Provided updated tracking link.
TICK-001657,CUST-00372,2026-04-16 01:46:00,Chat,Refund Request,Need refund for Running Shoes,I returned this last week and want my money back.,Medium,Pending,Taylor,10,,FALSE,,
TICK-001658,CUST-00180,2025-11-03 05:14:00,Email,Delivery Delay,Package is late,My Running Shoes was supposed to be here 2 days ago.,Medium,Resolved,Alex,48,34.6,FALSE,2,"Escalated to carrier, offered $10 credit."
TICK-001659,CUST-00739,2025-12-28 15:54:00,Chat,Order Tracking,Where is my Laptop Stand?,I ordered a Laptop Stand and the tracking hasn't updated.,Low,Resolved,Casey,3,63.5,FALSE,1,Provided updated tracking link.
TICK-001660,CUST-00035,2026-05-14 00:45:00,Email,Refund Request,Need refund for Laptop Stand,I returned this last week and want my money back.,Critical,Resolved,Riley,250,1.8,TRUE,1,Refund processed to original payment method.
TICK-001661,CUST-00496,2025-09-02 13:33:00,Chat,Wrong Product,AGAIN: Got the wrong item,"I didn't order this, I ordered a Wireless Earbuds.",High,Resolved,Chris,1,20.7,FALSE,1,Issued return label and shipped correct item.
TICK-001662,CUST-00028,2026-05-17 13:32:00,Email,Order Tracking,Where is my Wireless Earbuds?,I ordered a Wireless Earbuds and the tracking hasn't updated.,Medium,Open,Pat,160,,FALSE,,
TICK-001663,CUST-00298,2025-07-31 17:14:00,Social Media,General Inquiry,Help with my order,I have a few problems with my recent purchase.,Low,Resolved,Casey,195,6.0,FALSE,3,Addressed multiple queries.
TICK-001664,CUST-00781,2026-01-14 07:39:00,Email,Payment Issue,Charged twice!,My card was declined but I see a charge.,Critical,Escalated,Jordan,255,,TRUE,,
TICK-001665,CUST-00660,2025-08-16 11:25:00,Phone,Delivery Delay,Package is late,My Wireless Earbuds was supposed to be here 2 days ago.,High,Open,Chris,5,,TRUE,,
TICK-001666,CUST-00794,2025-09-09 17:26:00,Chat,Wrong Product,Got the wrong item,"I didn't order this, I ordered a Coffee Machine.",High,Resolved,Casey,2,13.0,FALSE,4,Issued return label and shipped correct item.
TICK-001667,CUST-00454,2026-01-28 00:05:00,Chat,Wrong Product,Got the wrong item,"I didn't order this, I ordered a Blender.",Medium,Resolved,Alex,12,48.9,FALSE,1,Issued return label and shipped correct item.
TICK-001668,CUST-00809,2025-11-05 08:22:00,Email,Refund Request,Need refund for Mechanical Keyboard,I returned this last week and want my money back.,Medium,Resolved,Jamie,266,4.8,FALSE,4,Refund processed to original payment method.
TICK-001669,CUST-00033,2025-09-08 11:36:00,Social Media,Refund Request,Need refund for Yoga Mat,I returned this last week and want my money back.,Medium,Pending,Pat,69,,FALSE,,
TICK-001670,CUST-00729,2025-06-03 12:32:00,Phone,Account Issue,Can't log in,Password reset not sending.,High,Resolved,Chris,8,3.1,TRUE,3,Sent manual reset link via SMS.
TICK-001671,CUST-00752,2025-08-23 18:09:00,Chat,Wrong Product,Got the wrong item,"I didn't order this, I ordered a Running Shoes.",High,Resolved,Taylor,12,10.9,FALSE,2,Issued return label and shipped correct item.
TICK-001672,CUST-00545,2025-10-13 02:06:00,Email,Account Issue,Can't log in,Password reset not sending.,Medium,Resolved,Pat,149,26.2,FALSE,5,Sent manual reset link via SMS.
TICK-001673,CUST-00303,2025-09-24 12:57:00,Phone,Refund Request,Need refund for Coffee Machine,I returned this last week and want my money back.,Low,Resolved,Morgan,2,25.4,FALSE,3,Refund processed to original payment method.
TICK-001674,CUST-00826,2026-04-19 08:56:00,Chat,Wrong Product,Got the wrong item,"I didn't order this, I ordered a Mechanical Keyboard.",Medium,Resolved,Jordan,9,47.3,FALSE,5,Issued return label and shipped correct item.
TICK-001675,CUST-00438,2025-09-07 15:00:00,Phone,Delivery Delay,Package is late,My Mechanical Keyboard was supposed to be here 2 days ago.,Medium,Resolved,Jamie,3,9.5,FALSE,2,"Escalated to carrier, offered $10 credit."
TICK-001676,CUST-00082,2026-04-04 05:28:00,Chat,Product Damage,Yoga Mat arrived broken,The box was smashed and the item is damaged.,Critical,Escalated,Taylor,8,,TRUE,,
TICK-001677,CUST-00609,2025-06-01 05:41:00,Chat,Order Tracking,Where is my Gaming Mouse?,I ordered a Gaming Mouse and the tracking hasn't updated.,Low,Resolved,Taylor,10,65.4,FALSE,5,Provided updated tracking link.
TICK-001678,CUST-00087,2026-01-09 05:00:00,Email,General Inquiry,Help with my order,I have a few problems with my recent purchase.,Low,Resolved,Casey,96,68.2,FALSE,2,Addressed multiple queries.
TICK-001679,CUST-00941,2025-10-29 07:29:00,Chat,Order Tracking,Where is my Coffee Machine?,I ordered a Coffee Machine and the tracking hasn't updated.,Low,Open,Taylor,8,,FALSE,,
TICK-001680,CUST-00898,2026-03-29 06:34:00,Chat,Account Issue,Can't log in,Password reset not sending.,Low,Resolved,Chris,4,63.1,FALSE,2,Sent manual reset link via SMS.
TICK-001681,CUST-00260,2025-11-10 22:11:00,Social Media,Delivery Delay,Package is late,My Wireless Earbuds was supposed to be here 2 days ago.,Medium,Resolved,Casey,24,44.4,FALSE,3,"Escalated to carrier, offered $10 credit."
TICK-001682,CUST-00595,2026-05-03 17:08:00,Chat,Delivery Delay,Package is late,My Gaming Mouse was supposed to be here 2 days ago.,Medium,Pending,Morgan,8,,FALSE,,
TICK-001683,CUST-00812,2025-11-14 23:19:00,Email,Delivery Delay,Package is late,My Smart TV was supposed to be here 2 days ago.,High,Escalated,Alex,244,,TRUE,,
TICK-001684,CUST-00921,2025-08-07 12:03:00,Chat,Payment Issue,Charged twice!,My card was declined but I see a charge.,High,Pending,Taylor,8,,FALSE,,
TICK-001685,CUST-00603,2026-03-02 16:28:00,Email,Account Issue,Can't log in,Password reset not sending.,Low,Resolved,Riley,82,45.5,FALSE,3,Sent manual reset link via SMS.
TICK-001686,CUST-00189,2026-03-05 13:53:00,Phone,Unknown Issue,Question,Does it work?,Low,Resolved,Casey,5,66.5,FALSE,1,Clarified user question and provided specs.
TICK-001687,CUST-00234,2025-08-18 14:32:00,Phone,Refund Request,Need refund for Laptop Stand,I returned this last week and want my money back.,Medium,Resolved,Casey,3,66.3,FALSE,3,Refund processed to original payment method.
TICK-001688,CUST-00728,2025-12-03 15:02:00,Phone,Wrong Product & Account Issue,Got the wrong item,"I didn't order this, I ordered a Electric Toothbrush.",High,Resolved,Jamie,10,24.0,TRUE,3,Issued return label and shipped correct item.
TICK-001689,CUST-00162,2025-07-23 22:11:00,Social Media,General Inquiry,AGAIN: Help with my order,I have a few problems with my recent purchase.,Critical,Open,Morgan,177,,TRUE,,
TICK-001690,CUST-00098,2025-06-30 16:45:00,Chat,Wrong Product,Got the wrong item,"I didn't order this, I ordered a Wireless Earbuds.",Critical,Resolved,Casey,15,1.5,TRUE,1,Issued return label and shipped correct item.
TICK-001691,CUST-00604,2026-03-11 02:22:00,Chat,Wrong Product,Got the wrong item,"I didn't order this, I ordered a Electric Toothbrush.",Medium,Resolved,Jordan,5,27.6,FALSE,5,Issued return label and shipped correct item.
TICK-001692,CUST-00563,2025-08-21 08:19:00,Phone,Wrong Product,Got the wrong item,"I didn't order this, I ordered a Electric Toothbrush.",High,Escalated,Casey,3,,TRUE,,
TICK-001693,CUST-00102,2025-09-09 00:23:00,Email,Refund Request,Need refund for Coffee Machine,I returned this last week and want my money back.,Medium,Resolved,Jamie,155,45.1,FALSE,5,Refund processed to original payment method.
TICK-001694,CUST-00690,2025-09-20 11:20:00,Phone,Wrong Product,Got the wrong item,"I didn't order this, I ordered a Running Shoes.",Medium,Pending,Sam,10,,FALSE,,
TICK-001695,CUST-00908,2025-10-15 19:46:00,Chat,Payment Issue,Charged twice!,My card was declined but I see a charge.,High,Pending,Jamie,13,,FALSE,,
TICK-001696,CUST-00292,2025-07-22 13:24:00,Email,Order Tracking,Where is my Mechanical Keyboard?,I ordered a Mechanical Keyboard and the tracking hasn't updated.,Low,Pending,Chris,189,,FALSE,,
TICK-001697,CUST-00857,2026-01-13 06:51:00,Phone,Product Damage,Coffee Machine arrived broken,The box was smashed and the item is damaged.,High,Resolved,Riley,15,21.0,TRUE,3,Sent overnight replacement.
TICK-001698,CUST-00833,2025-05-24 20:31:00,Social Media,Product Damage,Coffee Machine arrived broken,The box was smashed and the item is damaged.,Critical,Pending,Sam,248,,FALSE,,
TICK-001699,CUST-00787,2025-09-29 08:46:00,Chat,Wrong Product,Got the wrong item,"I didn't order this, I ordered a Yoga Mat.",Medium,Resolved,Pat,12,50.9,FALSE,3,Issued return label and shipped correct item.
TICK-001700,CUST-00454,2026-05-06 17:56:00,Chat,Refund Request,Need refund for Running Shoes,I returned this last week and want my money back.,Medium,Pending,Taylor,7,,FALSE,,
TICK-001701,CUST-00953,2025-07-30 18:12:00,Chat,Order Tracking,Where is my Yoga Mat?,I ordered a Yoga Mat and the tracking hasn't updated.,Medium,Resolved,Sam,10,37.4,FALSE,5,Provided updated tracking link.
TICK-001702,CUST-00556,2026-05-05 01:47:00,Chat,Delivery Delay,Package is late,My Gaming Mouse was supposed to be here 2 days ago.,Medium,Resolved,Jamie,5,63.0,FALSE,1,"Escalated to carrier, offered $10 credit."
TICK-001703,CUST-00136,2025-09-24 21:25:00,Chat,Payment Issue,Charged twice!,My card was declined but I see a charge.,Medium,Resolved,Taylor,14,22.1,FALSE,5,Voided duplicate authorization hold.
TICK-001704,CUST-00424,2025-12-04 17:22:00,Chat,Refund Request,AGAIN: Need refund for Smart TV,I returned this last week and want my money back.,Critical,Escalated,Jamie,5,,TRUE,,
TICK-001705,CUST-00809,2026-01-27 07:50:00,Email,Delivery Delay,AGAIN: Package is late,My Gaming Mouse was supposed to be here 2 days ago.,Critical,Resolved,Pat,246,2.5,TRUE,2,"Escalated to carrier, offered $10 credit."
TICK-001706,CUST-00966,2026-03-02 06:07:00,Chat,Product Damage,Wireless Earbuds arrived broken,The box was smashed and the item is damaged.,Critical,Resolved,Casey,15,2.2,TRUE,2,Sent overnight replacement.
TICK-001707,CUST-00794,2025-06-01 19:28:00,Email,General Inquiry,Help with my order,I have a few problems with my recent purchase.,Low,Resolved,Casey,143,40.4,FALSE,2,Addressed multiple queries.
TICK-001708,CUST-00904,2025-05-24 18:27:00,Phone,Product Damage,Gaming Mouse arrived broken,The box was smashed and the item is damaged.,High,Resolved,Jamie,5,14.7,FALSE,3,Sent overnight replacement.
TICK-001709,CUST-00911,2026-01-12 01:04:00,Email,General Inquiry,Help with my order,I have a few problems with my recent purchase.,Medium,Pending,Casey,277,,FALSE,,
TICK-001710,CUST-00263,2025-09-15 02:29:00,Email,Wrong Product,Got the wrong item,"I didn't order this, I ordered a Running Shoes.",High,Escalated,Jordan,282,,TRUE,,
TICK-001711,CUST-00719,2026-02-18 17:31:00,Email,Refund Request,Need refund for Laptop Stand,I returned this last week and want my money back.,High,Resolved,Alex,109,10.4,FALSE,5,Refund processed to original payment method.
TICK-001712,CUST-00722,2025-09-28 09:29:00,Phone,Account Issue,Can't log in,Password reset not sending.,Medium,Resolved,Riley,6,63.3,FALSE,4,Sent manual reset link via SMS.
TICK-001713,CUST-00374,2026-04-05 17:57:00,Chat,Delivery Delay,Package is late,My Yoga Mat was supposed to be here 2 days ago.,High,Resolved,Alex,8,23.5,FALSE,5,"Escalated to carrier, offered $10 credit."
TICK-001714,CUST-00326,2025-07-12 20:07:00,Chat,Order Tracking,Where is my Yoga Mat?,I ordered a Yoga Mat and the tracking hasn't updated.,Medium,Open,Taylor,10,,FALSE,,
TICK-001715,CUST-00127,2025-09-08 22:24:00,Chat,General Inquiry,Help with my order,I have a few problems with my recent purchase.,Low,Resolved,Morgan,9,42.5,FALSE,3,Addressed multiple queries.
TICK-001716,CUST-00135,2025-07-18 05:46:00,Email,Product Damage,Laptop Stand arrived broken,The box was smashed and the item is damaged.,High,Resolved,Jamie,71,21.6,FALSE,4,Sent overnight replacement.
TICK-001717,CUST-00640,2026-05-04 07:07:00,Phone,Refund Request,Need refund for Wireless Earbuds,I returned this last week and want my money back.,High,Resolved,Casey,15,5.9,TRUE,5,Refund processed to original payment method.
TICK-001718,CUST-00960,2025-06-12 22:15:00,Chat,Payment Issue,Charged twice!,My card was declined but I see a charge.,Critical,Escalated,Riley,9,,TRUE,,
TICK-001719,CUST-00967,2026-04-30 04:17:00,Phone,General Inquiry,Help with my order,I have a few problems with my recent purchase.,Medium,Resolved,Taylor,10,42.9,FALSE,4,Addressed multiple queries.
TICK-001720,CUST-00929,2025-11-08 03:06:00,Social Media,Payment Issue,Charged twice!,My card was declined but I see a charge.,High,Open,Alex,259,,TRUE,,
TICK-001721,CUST-00138,2025-06-12 14:55:00,Social Media,Wrong Product,Got the wrong item,"I didn't order this, I ordered a Wireless Earbuds.",High,Resolved,Chris,123,6.9,FALSE,1,Issued return label and shipped correct item.
TICK-001722,CUST-00441,2026-01-21 12:08:00,Phone,Order Tracking,Where is my Yoga Mat?,I ordered a Yoga Mat and the tracking hasn't updated.,Medium,Resolved,Taylor,10,53.0,FALSE,1,Provided updated tracking link.
TICK-001723,CUST-00578,2026-04-18 12:10:00,Chat,Wrong Product,Got the wrong item,"I didn't order this, I ordered a Electric Toothbrush.",Medium,Resolved,Taylor,14,10.9,FALSE,1,Issued return label and shipped correct item.
TICK-001724,CUST-00578,2026-02-24 11:14:00,Email,Payment Issue,Charged twice!,My card was declined but I see a charge.,Medium,Pending,Taylor,153,,FALSE,,
TICK-001725,CUST-00629,2026-02-17 11:57:00,Chat,Wrong Product,Got the wrong item,"I didn't order this, I ordered a Mechanical Keyboard.",Medium,Resolved,Jordan,14,53.4,FALSE,3,Issued return label and shipped correct item.
TICK-001726,CUST-00551,2026-03-07 23:28:00,Email,Order Tracking,Where is my Electric Toothbrush?,I ordered a Electric Toothbrush and the tracking hasn't updated.,High,Resolved,Jamie,231,22.9,FALSE,2,Provided updated tracking link.
TICK-001727,CUST-00766,2025-11-12 17:16:00,Social Media,Payment Issue,Charged twice!,My card was declined but I see a charge.,Critical,Resolved,Jordan,39,1.2,TRUE,3,Voided duplicate authorization hold.
TICK-001728,CUST-00639,2026-01-07 06:29:00,Chat,General Inquiry,Help with my order,I have a few problems with my recent purchase.,Medium,Resolved,Casey,8,52.2,FALSE,2,Addressed multiple queries.
TICK-001729,CUST-00713,2025-09-28 19:05:00,Social Media,Account Issue,Can't log in,Password reset not sending.,Medium,Resolved,Sam,225,5.8,FALSE,5,Sent manual reset link via SMS.
TICK-001730,CUST-00710,2025-11-20 01:23:00,Email,Delivery Delay,Package is late,My Blender was supposed to be here 2 days ago.,Medium,Resolved,Riley,105,58.2,FALSE,5,"Escalated to carrier, offered $10 credit."
TICK-001731,CUST-00712,2026-04-15 16:06:00,Chat,Delivery Delay,Package is late,My Gaming Mouse was supposed to be here 2 days ago.,High,Resolved,Taylor,10,23.8,FALSE,5,"Escalated to carrier, offered $10 credit."
TICK-001732,CUST-00570,2025-12-22 17:41:00,Email,General Inquiry,Help with my order,I have a few problems with my recent purchase.,Low,Resolved,Pat,279,1.3,FALSE,4,Addressed multiple queries.
TICK-001733,CUST-00728,2025-11-16 05:10:00,Social Media,Account Issue,AGAIN: Can't log in,Password reset not sending.,Critical,Resolved,Pat,88,2.0,TRUE,1,Sent manual reset link via SMS.
TICK-001734,CUST-00256,2026-04-24 06:04:00,Chat,Account Issue,Can't log in,Password reset not sending.,Low,Resolved,Casey,11,12.5,FALSE,5,Sent manual reset link via SMS.
TICK-001735,CUST-00083,2026-04-22 05:59:00,Phone,Order Tracking,Where is my Gaming Mouse?,I ordered a Gaming Mouse and the tracking hasn't updated.,Low,Resolved,Jordan,11,34.6,FALSE,2,Provided updated tracking link.
TICK-001736,CUST-00775,2026-01-14 06:52:00,Chat,Product Damage,Wireless Earbuds arrived broken,The box was smashed and the item is damaged.,Medium,Resolved,Chris,3,34.8,FALSE,4,Sent overnight replacement.
TICK-001737,CUST-00040,2025-08-25 09:57:00,Chat,Delivery Delay,Package is late,My Wireless Earbuds was supposed to be here 2 days ago.,Medium,Resolved,Taylor,7,34.9,FALSE,4,"Escalated to carrier, offered $10 credit."
TICK-001738,CUST-00372,2025-08-09 20:53:00,Phone,Account Issue & Wrong Product,Got the wrong item,"I didn't order this, I ordered a Mechanical Keyboard.",High,Open,Jamie,8,,FALSE,,
TICK-001739,CUST-00502,2026-04-02 18:51:00,Chat,Product Damage,Coffee Machine arrived broken,The box was smashed and the item is damaged.,High,Resolved,Jordan,11,17.6,FALSE,5,Sent overnight replacement.
TICK-001740,CUST-00069,2025-10-27 08:12:00,Chat,Account Issue,Can't log in,Password reset not sending.,Low,Resolved,Taylor,13,60.2,FALSE,2,Sent manual reset link via SMS.
TICK-001741,CUST-00528,2026-03-13 05:04:00,Chat,Refund Request & Payment Issue,Need refund for Blender,I returned this last week and want my money back.,High,Resolved,Pat,6,10.0,TRUE,4,Refund processed to original payment method.
TICK-001742,CUST-00264,2025-08-02 21:42:00,Phone,Wrong Product,Got the wrong item,"I didn't order this, I ordered a Smart TV.",Medium,Resolved,Morgan,1,9.2,FALSE,4,Issued return label and shipped correct item.
TICK-001743,CUST-00502,2025-08-09 11:05:00,Phone,Delivery Delay,Package is late,My Laptop Stand was supposed to be here 2 days ago.,Medium,Resolved,Jordan,5,45.4,FALSE,1,"Escalated to carrier, offered $10 credit."
TICK-001744,CUST-00314,2025-06-22 04:54:00,Email,Product Damage,Yoga Mat arrived broken,The box was smashed and the item is damaged.,High,Resolved,Sam,229,11.4,FALSE,1,Sent overnight replacement.
TICK-001745,CUST-00766,2026-02-06 03:23:00,Email,Wrong Product,Got the wrong item,"I didn't order this, I ordered a Smart TV.",Medium,Pending,Pat,141,,FALSE,,
TICK-001746,CUST-00323,2026-05-17 19:25:00,Email,Order Tracking,Where is my Yoga Mat?,I ordered a Yoga Mat and the tracking hasn't updated.,Low,Resolved,Jamie,183,19.1,FALSE,4,Provided updated tracking link.
TICK-001747,CUST-00388,2025-12-17 08:10:00,Chat,Product Damage,Blender arrived broken,The box was smashed and the item is damaged.,High,Resolved,Taylor,9,18.6,FALSE,4,Sent overnight replacement.
TICK-001748,CUST-00611,2025-09-02 20:14:00,Chat,Product Damage,Electric Toothbrush arrived broken,The box was smashed and the item is damaged.,High,Resolved,Sam,2,8.0,FALSE,5,Sent overnight replacement.
TICK-001749,CUST-00807,2026-04-20 16:00:00,Chat,Delivery Delay,Package is late,My Yoga Mat was supposed to be here 2 days ago.,Medium,Open,Taylor,4,,FALSE,,
TICK-001750,CUST-00747,2025-09-18 14:45:00,Social Media,Order Tracking,Where is my Laptop Stand?,I ordered a Laptop Stand and the tracking hasn't updated.,High,Resolved,Casey,299,2.3,FALSE,4,Provided updated tracking link.
TICK-001751,CUST-00345,2025-10-28 10:18:00,Social Media,Wrong Product,Got the wrong item,"I didn't order this, I ordered a Blender.",Critical,Open,Taylor,143,,TRUE,,
TICK-001752,CUST-00952,2025-08-24 15:09:00,Chat,Payment Issue,Charged twice!,My card was declined but I see a charge.,Critical,Resolved,Pat,6,3.9,TRUE,4,Voided duplicate authorization hold.
TICK-001753,CUST-00315,2025-10-18 21:57:00,Chat,Refund Request,Need refund for Blender,I returned this last week and want my money back.,Low,Resolved,Alex,12,23.3,FALSE,4,Refund processed to original payment method.
TICK-001754,CUST-00414,2025-06-17 06:08:00,Chat,Order Tracking,AGAIN: Where is my Coffee Machine?,I ordered a Coffee Machine and the tracking hasn't updated.,Critical,Resolved,Alex,15,1.9,FALSE,2,Provided updated tracking link.
TICK-001755,CUST-00318,2025-08-14 05:10:00,Chat,General Inquiry,Help with my order,I have a few problems with my recent purchase.,Low,Resolved,Morgan,7,31.6,FALSE,3,Addressed multiple queries.
TICK-001756,CUST-00751,2025-10-14 11:40:00,Chat,General Inquiry,Help with my order,I have a few problems with my recent purchase.,Medium,Resolved,Sam,5,42.2,FALSE,1,Addressed multiple queries.
TICK-001757,CUST-00285,2025-06-03 08:51:00,Email,Order Tracking,Where is my Laptop Stand?,I ordered a Laptop Stand and the tracking hasn't updated.,Medium,Resolved,Taylor,217,30.5,FALSE,4,Provided updated tracking link.
TICK-001758,CUST-00989,2025-10-04 09:32:00,Phone,Delivery Delay,Package is late,My Wireless Earbuds was supposed to be here 2 days ago.,Medium,Pending,Casey,13,,FALSE,,
TICK-001759,CUST-00100,2025-12-18 07:14:00,Email,Order Tracking,Where is my Coffee Machine?,I ordered a Coffee Machine and the tracking hasn't updated.,Low,Resolved,Alex,283,43.5,FALSE,4,Provided updated tracking link.
TICK-001760,CUST-00513,2025-07-08 01:14:00,Email,Payment Issue & Account Issue,Charged twice!,My card was declined but I see a charge.,High,Resolved,Pat,188,8.7,TRUE,3,Voided duplicate authorization hold.
TICK-001761,CUST-00522,2025-11-26 03:59:00,Chat,Order Tracking,Where is my Smart TV?,I ordered a Smart TV and the tracking hasn't updated.,Medium,Resolved,Alex,11,53.3,FALSE,2,Provided updated tracking link.
TICK-001762,CUST-00080,2025-10-04 12:23:00,Social Media,Refund Request,Need refund for Running Shoes,I returned this last week and want my money back.,High,Resolved,Jamie,131,18.4,FALSE,4,Refund processed to original payment method.
TICK-001763,CUST-00576,2026-05-16 23:52:00,Chat,Payment Issue,Charged twice!,My card was declined but I see a charge.,High,Open,Sam,15,,FALSE,,
TICK-001764,CUST-00879,2025-09-09 07:10:00,Email,Account Issue,Can't log in,Password reset not sending.,Low,Resolved,Casey,274,36.8,FALSE,2,Sent manual reset link via SMS.
TICK-001765,CUST-00747,2025-11-03 19:41:00,Phone,Refund Request,Need refund for Coffee Machine,I returned this last week and want my money back.,High,Open,Jamie,2,,TRUE,,
TICK-001766,CUST-00060,2025-09-27 09:21:00,Social Media,General Inquiry,Help with my order,I have a few problems with my recent purchase.,Low,Resolved,Casey,95,54.5,FALSE,1,Addressed multiple queries.
TICK-001767,CUST-00534,2026-02-04 00:19:00,Chat,Delivery Delay,Package is late,My Running Shoes was supposed to be here 2 days ago.,Medium,Resolved,Pat,9,19.4,FALSE,1,"Escalated to carrier, offered $10 credit."
TICK-001768,CUST-00630,2025-09-17 16:02:00,Chat,Refund Request,Need refund for Mechanical Keyboard,I returned this last week and want my money back.,Medium,Resolved,Alex,2,24.5,FALSE,3,Refund processed to original payment method.
TICK-001769,CUST-00613,2025-06-04 11:10:00,Chat,Delivery Delay,Package is late,My Blender was supposed to be here 2 days ago.,Medium,Resolved,Taylor,13,68.6,FALSE,2,"Escalated to carrier, offered $10 credit."
TICK-001770,CUST-00947,2025-10-25 12:24:00,Social Media,Account Issue,Can't log in,Password reset not sending.,High,Pending,Jordan,218,,FALSE,,
TICK-001771,CUST-00089,2026-04-18 09:53:00,Social Media,Product Damage,Smart TV arrived broken,The box was smashed and the item is damaged.,High,Resolved,Pat,119,20.4,FALSE,5,Sent overnight replacement.
TICK-001772,CUST-00603,2025-08-24 23:58:00,Email,General Inquiry,Help with my order,I have a few problems with my recent purchase.,Low,Resolved,Sam,191,9.1,FALSE,1,Addressed multiple queries.
TICK-001773,CUST-00748,2025-09-24 03:56:00,Chat,General Inquiry,Help with my order,I have a few problems with my recent purchase.,High,Resolved,Riley,10,10.5,FALSE,1,Addressed multiple queries.
TICK-001774,CUST-00918,2025-08-08 23:04:00,Chat,Product Damage,Wireless Earbuds arrived broken,The box was smashed and the item is damaged.,Medium,Resolved,Morgan,6,31.1,FALSE,1,Sent overnight replacement.
TICK-001775,CUST-00380,2026-05-16 06:35:00,Chat,Order Tracking,Where is my Yoga Mat?,I ordered a Yoga Mat and the tracking hasn't updated.,Medium,Resolved,Sam,8,19.7,FALSE,1,Provided updated tracking link.
TICK-001776,CUST-00683,2025-10-12 01:57:00,Phone,Refund Request,Need refund for Yoga Mat,I returned this last week and want my money back.,Medium,Resolved,Alex,12,62.5,FALSE,4,Refund processed to original payment method.
TICK-001777,CUST-00678,2025-12-22 15:43:00,Chat,Payment Issue,Charged twice!,My card was declined but I see a charge.,High,Resolved,Pat,7,6.9,TRUE,4,Voided duplicate authorization hold.
TICK-001778,CUST-00316,2025-10-28 21:50:00,Email,Wrong Product,Got the wrong item,"I didn't order this, I ordered a Yoga Mat.",High,Resolved,Pat,18,18.7,FALSE,5,Issued return label and shipped correct item.
TICK-001779,CUST-00035,2026-01-08 09:39:00,Chat,Account Issue,AGAIN: Can't log in,Password reset not sending.,High,Resolved,Alex,5,19.9,TRUE,1,Sent manual reset link via SMS.
TICK-001780,CUST-00252,2026-04-11 02:26:00,Chat,Refund Request,Need refund for Wireless Earbuds,I returned this last week and want my money back.,Critical,Escalated,Alex,7,,TRUE,,
TICK-001781,CUST-00985,2025-11-28 18:06:00,Social Media,Refund Request,Need refund for Laptop Stand,I returned this last week and want my money back.,Medium,Resolved,Jordan,293,25.0,FALSE,5,Refund processed to original payment method.
TICK-001782,CUST-00096,2025-05-22 21:33:00,Phone,Account Issue,Can't log in,Password reset not sending.,Low,Resolved,Alex,13,25.8,FALSE,4,Sent manual reset link via SMS.
TICK-001783,CUST-00777,2026-01-05 19:44:00,Chat,Delivery Delay,AGAIN: Package is late,My Electric Toothbrush was supposed to be here 2 days ago.,High,Pending,Jamie,11,,TRUE,,
TICK-001784,CUST-00241,2025-12-16 17:40:00,Social Media,Order Tracking,Where is my Yoga Mat?,I ordered a Yoga Mat and the tracking hasn't updated.,Medium,Resolved,Morgan,55,38.6,FALSE,5,Provided updated tracking link.
TICK-001785,CUST-00658,2025-06-26 12:40:00,Email,Refund Request,Need refund for Mechanical Keyboard,I returned this last week and want my money back.,Medium,Resolved,Casey,110,35.5,FALSE,3,Refund processed to original payment method.
TICK-001786,CUST-00771,2025-06-05 17:12:00,Phone,General Inquiry,Help with my order,I have a few problems with my recent purchase.,Medium,Resolved,Jordan,12,37.6,FALSE,4,Addressed multiple queries.
TICK-001787,CUST-00107,2025-10-13 01:19:00,Chat,Wrong Product,Got the wrong item,"I didn't order this, I ordered a Smart TV.",High,Escalated,Taylor,1,,TRUE,,
TICK-001788,CUST-00929,2026-01-26 21:57:00,Chat,Delivery Delay & Product Damage,Package is late,My Running Shoes was supposed to be here 2 days ago.,High,Resolved,Sam,7,3.0,FALSE,5,"Escalated to carrier, offered $10 credit."
TICK-001789,CUST-00517,2025-11-28 12:56:00,Email,Order Tracking,Where is my Mechanical Keyboard?,I ordered a Mechanical Keyboard and the tracking hasn't updated.,Low,Resolved,Taylor,211,56.1,FALSE,2,Provided updated tracking link.
TICK-001790,CUST-00093,2025-06-06 18:38:00,Email,Refund Request,Need refund for Laptop Stand,I returned this last week and want my money back.,High,Resolved,Morgan,260,6.9,FALSE,4,Refund processed to original payment method.
TICK-001791,CUST-00368,2026-03-22 13:54:00,Chat,Payment Issue,Charged twice!,My card was declined but I see a charge.,High,Resolved,Chris,12,14.9,FALSE,3,Voided duplicate authorization hold.
TICK-001792,CUST-00788,2026-02-25 05:07:00,Email,Order Tracking,Where is my Laptop Stand?,I ordered a Laptop Stand and the tracking hasn't updated.,Low,Resolved,Chris,124,15.2,FALSE,4,Provided updated tracking link.
TICK-001793,CUST-00826,2026-04-02 23:19:00,Email,Product Damage,Yoga Mat arrived broken,The box was smashed and the item is damaged.,High,Escalated,Alex,95,,TRUE,,
TICK-001794,CUST-00806,2026-04-02 06:47:00,Phone,Order Tracking,Where is my Blender?,I ordered a Blender and the tracking hasn't updated.,Medium,Pending,Casey,12,,FALSE,,
TICK-001795,CUST-00296,2025-08-19 17:08:00,Phone,Order Tracking,Where is my Laptop Stand?,I ordered a Laptop Stand and the tracking hasn't updated.,Low,Resolved,Jamie,6,51.2,FALSE,1,Provided updated tracking link.
TICK-001796,CUST-00293,2025-06-08 19:18:00,Phone,Delivery Delay & Product Damage,Package is late,My Laptop Stand was supposed to be here 2 days ago.,High,Pending,Sam,12,,FALSE,,
TICK-001797,CUST-00679,2025-06-11 10:54:00,Chat,Product Damage,Gaming Mouse arrived broken,The box was smashed and the item is damaged.,High,Escalated,Taylor,2,,TRUE,,
TICK-001798,CUST-00059,2025-06-07 01:45:00,Email,General Inquiry,Help with my order,I have a few problems with my recent purchase.,Medium,Pending,Chris,286,,FALSE,,
TICK-001799,CUST-00395,2025-07-08 22:40:00,Chat,Refund Request,Need refund for Wireless Earbuds,I returned this last week and want my money back.,Medium,Pending,Taylor,13,,FALSE,,
TICK-001800,CUST-00653,2025-11-06 19:28:00,Email,Order Tracking,AGAIN: Where is my Yoga Mat?,I ordered a Yoga Mat and the tracking hasn't updated.,High,Open,Jamie,238,,FALSE,,
TICK-001801,CUST-00447,2026-01-27 00:34:00,Chat,General Inquiry,Help with my order,I have a few problems with my recent purchase.,Low,Resolved,Taylor,10,34.0,FALSE,2,Addressed multiple queries.
TICK-001802,CUST-00387,2026-05-06 17:10:00,Chat,Delivery Delay,Package is late,My Wireless Earbuds was supposed to be here 2 days ago.,High,Resolved,Alex,1,5.5,TRUE,4,"Escalated to carrier, offered $10 credit."
TICK-001803,CUST-00939,2025-08-16 03:11:00,Phone,Delivery Delay,Package is late,My Laptop Stand was supposed to be here 2 days ago.,Medium,Resolved,Alex,6,7.2,FALSE,5,"Escalated to carrier, offered $10 credit."
TICK-001804,CUST-00960,2025-10-21 04:26:00,Social Media,Unknown Issue,Question,Does it work?,Low,Resolved,Alex,218,12.6,FALSE,4,Clarified user question and provided specs.
TICK-001805,CUST-00489,2026-04-24 01:22:00,Chat,Order Tracking,Where is my Mechanical Keyboard?,I ordered a Mechanical Keyboard and the tracking hasn't updated.,Medium,Resolved,Casey,1,34.8,FALSE,5,Provided updated tracking link.
TICK-001806,CUST-00758,2026-02-16 11:23:00,Chat,Account Issue,Can't log in,Password reset not sending.,Low,Resolved,Riley,1,54.9,FALSE,2,Sent manual reset link via SMS.
TICK-001807,CUST-00827,2025-12-08 01:37:00,Chat,Wrong Product,Got the wrong item,"I didn't order this, I ordered a Yoga Mat.",Medium,Resolved,Taylor,10,8.5,FALSE,3,Issued return label and shipped correct item.
TICK-001808,CUST-00945,2025-11-17 23:23:00,Email,Order Tracking,Where is my Smart TV?,I ordered a Smart TV and the tracking hasn't updated.,Low,Pending,Pat,262,,FALSE,,
TICK-001809,CUST-00208,2026-01-26 13:02:00,Chat,Wrong Product,Got the wrong item,"I didn't order this, I ordered a Gaming Mouse.",Critical,Escalated,Casey,1,,TRUE,,
TICK-001810,CUST-00529,2026-01-28 05:04:00,Chat,Product Damage,Running Shoes arrived broken,The box was smashed and the item is damaged.,High,Open,Morgan,1,,TRUE,,
TICK-001811,CUST-00338,2025-09-02 00:51:00,Chat,Order Tracking,Where is my Running Shoes?,I ordered a Running Shoes and the tracking hasn't updated.,Low,Resolved,Casey,7,61.2,FALSE,3,Provided updated tracking link.
TICK-001812,CUST-00798,2025-11-06 22:35:00,Chat,Account Issue,Can't log in,Password reset not sending.,Medium,Resolved,Morgan,11,64.8,FALSE,2,Sent manual reset link via SMS.
TICK-001813,CUST-00464,2026-01-03 12:41:00,Email,Order Tracking,Where is my Wireless Earbuds?,I ordered a Wireless Earbuds and the tracking hasn't updated.,Low,Open,Pat,111,,FALSE,,
TICK-001814,CUST-00526,2025-12-27 16:52:00,Chat,Refund Request,Need refund for Laptop Stand,I returned this last week and want my money back.,Medium,Open,Sam,6,,FALSE,,
TICK-001815,CUST-00713,2025-11-04 08:22:00,Email,General Inquiry,Help with my order,I have a few problems with my recent purchase.,Medium,Resolved,Riley,35,26.2,FALSE,1,Addressed multiple queries.
TICK-001816,CUST-00819,2025-06-04 05:30:00,Chat,Payment Issue,Charged twice!,My card was declined but I see a charge.,High,Escalated,Jordan,6,,TRUE,,
TICK-001817,CUST-00428,2025-06-09 18:28:00,Email,Payment Issue,Charged twice!,My card was declined but I see a charge.,Medium,Resolved,Casey,175,43.5,FALSE,3,Voided duplicate authorization hold.
TICK-001818,CUST-00808,2026-04-22 08:30:00,Email,Order Tracking,Where is my Laptop Stand?,I ordered a Laptop Stand and the tracking hasn't updated.,Medium,Resolved,Morgan,23,42.4,FALSE,1,Provided updated tracking link.
TICK-001819,CUST-00322,2026-03-31 10:16:00,Chat,Refund Request,Need refund for Blender,I returned this last week and want my money back.,High,Resolved,Alex,11,19.7,FALSE,3,Refund processed to original payment method.
TICK-001820,CUST-00584,2025-10-02 14:08:00,Social Media,Delivery Delay,Package is late,My Smart TV was supposed to be here 2 days ago.,High,Resolved,Morgan,37,4.7,FALSE,3,"Escalated to carrier, offered $10 credit."
TICK-001821,CUST-00961,2025-09-05 01:40:00,Chat,Order Tracking,AGAIN: Where is my Smart TV?,I ordered a Smart TV and the tracking hasn't updated.,Critical,Escalated,Taylor,9,,TRUE,,
TICK-001822,CUST-00287,2026-04-08 08:01:00,Chat,Order Tracking,Where is my Mechanical Keyboard?,I ordered a Mechanical Keyboard and the tracking hasn't updated.,High,Resolved,Jamie,8,12.2,FALSE,5,Provided updated tracking link.
TICK-001823,CUST-00161,2026-04-04 07:46:00,Chat,Order Tracking,Where is my Gaming Mouse?,I ordered a Gaming Mouse and the tracking hasn't updated.,High,Resolved,Taylor,12,5.4,FALSE,1,Provided updated tracking link.
TICK-001824,CUST-00066,2026-04-10 15:18:00,Social Media,Order Tracking,Where is my Gaming Mouse?,I ordered a Gaming Mouse and the tracking hasn't updated.,Medium,Resolved,Riley,143,39.9,FALSE,1,Provided updated tracking link.
TICK-001825,CUST-00730,2025-06-19 19:00:00,Phone,Payment Issue,Charged twice!,My card was declined but I see a charge.,Medium,Resolved,Casey,14,32.5,FALSE,2,Voided duplicate authorization hold.
TICK-001826,CUST-00439,2025-11-12 11:56:00,Chat,Product Damage,AGAIN: Electric Toothbrush arrived broken,The box was smashed and the item is damaged.,High,Resolved,Casey,7,20.7,FALSE,2,Sent overnight replacement.
TICK-001827,CUST-00890,2026-02-03 10:13:00,Email,Account Issue,Can't log in,Password reset not sending.,Low,Resolved,Jordan,241,34.6,FALSE,5,Sent manual reset link via SMS.
TICK-001828,CUST-00411,2025-12-02 04:07:00,Phone,Order Tracking,Where is my Wireless Earbuds?,I ordered a Wireless Earbuds and the tracking hasn't updated.,Medium,Resolved,Riley,10,23.4,FALSE,5,Provided updated tracking link.
TICK-001829,CUST-00830,2026-02-18 19:52:00,Chat,Order Tracking,Where is my Yoga Mat?,I ordered a Yoga Mat and the tracking hasn't updated.,Medium,Resolved,Morgan,8,38.2,FALSE,3,Provided updated tracking link.
TICK-001830,CUST-00064,2025-08-06 22:10:00,Email,Delivery Delay,Package is late,My Blender was supposed to be here 2 days ago.,Medium,Resolved,Chris,185,2.7,FALSE,4,"Escalated to carrier, offered $10 credit."
TICK-001831,CUST-00074,2025-08-30 09:55:00,Chat,Wrong Product & Payment Issue,Charged twice!,My card was declined but I see a charge.,Critical,Escalated,Chris,8,,TRUE,,
TICK-001832,CUST-00173,2026-01-15 06:13:00,Email,Delivery Delay,Package is late,My Smart TV was supposed to be here 2 days ago.,Medium,Resolved,Sam,15,38.5,FALSE,1,"Escalated to carrier, offered $10 credit."
TICK-001833,CUST-00418,2025-11-18 06:17:00,Phone,General Inquiry,Help with my order,I have a few problems with my recent purchase.,Low,Resolved,Jamie,12,70.1,FALSE,4,Addressed multiple queries.
TICK-001834,CUST-00686,2026-04-28 21:13:00,Chat,Wrong Product,Got the wrong item,"I didn't order this, I ordered a Wireless Earbuds.",High,Resolved,Sam,3,21.1,FALSE,4,Issued return label and shipped correct item.
TICK-001835,CUST-00446,2025-06-03 13:19:00,Chat,Refund Request & Wrong Product,Need refund for Electric Toothbrush,I returned this last week and want my money back.,Low,Open,Riley,13,,FALSE,,
TICK-001836,CUST-00665,2025-12-28 10:35:00,Phone,Wrong Product,Got the wrong item,"I didn't order this, I ordered a Wireless Earbuds.",Medium,Resolved,Alex,12,52.0,FALSE,5,Issued return label and shipped correct item.
TICK-001837,CUST-00603,2026-01-30 05:25:00,Email,Product Damage,Gaming Mouse arrived broken,The box was smashed and the item is damaged.,Medium,Resolved,Taylor,269,68.8,FALSE,1,Sent overnight replacement.
TICK-001838,CUST-00721,2026-02-04 19:01:00,Email,Order Tracking,Where is my Running Shoes?,I ordered a Running Shoes and the tracking hasn't updated.,Low,Resolved,Chris,248,70.0,FALSE,3,Provided updated tracking link.
TICK-001839,CUST-00234,2025-09-17 19:24:00,Chat,Order Tracking,Where is my Electric Toothbrush?,I ordered a Electric Toothbrush and the tracking hasn't updated.,High,Resolved,Taylor,4,2.4,TRUE,4,Provided updated tracking link.
TICK-001840,CUST-00803,2025-10-24 18:07:00,Chat,Wrong Product,AGAIN: Got the wrong item,"I didn't order this, I ordered a Yoga Mat.",Critical,Pending,Chris,2,,TRUE,,
TICK-001841,CUST-00285,2025-10-07 11:53:00,Phone,Order Tracking,Where is my Smart TV?,I ordered a Smart TV and the tracking hasn't updated.,Low,Resolved,Chris,12,39.1,FALSE,3,Provided updated tracking link.
TICK-001842,CUST-00452,2025-07-05 21:26:00,Phone,Wrong Product,Got the wrong item,"I didn't order this, I ordered a Smart TV.",High,Resolved,Jamie,4,19.1,FALSE,5,Issued return label and shipped correct item.
TICK-001843,CUST-00012,2026-01-13 05:20:00,Chat,Wrong Product,Got the wrong item,"I didn't order this, I ordered a Gaming Mouse.",High,Resolved,Taylor,5,15.7,TRUE,4,Issued return label and shipped correct item.
TICK-001844,CUST-00886,2025-11-11 13:22:00,Email,Delivery Delay,Package is late,My Blender was supposed to be here 2 days ago.,Medium,Resolved,Jordan,242,14.6,FALSE,4,"Escalated to carrier, offered $10 credit."
TICK-001845,CUST-00160,2025-12-26 07:26:00,Social Media,Payment Issue,Charged twice!,My card was declined but I see a charge.,High,Resolved,Morgan,298,6.2,TRUE,5,Voided duplicate authorization hold.
TICK-001846,CUST-00610,2026-04-12 11:16:00,Phone,Delivery Delay,Package is late,My Mechanical Keyboard was supposed to be here 2 days ago.,Medium,Pending,Taylor,14,,FALSE,,
TICK-001847,CUST-00974,2025-11-10 21:28:00,Chat,Product Damage,Laptop Stand arrived broken,The box was smashed and the item is damaged.,Medium,Resolved,Taylor,9,44.1,FALSE,3,Sent overnight replacement.
TICK-001848,CUST-00887,2026-04-14 09:50:00,Phone,Order Tracking,Where is my Wireless Earbuds?,I ordered a Wireless Earbuds and the tracking hasn't updated.,Low,Resolved,Morgan,7,49.5,FALSE,2,Provided updated tracking link.
TICK-001849,CUST-00789,2025-07-21 14:11:00,Chat,Product Damage,Mechanical Keyboard arrived broken,The box was smashed and the item is damaged.,High,Resolved,Pat,8,19.7,FALSE,4,Sent overnight replacement.
TICK-001850,CUST-00300,2026-03-10 16:59:00,Email,Product Damage,Running Shoes arrived broken,The box was smashed and the item is damaged.,High,Resolved,Jordan,245,13.7,TRUE,5,Sent overnight replacement.
TICK-001851,CUST-00384,2026-01-09 18:14:00,Social Media,Order Tracking,Where is my Coffee Machine?,I ordered a Coffee Machine and the tracking hasn't updated.,High,Resolved,Pat,238,15.7,TRUE,4,Provided updated tracking link.
TICK-001852,CUST-00903,2025-08-09 22:32:00,Chat,Payment Issue,Charged twice!,My card was declined but I see a charge.,High,Resolved,Morgan,15,3.9,FALSE,5,Voided duplicate authorization hold.
TICK-001853,CUST-00711,2025-07-04 10:07:00,Chat,Refund Request,Need refund for Coffee Machine,I returned this last week and want my money back.,Medium,Resolved,Jordan,2,8.8,FALSE,4,Refund processed to original payment method.
TICK-001854,CUST-00996,2025-05-29 16:39:00,Email,Refund Request,Need refund for Wireless Earbuds,I returned this last week and want my money back.,Medium,Resolved,Sam,238,59.5,FALSE,2,Refund processed to original payment method.
TICK-001855,CUST-00854,2025-12-25 20:24:00,Social Media,Product Damage,Wireless Earbuds arrived broken,The box was smashed and the item is damaged.,High,Pending,Taylor,269,,FALSE,,
TICK-001856,CUST-00134,2026-03-20 01:20:00,Chat,Wrong Product,Got the wrong item,"I didn't order this, I ordered a Gaming Mouse.",High,Pending,Sam,2,,TRUE,,
TICK-001857,CUST-00154,2025-07-17 11:37:00,Email,Order Tracking,Where is my Gaming Mouse?,I ordered a Gaming Mouse and the tracking hasn't updated.,High,Resolved,Chris,270,3.8,TRUE,5,Provided updated tracking link.
TICK-001858,CUST-00518,2025-08-21 08:00:00,Email,Order Tracking,Where is my Smart TV?,I ordered a Smart TV and the tracking hasn't updated.,Low,Resolved,Jamie,59,71.8,FALSE,5,Provided updated tracking link.
TICK-001859,CUST-00379,2025-10-08 13:59:00,Email,Delivery Delay,Package is late,My Mechanical Keyboard was supposed to be here 2 days ago.,High,Resolved,Taylor,75,4.8,FALSE,4,"Escalated to carrier, offered $10 credit."
TICK-001860,CUST-00392,2026-03-03 11:48:00,Email,Product Damage,Wireless Earbuds arrived broken,The box was smashed and the item is damaged.,High,Resolved,Riley,172,18.8,TRUE,1,Sent overnight replacement.
TICK-001861,CUST-00569,2026-05-10 18:52:00,Phone,Account Issue,Can't log in,Password reset not sending.,Low,Resolved,Pat,5,41.2,FALSE,4,Sent manual reset link via SMS.
TICK-001862,CUST-00084,2025-10-16 23:45:00,Phone,Wrong Product,Got the wrong item,"I didn't order this, I ordered a Blender.",Critical,Resolved,Sam,12,2.2,TRUE,2,Issued return label and shipped correct item.
TICK-001863,CUST-00238,2026-03-09 03:19:00,Email,General Inquiry,Help with my order,I have a few problems with my recent purchase.,Low,Resolved,Casey,53,27.1,FALSE,1,Addressed multiple queries.
TICK-001864,CUST-00094,2025-07-31 04:25:00,Chat,Payment Issue,Charged twice!,My card was declined but I see a charge.,High,Pending,Casey,9,,FALSE,,
TICK-001865,CUST-00274,2025-08-22 22:35:00,Chat,Product Damage,Electric Toothbrush arrived broken,The box was smashed and the item is damaged.,High,Resolved,Casey,3,21.7,FALSE,1,Sent overnight replacement.
TICK-001866,CUST-00266,2026-05-02 10:35:00,Phone,Order Tracking,Where is my Laptop Stand?,I ordered a Laptop Stand and the tracking hasn't updated.,Low,Resolved,Pat,5,43.1,FALSE,1,Provided updated tracking link.
TICK-001867,CUST-00982,2025-05-21 03:43:00,Social Media,Refund Request,Need refund for Yoga Mat,I returned this last week and want my money back.,Medium,Resolved,Pat,81,63.4,FALSE,5,Refund processed to original payment method.
TICK-001868,CUST-00488,2026-02-06 13:38:00,Email,Account Issue,Can't log in,Password reset not sending.,Low,Resolved,Jamie,33,39.9,FALSE,3,Sent manual reset link via SMS.
TICK-001869,CUST-00792,2026-04-27 22:49:00,Chat,Account Issue,Can't log in,Password reset not sending.,Low,Resolved,Alex,15,45.9,FALSE,5,Sent manual reset link via SMS.
TICK-001870,CUST-00034,2026-05-03 02:38:00,Phone,Delivery Delay,Package is late,My Yoga Mat was supposed to be here 2 days ago.,Critical,Open,Alex,6,,TRUE,,
TICK-001871,CUST-00033,2026-01-29 14:57:00,Email,Refund Request,Need refund for Coffee Machine,I returned this last week and want my money back.,Critical,Resolved,Jamie,144,1.4,TRUE,2,Refund processed to original payment method.
TICK-001872,CUST-00584,2025-12-03 09:06:00,Phone,Payment Issue,Charged twice!,My card was declined but I see a charge.,Critical,Pending,Riley,10,,TRUE,,
TICK-001873,CUST-00994,2026-01-19 08:29:00,Phone,Order Tracking,Where is my Laptop Stand?,I ordered a Laptop Stand and the tracking hasn't updated.,Medium,Resolved,Taylor,14,4.3,FALSE,5,Provided updated tracking link.
TICK-001874,CUST-00493,2025-12-25 22:09:00,Email,General Inquiry,Help with my order,I have a few problems with my recent purchase.,Low,Resolved,Taylor,51,6.1,FALSE,1,Addressed multiple queries.
TICK-001875,CUST-00682,2025-10-19 21:01:00,Chat,Order Tracking,Where is my Electric Toothbrush?,I ordered a Electric Toothbrush and the tracking hasn't updated.,Low,Open,Morgan,3,,FALSE,,
TICK-001876,CUST-00261,2025-11-05 10:10:00,Chat,Account Issue,Can't log in,Password reset not sending.,Low,Resolved,Chris,3,36.5,FALSE,2,Sent manual reset link via SMS.
TICK-001877,CUST-00635,2026-03-17 01:25:00,Chat,Product Damage,Wireless Earbuds arrived broken,The box was smashed and the item is damaged.,High,Escalated,Jamie,12,,TRUE,,
TICK-001878,CUST-00498,2026-02-10 01:15:00,Email,Refund Request,Need refund for Blender,I returned this last week and want my money back.,High,Resolved,Jordan,109,8.4,TRUE,5,Refund processed to original payment method.
TICK-001879,CUST-00533,2026-04-20 22:00:00,Email,Order Tracking,Where is my Mechanical Keyboard?,I ordered a Mechanical Keyboard and the tracking hasn't updated.,Medium,Pending,Jamie,289,,FALSE,,
TICK-001880,CUST-00078,2026-01-11 11:33:00,Chat,Order Tracking,Where is my Running Shoes?,I ordered a Running Shoes and the tracking hasn't updated.,Low,Resolved,Casey,5,36.8,FALSE,4,Provided updated tracking link.
TICK-001881,CUST-00267,2025-09-26 01:00:00,Email,Order Tracking,Where is my Electric Toothbrush?,I ordered a Electric Toothbrush and the tracking hasn't updated.,Medium,Pending,Chris,39,,FALSE,,
TICK-001882,CUST-00975,2025-07-14 11:09:00,Chat,General Inquiry,Help with my order,I have a few problems with my recent purchase.,Low,Resolved,Pat,5,47.8,FALSE,1,Addressed multiple queries.
TICK-001883,CUST-00260,2026-04-01 09:51:00,Phone,Product Damage,Mechanical Keyboard arrived broken,The box was smashed and the item is damaged.,High,Resolved,Jordan,7,8.9,TRUE,4,Sent overnight replacement.
TICK-001884,CUST-00321,2025-10-13 05:10:00,Chat,Delivery Delay,Package is late,My Gaming Mouse was supposed to be here 2 days ago.,Medium,Resolved,Casey,1,47.9,FALSE,4,"Escalated to carrier, offered $10 credit."
TICK-001885,CUST-00039,2026-05-02 14:19:00,Email,Account Issue,Can't log in,Password reset not sending.,Medium,Resolved,Taylor,297,42.0,FALSE,3,Sent manual reset link via SMS.
TICK-001886,CUST-00287,2025-06-02 17:43:00,Email,Payment Issue,Charged twice!,My card was declined but I see a charge.,High,Resolved,Morgan,234,11.7,FALSE,3,Voided duplicate authorization hold.
TICK-001887,CUST-00911,2025-12-02 22:14:00,Social Media,Wrong Product,Got the wrong item,"I didn't order this, I ordered a Gaming Mouse.",Medium,Resolved,Morgan,210,19.9,FALSE,5,Issued return label and shipped correct item.
TICK-001888,CUST-00964,2026-01-21 20:41:00,Chat,Refund Request & Product Damage,Need refund for Electric Toothbrush,I returned this last week and want my money back.,High,Escalated,Pat,9,,TRUE,,
TICK-001889,CUST-00635,2026-05-12 21:07:00,Chat,General Inquiry,Help with my order,I have a few problems with my recent purchase.,Low,Resolved,Taylor,13,58.2,FALSE,1,Addressed multiple queries.
TICK-001890,CUST-00265,2025-10-31 03:48:00,Email,Delivery Delay,Package is late,My Gaming Mouse was supposed to be here 2 days ago.,Low,Resolved,Riley,135,17.7,FALSE,5,"Escalated to carrier, offered $10 credit."
TICK-001891,CUST-00867,2026-01-02 11:17:00,Chat,Order Tracking,Where is my Wireless Earbuds?,I ordered a Wireless Earbuds and the tracking hasn't updated.,Low,Resolved,Jamie,1,49.2,FALSE,2,Provided updated tracking link.
TICK-001892,CUST-00228,2025-06-21 00:56:00,Email,Refund Request,Need refund for Mechanical Keyboard,I returned this last week and want my money back.,High,Resolved,Morgan,292,15.0,FALSE,5,Refund processed to original payment method.
TICK-001893,CUST-00119,2026-02-11 15:12:00,Email,Payment Issue,Charged twice!,My card was declined but I see a charge.,High,Escalated,Sam,284,,TRUE,,
TICK-001894,CUST-00057,2025-06-01 15:53:00,Email,Account Issue,Can't log in,Password reset not sending.,Low,Resolved,Pat,61,62.7,FALSE,1,Sent manual reset link via SMS.
TICK-001895,CUST-00993,2026-03-31 14:03:00,Email,Delivery Delay,Package is late,My Blender was supposed to be here 2 days ago.,Medium,Resolved,Alex,82,19.8,FALSE,4,"Escalated to carrier, offered $10 credit."
TICK-001896,CUST-00057,2025-06-23 18:04:00,Email,Product Damage,Blender arrived broken,The box was smashed and the item is damaged.,Critical,Resolved,Alex,111,2.2,TRUE,2,Sent overnight replacement.
TICK-001897,CUST-00397,2025-11-11 03:05:00,Phone,Wrong Product,Got the wrong item,"I didn't order this, I ordered a Smart TV.",Medium,Resolved,Morgan,10,13.7,FALSE,5,Issued return label and shipped correct item.
TICK-001898,CUST-00099,2026-03-23 00:22:00,Email,Refund Request,Need refund for Running Shoes,I returned this last week and want my money back.,Medium,Resolved,Riley,260,43.5,FALSE,5,Refund processed to original payment method.
TICK-001899,CUST-00770,2025-07-04 15:23:00,Social Media,Refund Request,Need refund for Running Shoes,I returned this last week and want my money back.,Medium,Resolved,Alex,104,37.4,FALSE,5,Refund processed to original payment method.
TICK-001900,CUST-00323,2026-03-23 07:00:00,Chat,Order Tracking,Where is my Blender?,I ordered a Blender and the tracking hasn't updated.,Low,Resolved,Chris,11,5.6,FALSE,3,Provided updated tracking link.
TICK-001901,CUST-00752,2025-07-03 00:53:00,Email,Delivery Delay,Package is late,My Wireless Earbuds was supposed to be here 2 days ago.,Medium,Open,Morgan,227,,FALSE,,
TICK-001902,CUST-00280,2025-05-24 03:01:00,Email,Delivery Delay,Package is late,My Smart TV was supposed to be here 2 days ago.,Medium,Open,Pat,279,,FALSE,,
TICK-001903,CUST-00514,2025-08-06 08:55:00,Chat,Account Issue,Can't log in,Password reset not sending.,Low,Resolved,Casey,11,36.7,FALSE,5,Sent manual reset link via SMS.
TICK-001904,CUST-00015,2025-07-11 06:09:00,Chat,Wrong Product & Product Damage,Yoga Mat arrived broken,The box was smashed and the item is damaged.,Medium,Resolved,Alex,7,44.1,FALSE,1,Sent overnight replacement.
TICK-001905,CUST-00315,2026-01-17 02:27:00,Social Media,Account Issue,Can't log in,Password reset not sending.,Low,Resolved,Jamie,264,36.2,FALSE,4,Sent manual reset link via SMS.
TICK-001906,CUST-00853,2025-12-29 18:09:00,Phone,Refund Request,Need refund for Coffee Machine,I returned this last week and want my money back.,Medium,Open,Taylor,10,,FALSE,,
TICK-001907,CUST-00840,2025-06-15 15:48:00,Phone,Order Tracking,Where is my Blender?,I ordered a Blender and the tracking hasn't updated.,Medium,Pending,Riley,12,,FALSE,,
TICK-001908,CUST-00637,2026-05-14 14:16:00,Chat,Account Issue,Can't log in,Password reset not sending.,Low,Open,Pat,2,,FALSE,,
TICK-001909,CUST-00785,2026-03-01 12:43:00,Chat,Refund Request,Need refund for Coffee Machine,I returned this last week and want my money back.,High,Resolved,Alex,7,6.3,FALSE,4,Refund processed to original payment method.
TICK-001910,CUST-00660,2026-04-29 23:39:00,Email,Product Damage,Blender arrived broken,The box was smashed and the item is damaged.,High,Pending,Riley,115,,FALSE,,
TICK-001911,CUST-00495,2026-02-08 01:01:00,Email,Product Damage,Gaming Mouse arrived broken,The box was smashed and the item is damaged.,High,Resolved,Jordan,118,12.7,TRUE,5,Sent overnight replacement.
TICK-001912,CUST-00497,2025-12-02 11:42:00,Chat,Wrong Product,Got the wrong item,"I didn't order this, I ordered a Coffee Machine.",Medium,Pending,Jamie,8,,FALSE,,
TICK-001913,CUST-00908,2025-07-30 16:22:00,Chat,Account Issue,AGAIN: Can't log in,Password reset not sending.,Critical,Escalated,Casey,7,,TRUE,,
TICK-001914,CUST-00202,2025-06-30 06:10:00,Email,Wrong Product,Got the wrong item,"I didn't order this, I ordered a Gaming Mouse.",Low,Resolved,Taylor,274,18.7,FALSE,4,Issued return label and shipped correct item.
TICK-001915,CUST-00054,2025-11-20 12:40:00,Phone,Wrong Product,Got the wrong item,"I didn't order this, I ordered a Wireless Earbuds.",Medium,Resolved,Chris,6,55.5,FALSE,5,Issued return label and shipped correct item.
TICK-001916,CUST-00122,2025-06-25 05:15:00,Email,Order Tracking,Where is my Blender?,I ordered a Blender and the tracking hasn't updated.,Low,Resolved,Jordan,295,54.7,FALSE,2,Provided updated tracking link.
TICK-001917,CUST-00626,2025-10-10 19:08:00,Phone,Refund Request,Need refund for Electric Toothbrush,I returned this last week and want my money back.,Medium,Open,Casey,12,,FALSE,,
TICK-001918,CUST-00192,2025-09-23 01:17:00,Phone,Account Issue,Can't log in,Password reset not sending.,Low,Resolved,Alex,9,3.0,FALSE,3,Sent manual reset link via SMS.
TICK-001919,CUST-00170,2025-06-09 01:19:00,Email,Order Tracking,Where is my Running Shoes?,I ordered a Running Shoes and the tracking hasn't updated.,Low,Resolved,Pat,224,62.2,FALSE,2,Provided updated tracking link.
TICK-001920,CUST-00765,2025-09-08 13:12:00,Phone,Product Damage,Gaming Mouse arrived broken,The box was smashed and the item is damaged.,High,Resolved,Chris,15,13.2,TRUE,3,Sent overnight replacement.
TICK-001921,CUST-00207,2025-06-26 13:50:00,Email,Delivery Delay,Package is late,My Wireless Earbuds was supposed to be here 2 days ago.,Medium,Open,Alex,123,,FALSE,,
TICK-001922,CUST-00082,2025-08-10 10:12:00,Email,Account Issue,Can't log in,Password reset not sending.,High,Resolved,Jamie,290,8.7,FALSE,2,Sent manual reset link via SMS.
TICK-001923,CUST-00817,2026-03-01 09:47:00,Email,Wrong Product,Got the wrong item,"I didn't order this, I ordered a Blender.",High,Escalated,Morgan,145,,TRUE,,
TICK-001924,CUST-00423,2026-04-20 05:34:00,Chat,Order Tracking,AGAIN: Where is my Yoga Mat?,I ordered a Yoga Mat and the tracking hasn't updated.,Critical,Resolved,Casey,1,1.4,TRUE,2,Provided updated tracking link.
TICK-001925,CUST-00261,2026-03-19 08:50:00,Social Media,Product Damage,Blender arrived broken,The box was smashed and the item is damaged.,Medium,Open,Casey,173,,FALSE,,
TICK-001926,CUST-00783,2026-01-31 20:48:00,Chat,Delivery Delay,Package is late,My Laptop Stand was supposed to be here 2 days ago.,High,Pending,Alex,8,,FALSE,,
TICK-001927,CUST-00387,2026-02-20 00:33:00,Chat,Delivery Delay,Package is late,My Smart TV was supposed to be here 2 days ago.,Medium,Resolved,Riley,9,27.6,FALSE,5,"Escalated to carrier, offered $10 credit."
TICK-001928,CUST-00738,2025-12-25 00:58:00,Chat,Product Damage,Wireless Earbuds arrived broken,The box was smashed and the item is damaged.,Critical,Resolved,Morgan,7,1.1,FALSE,4,Sent overnight replacement.
TICK-001929,CUST-00623,2025-06-26 18:48:00,Phone,Order Tracking,Where is my Running Shoes?,I ordered a Running Shoes and the tracking hasn't updated.,High,Resolved,Riley,5,2.9,FALSE,2,Provided updated tracking link.
TICK-001930,CUST-00453,2026-01-05 14:45:00,Chat,Account Issue,Can't log in,Password reset not sending.,Low,Resolved,Pat,5,4.3,FALSE,4,Sent manual reset link via SMS.
TICK-001931,CUST-00932,2026-03-10 03:06:00,Email,Product Damage,Blender arrived broken,The box was smashed and the item is damaged.,High,Resolved,Morgan,127,13.3,FALSE,5,Sent overnight replacement.
TICK-001932,CUST-00275,2025-12-08 00:57:00,Phone,Account Issue,Can't log in,Password reset not sending.,Low,Open,Riley,12,,FALSE,,
TICK-001933,CUST-00576,2025-11-03 11:54:00,Email,Order Tracking,Where is my Gaming Mouse?,I ordered a Gaming Mouse and the tracking hasn't updated.,High,Resolved,Casey,154,13.5,FALSE,3,Provided updated tracking link.
TICK-001934,CUST-00698,2025-10-04 14:14:00,Phone,Delivery Delay,Package is late,My Mechanical Keyboard was supposed to be here 2 days ago.,Medium,Resolved,Casey,7,25.0,FALSE,4,"Escalated to carrier, offered $10 credit."
TICK-001935,CUST-00298,2025-06-30 15:57:00,Chat,Payment Issue,Charged twice!,My card was declined but I see a charge.,Medium,Resolved,Morgan,4,69.5,FALSE,1,Voided duplicate authorization hold.
TICK-001936,CUST-00677,2025-07-14 18:59:00,Chat,Account Issue,Can't log in,Password reset not sending.,Medium,Resolved,Pat,13,56.7,FALSE,1,Sent manual reset link via SMS.
TICK-001937,CUST-00065,2025-06-27 21:09:00,Email,Unknown Issue,Question,Does it work?,Low,Open,Taylor,81,,FALSE,,
TICK-001938,CUST-00541,2026-01-21 19:59:00,Email,Account Issue,Can't log in,Password reset not sending.,Low,Resolved,Sam,68,3.7,FALSE,4,Sent manual reset link via SMS.
TICK-001939,CUST-00911,2025-09-15 07:18:00,Chat,Wrong Product,Got the wrong item,"I didn't order this, I ordered a Running Shoes.",High,Pending,Riley,13,,FALSE,,
TICK-001940,CUST-00135,2026-02-07 06:39:00,Chat,Delivery Delay & Wrong Product,AGAIN: Package is late,My Gaming Mouse was supposed to be here 2 days ago.,Critical,Resolved,Jordan,2,3.0,TRUE,5,"Escalated to carrier, offered $10 credit."
TICK-001941,CUST-00080,2025-07-17 13:02:00,Email,Order Tracking,Where is my Yoga Mat?,I ordered a Yoga Mat and the tracking hasn't updated.,High,Resolved,Pat,210,13.6,FALSE,5,Provided updated tracking link.
TICK-001942,CUST-00738,2025-08-04 03:40:00,Social Media,Refund Request,Need refund for Running Shoes,I returned this last week and want my money back.,High,Resolved,Jamie,61,15.1,TRUE,5,Refund processed to original payment method.
TICK-001943,CUST-00142,2025-09-11 03:50:00,Chat,Payment Issue,Charged twice!,My card was declined but I see a charge.,High,Pending,Sam,13,,FALSE,,
TICK-001944,CUST-00701,2025-10-03 09:29:00,Chat,Wrong Product,Got the wrong item,"I didn't order this, I ordered a Coffee Machine.",Critical,Resolved,Pat,8,2.6,TRUE,2,Issued return label and shipped correct item.
TICK-001945,CUST-00887,2026-02-16 18:21:00,Email,Order Tracking,Where is my Wireless Earbuds?,I ordered a Wireless Earbuds and the tracking hasn't updated.,High,Escalated,Sam,284,,TRUE,,
TICK-001946,CUST-00490,2026-01-11 23:05:00,Chat,Account Issue,Can't log in,Password reset not sending.,Low,Resolved,Morgan,9,64.5,FALSE,5,Sent manual reset link via SMS.
TICK-001947,CUST-00640,2025-10-25 05:49:00,Chat,Payment Issue,Charged twice!,My card was declined but I see a charge.,High,Resolved,Casey,2,7.7,FALSE,3,Voided duplicate authorization hold.
TICK-001948,CUST-00054,2025-07-06 18:29:00,Phone,General Inquiry,Help with my order,I have a few problems with my recent purchase.,Medium,Resolved,Taylor,11,32.5,FALSE,3,Addressed multiple queries.
TICK-001949,CUST-00351,2025-11-04 13:00:00,Chat,Delivery Delay,Package is late,My Yoga Mat was supposed to be here 2 days ago.,High,Pending,Casey,13,,FALSE,,
TICK-001950,CUST-00575,2025-10-09 13:02:00,Chat,Order Tracking,Where is my Coffee Machine?,I ordered a Coffee Machine and the tracking hasn't updated.,Medium,Resolved,Chris,8,42.9,FALSE,2,Provided updated tracking link.
TICK-001951,CUST-00847,2025-12-02 20:04:00,Email,Refund Request,Need refund for Yoga Mat,I returned this last week and want my money back.,Critical,Resolved,Morgan,191,1.4,TRUE,3,Refund processed to original payment method.
TICK-001952,CUST-00503,2025-08-26 08:45:00,Chat,Unknown Issue,Question,Does it work?,Low,Resolved,Jamie,14,37.4,FALSE,5,Clarified user question and provided specs.
TICK-001953,CUST-00245,2025-06-27 16:39:00,Chat,General Inquiry,Help with my order,I have a few problems with my recent purchase.,Low,Resolved,Jamie,5,18.2,FALSE,4,Addressed multiple queries.
TICK-001954,CUST-00655,2025-07-30 12:50:00,Email,Wrong Product,Got the wrong item,"I didn't order this, I ordered a Blender.",Critical,Resolved,Morgan,180,1.1,TRUE,3,Issued return label and shipped correct item.
TICK-001955,CUST-00961,2025-11-22 03:21:00,Phone,Order Tracking,Where is my Yoga Mat?,I ordered a Yoga Mat and the tracking hasn't updated.,High,Open,Sam,9,,TRUE,,
TICK-001956,CUST-00820,2026-01-25 02:13:00,Phone,Wrong Product,Got the wrong item,"I didn't order this, I ordered a Laptop Stand.",High,Resolved,Taylor,8,4.4,TRUE,3,Issued return label and shipped correct item.
TICK-001957,CUST-00117,2025-10-21 17:49:00,Email,Product Damage,Smart TV arrived broken,The box was smashed and the item is damaged.,High,Resolved,Alex,280,23.6,FALSE,4,Sent overnight replacement.
TICK-001958,CUST-00772,2025-06-03 08:54:00,Chat,General Inquiry,Help with my order,I have a few problems with my recent purchase.,Medium,Resolved,Riley,10,18.1,FALSE,3,Addressed multiple queries.
TICK-001959,CUST-00941,2025-07-25 04:42:00,Social Media,Wrong Product,AGAIN: Got the wrong item,"I didn't order this, I ordered a Smart TV.",High,Escalated,Jamie,127,,TRUE,,
TICK-001960,CUST-00832,2026-03-06 04:13:00,Chat,Refund Request,Need refund for Electric Toothbrush,I returned this last week and want my money back.,Medium,Resolved,Jamie,1,23.4,FALSE,5,Refund processed to original payment method.
TICK-001961,CUST-00668,2025-11-16 18:23:00,Social Media,Product Damage,Yoga Mat arrived broken,The box was smashed and the item is damaged.,High,Resolved,Pat,37,14.8,TRUE,3,Sent overnight replacement.
TICK-001962,CUST-00874,2026-04-03 08:36:00,Email,Wrong Product,Got the wrong item,"I didn't order this, I ordered a Blender.",Medium,Resolved,Riley,146,23.4,FALSE,5,Issued return label and shipped correct item.
TICK-001963,CUST-00096,2025-06-12 22:30:00,Chat,Product Damage,Laptop Stand arrived broken,The box was smashed and the item is damaged.,Critical,Escalated,Jamie,3,,TRUE,,
TICK-001964,CUST-00279,2025-06-10 21:40:00,Chat,Product Damage,Running Shoes arrived broken,The box was smashed and the item is damaged.,High,Pending,Jamie,14,,TRUE,,
TICK-001965,CUST-00320,2025-05-29 14:13:00,Chat,Order Tracking,Where is my Smart TV?,I ordered a Smart TV and the tracking hasn't updated.,Medium,Resolved,Alex,12,48.8,FALSE,3,Provided updated tracking link.
TICK-001966,CUST-00433,2025-08-18 01:49:00,Social Media,General Inquiry,Help with my order,I have a few problems with my recent purchase.,Low,Resolved,Jordan,189,68.9,FALSE,1,Addressed multiple queries.
TICK-001967,CUST-00629,2026-05-03 01:54:00,Phone,Order Tracking,Where is my Smart TV?,I ordered a Smart TV and the tracking hasn't updated.,Low,Open,Jamie,15,,FALSE,,
TICK-001968,CUST-00870,2026-05-03 23:15:00,Phone,Product Damage,Coffee Machine arrived broken,The box was smashed and the item is damaged.,Critical,Resolved,Pat,12,3.7,FALSE,3,Sent overnight replacement.
TICK-001969,CUST-00425,2026-04-09 09:14:00,Email,Refund Request,Need refund for Blender,I returned this last week and want my money back.,Critical,Resolved,Casey,198,1.9,TRUE,3,Refund processed to original payment method.
TICK-001970,CUST-00871,2026-01-27 01:18:00,Chat,Order Tracking,Where is my Coffee Machine?,I ordered a Coffee Machine and the tracking hasn't updated.,Low,Resolved,Jamie,3,68.2,FALSE,5,Provided updated tracking link.
TICK-001971,CUST-00533,2026-01-28 14:19:00,Phone,Refund Request,Need refund for Mechanical Keyboard,I returned this last week and want my money back.,High,Resolved,Chris,2,5.2,FALSE,5,Refund processed to original payment method.
TICK-001972,CUST-00403,2025-11-19 21:55:00,Email,Refund Request,Need refund for Running Shoes,I returned this last week and want my money back.,Medium,Resolved,Casey,190,41.2,FALSE,4,Refund processed to original payment method.
TICK-001973,CUST-00653,2025-09-20 21:51:00,Chat,Account Issue,Can't log in,Password reset not sending.,Low,Open,Taylor,12,,FALSE,,
TICK-001974,CUST-00499,2026-01-08 19:01:00,Social Media,Product Damage & Refund Request,Need refund for Electric Toothbrush,I returned this last week and want my money back.,High,Resolved,Jordan,110,15.8,TRUE,4,Refund processed to original payment method.
TICK-001975,CUST-00941,2025-08-01 17:41:00,Phone,Payment Issue,Charged twice!,My card was declined but I see a charge.,Medium,Resolved,Alex,1,15.9,FALSE,3,Voided duplicate authorization hold.
TICK-001976,CUST-00666,2025-12-31 16:16:00,Phone,Wrong Product,AGAIN: Got the wrong item,"I didn't order this, I ordered a Gaming Mouse.",Critical,Resolved,Taylor,2,2.6,TRUE,2,Issued return label and shipped correct item.
TICK-001977,CUST-00760,2025-10-25 17:20:00,Phone,Refund Request,Need refund for Yoga Mat,I returned this last week and want my money back.,Medium,Pending,Chris,1,,FALSE,,
TICK-001978,CUST-00108,2026-04-04 14:25:00,Email,Delivery Delay,Package is late,My Yoga Mat was supposed to be here 2 days ago.,Medium,Resolved,Taylor,200,43.3,FALSE,5,"Escalated to carrier, offered $10 credit."
TICK-001979,CUST-00172,2025-12-05 10:21:00,Chat,Account Issue,Can't log in,Password reset not sending.,Medium,Pending,Morgan,3,,FALSE,,
TICK-001980,CUST-00807,2025-10-04 00:02:00,Email,Product Damage,Electric Toothbrush arrived broken,The box was smashed and the item is damaged.,High,Resolved,Morgan,223,23.1,TRUE,4,Sent overnight replacement.
TICK-001981,CUST-00916,2025-08-22 16:29:00,Email,Refund Request,AGAIN: Need refund for Gaming Mouse,I returned this last week and want my money back.,High,Resolved,Alex,133,10.6,FALSE,1,Refund processed to original payment method.
TICK-001982,CUST-00118,2026-02-28 20:58:00,Email,Order Tracking,Where is my Mechanical Keyboard?,I ordered a Mechanical Keyboard and the tracking hasn't updated.,Low,Resolved,Sam,157,54.5,FALSE,2,Provided updated tracking link.
TICK-001983,CUST-00524,2025-12-08 21:48:00,Social Media,Product Damage,Mechanical Keyboard arrived broken,The box was smashed and the item is damaged.,Medium,Resolved,Jordan,62,66.3,FALSE,2,Sent overnight replacement.
TICK-001984,CUST-00655,2026-04-01 00:36:00,Chat,Delivery Delay,Package is late,My Blender was supposed to be here 2 days ago.,High,Resolved,Sam,9,20.9,FALSE,4,"Escalated to carrier, offered $10 credit."
TICK-001985,CUST-00460,2025-07-06 16:33:00,Phone,Order Tracking,AGAIN: Where is my Yoga Mat?,I ordered a Yoga Mat and the tracking hasn't updated.,High,Resolved,Casey,6,3.7,FALSE,3,Provided updated tracking link.
TICK-001986,CUST-00276,2025-06-04 19:01:00,Phone,Payment Issue & Refund Request,Need refund for Coffee Machine,I returned this last week and want my money back.,High,Pending,Sam,3,,FALSE,,
TICK-001987,CUST-00297,2025-11-19 15:18:00,Phone,Delivery Delay,Package is late,My Gaming Mouse was supposed to be here 2 days ago.,High,Resolved,Sam,1,15.0,FALSE,3,"Escalated to carrier, offered $10 credit."
TICK-001988,CUST-00933,2026-04-01 18:17:00,Chat,General Inquiry,Help with my order,I have a few problems with my recent purchase.,Low,Resolved,Chris,4,26.6,FALSE,5,Addressed multiple queries.
TICK-001989,CUST-00691,2025-09-30 23:17:00,Chat,Payment Issue,Charged twice!,My card was declined but I see a charge.,High,Resolved,Riley,3,16.7,FALSE,4,Voided duplicate authorization hold.
TICK-001990,CUST-00322,2025-07-28 13:50:00,Chat,General Inquiry,Help with my order,I have a few problems with my recent purchase.,Low,Resolved,Chris,8,50.9,FALSE,1,Addressed multiple queries.
TICK-001991,CUST-00909,2025-10-29 13:41:00,Phone,Order Tracking,Where is my Coffee Machine?,I ordered a Coffee Machine and the tracking hasn't updated.,Medium,Resolved,Morgan,6,33.8,FALSE,1,Provided updated tracking link.
TICK-001992,CUST-00037,2025-12-09 15:41:00,Email,Order Tracking,Where is my Yoga Mat?,I ordered a Yoga Mat and the tracking hasn't updated.,Medium,Open,Casey,256,,FALSE,,
TICK-001993,CUST-00333,2025-07-29 03:21:00,Social Media,Order Tracking,Where is my Running Shoes?,I ordered a Running Shoes and the tracking hasn't updated.,Medium,Resolved,Casey,298,58.9,FALSE,2,Provided updated tracking link.
TICK-001994,CUST-00069,2026-02-06 23:21:00,Social Media,Product Damage,Mechanical Keyboard arrived broken,The box was smashed and the item is damaged.,High,Pending,Alex,101,,FALSE,,
TICK-001995,CUST-00581,2026-02-21 19:30:00,Social Media,Payment Issue,Charged twice!,My card was declined but I see a charge.,Critical,Escalated,Sam,194,,TRUE,,
TICK-001996,CUST-00662,2025-12-18 00:20:00,Chat,Order Tracking,Where is my Running Shoes?,I ordered a Running Shoes and the tracking hasn't updated.,Low,Resolved,Jamie,6,49.3,FALSE,3,Provided updated tracking link.
TICK-001997,CUST-00984,2025-10-24 16:44:00,Phone,Wrong Product,Got the wrong item,"I didn't order this, I ordered a Electric Toothbrush.",Medium,Resolved,Riley,11,19.4,FALSE,1,Issued return label and shipped correct item.
TICK-001998,CUST-00534,2025-05-28 14:45:00,Social Media,Delivery Delay,AGAIN: Package is late,My Blender was supposed to be here 2 days ago.,Critical,Escalated,Jordan,103,,TRUE,,
TICK-001999,CUST-00246,2026-03-24 19:49:00,Social Media,General Inquiry,AGAIN: Help with my order,I have a few problems with my recent purchase.,Critical,Pending,Riley,169,,TRUE,,
TICK-002000,CUST-00344,2025-11-13 01:01:00,Email,Delivery Delay,Package is late,My Laptop Stand was supposed to be here 2 days ago.,Medium,Resolved,Pat,31,48.2,FALSE,3,"Escalated to carrier, offered $10 credit."
